hour,pv_kwh_per_kw,wind_kwh_per_kw,day_ahead_eur_per_mwh,co2_eur_per_t,section13k_kwh
1,0.0,0.281936717147334,0.1,66.6,0.0
2,0.0,0.631707874577961,0.01,66.6,0.0
3,0.0,0.796921272969016,0.0,66.6,0.0
4,0.0,0.731439878633913,-0.01,66.6,0.0
5,0.0,0.74102814324573,-0.03,66.6,0.0
6,0.0,0.757852642071598,-0.02,66.6,0.0
7,0.0,0.726850418797369,-0.05,66.6,0.0
8,0.0,0.700757116274274,-0.02,66.6,0.0
9,0.0039933585552214,0.751733607063231,0.0,66.6,0.0
10,0.0192101653323332,0.787239358984575,0.04,66.6,0.0
11,0.0334543572970965,0.809494615239193,0.06,66.6,0.0
12,0.0543619868018601,0.787515901176007,0.54,66.6,0.0
13,0.0421055762546145,0.690043106209388,2.24,66.6,0.0
14,0.0220323978695005,0.714883375752093,1.96,66.6,0.0
15,0.0030992503516863,0.691100200454029,1.04,66.6,0.0
16,0.0,0.610631484875329,3.66,66.6,0.0
17,0.0,0.554095199258804,43.06,66.6,0.0
18,0.0,0.648589447337461,49.93,66.6,0.0
19,0.0,0.696548144120666,58.0,66.6,0.0
20,0.0,0.530366801188038,54.25,66.6,0.0
21,0.0,0.684883375752093,48.01,66.6,0.0
22,0.0,0.767607347585412,42.95,66.6,0.0
23,0.0,0.822644383928055,47.09,66.6,0.0
24,0.0,0.824759853573253,35.55,66.6,0.0
25,0.0,0.616205059940911,30.59,66.6,0.0
26,0.0,0.42792763656419,20.07,66.6,0.0
27,0.0,0.642053896042009,31.03,66.6,0.0
28,0.0,0.671733607063231,18.39,66.6,0.0
29,0.0,0.732035881739935,11.08,66.6,0.0
30,0.0,0.593110162222462,13.78,66.6,0.0
31,0.0,0.416168484501919,47.63,66.6,0.0
32,0.0,0.444489654665986,58.1,66.6,0.0
33,0.0047830776551357,0.474489654665985,65.67,66.6,0.0
34,0.0225110667230658,0.468615914143805,64.73,66.6,0.0
35,0.0430829688203991,0.486456697711262,68.98,66.6,0.0
36,0.0993018376288929,0.586237135710346,73.54,66.6,0.0
37,0.115108290465938,0.535768420131647,78.16,66.6,0.0
38,0.0640514329146225,0.578295625165027,78.87,66.6,0.0
39,0.0091963805668478,0.581008754044625,79.24,66.6,0.0
40,0.0,0.61237896591969,79.96,66.6,0.0
41,0.0,0.579261273000264,83.46,66.6,0.0
42,0.0,0.627507448671738,80.92,66.6,0.0
43,0.0,0.722421884642846,74.95,66.6,0.0
44,0.0,0.736919070005796,63.18,66.6,0.0
45,0.0,0.727239358984575,57.11,66.6,0.0
46,0.0,0.709697912809528,46.89,66.6,0.0
47,0.0,0.751759339548502,40.0,66.6,0.0
48,0.0,0.768321357650297,7.43,66.6,0.0
49,0.0,0.745102937753009,-0.08,66.6,0.0
50,0.0,0.755128670238279,-1.23,66.6,0.0
51,0.0,0.766162141217754,-1.3,66.6,0.0
52,0.0,0.753113099506755,-1.31,66.6,0.0
53,0.0,0.829206402029851,-1.31,66.6,0.0
54,0.0,0.840485167495512,-1.38,66.6,0.0
55,0.0,0.826450354427097,1.09,66.6,0.0
56,0.0,0.844391864972416,40.59,66.6,0.0
57,0.0035249151104912,0.885276909351969,59.61,66.6,0.0
58,0.0167672615432093,0.862429415339811,60.61,66.6,0.0
59,0.0273556951059225,0.783469229603451,57.0,66.6,0.0
60,0.035320208577081,0.794785398572292,54.89,66.6,25000.0
61,0.0328665997096721,0.825942391730607,53.89,66.6,100000.0
62,0.0191688899750094,0.771127854673172,54.42,66.6,100000.0
63,0.0028911671638956,0.744540104086106,60.86,66.6,100000.0
64,0.0,0.691390335397244,67.18,66.6,100000.0
65,0.0,0.794785398572292,73.59,66.6,0.0
66,0.0,0.84862344484077,82.28,66.6,0.0
67,0.0,0.768666363563926,82.97,66.6,0.0
68,0.0,0.826944615004835,79.03,66.6,0.0
69,0.0,0.777221157196268,73.23,66.6,0.0
70,0.0,0.862429415339811,67.41,66.6,0.0
71,0.0,0.734860393064884,65.0,66.6,0.0
72,0.0,0.695504923857154,58.12,66.6,0.0
73,0.0,0.825942391730607,57.3,66.6,0.0
74,0.0,0.879035180228952,50.46,66.6,0.0
75,0.0,0.868000881185288,40.0,66.6,0.0
76,0.0,0.814940168456379,25.48,66.6,0.0
77,0.0,0.878426678040831,35.0,66.6,0.0
78,0.0,0.879403168829789,57.73,66.6,0.0
79,0.0,0.760288400695574,72.65,66.6,0.0
80,0.0,0.848518124450236,85.02,66.6,0.0
81,0.0060756449286481,0.842349827434548,91.47,66.6,0.0
82,0.0309978461988171,0.840485167495512,94.2,66.6,0.0
83,0.0915509728505098,0.881838927453765,91.61,66.6,0.0
84,0.121542172855615,0.878426678040831,90.03,66.6,0.0
85,0.0693525438185405,0.879403168829789,86.3,66.6,0.0
86,0.0163898707078899,0.874988696142627,85.96,66.6,0.0
87,0.0023855863545208,0.875965186931585,92.11,66.6,0.0
88,0.0,0.850485167495512,98.62,66.6,0.0
89,0.0,0.871550714244422,105.73,66.6,0.0
90,0.0,0.840068651208427,133.23,66.6,0.0
91,0.0,0.868991433441607,144.65,66.6,0.0
92,0.0,0.840068651208427,125.0,66.6,0.0
93,0.0,0.869311722420385,103.59,66.6,0.0
94,0.0,0.88068193429545,100.01,66.6,0.0
95,0.0,0.88068193429545,94.86,66.6,0.0
96,0.0,0.881470938852928,88.83,66.6,0.0
97,0.0,0.847632892584451,86.08,66.6,0.0
98,0.0,0.862429415339811,80.51,66.6,0.0
99,0.0,0.855867397238015,77.01,66.6,0.0
100,0.0,0.716975862710082,73.21,66.6,0.0
101,0.0,0.734540104086106,74.05,66.6,0.0
102,0.0,0.802818355527016,76.03,66.6,0.0
103,0.0,0.855867397238015,81.0,66.6,0.0
104,0.0,0.88068193429545,87.0,66.6,0.0
105,0.0059083900028722,0.855185462942565,89.57,66.6,0.0
106,0.0297328355645157,0.862429415339811,94.93,66.6,0.0
107,0.0375204502590237,0.885276909351969,96.28,66.6,0.0
108,0.0279289156672566,0.875553451543402,98.22,66.6,0.0
109,0.0739770810937454,0.847632892584451,92.24,66.6,0.0
110,0.0488589561754699,0.661698953358113,91.54,66.6,0.0
111,0.0079291022664185,0.883149768688862,96.41,66.6,0.0
112,0.0,0.801347416674088,100.05,66.6,0.0
113,0.0,0.734540104086106,102.97,66.6,0.0
114,0.0,0.817589145797105,107.38,66.6,0.0
115,0.0,0.874588631772354,108.45,66.6,0.0
116,0.0,0.881838927453765,103.96,66.6,0.0
117,0.0,0.822324094949277,100.09,66.6,0.0
118,0.0,0.759311909906616,94.19,66.6,0.0
119,0.0,0.799600123115959,94.92,66.6,0.0
120,0.0,0.774909108237364,86.8,66.6,0.0
121,0.0,0.647287886670823,82.25,66.6,0.0
122,0.0,0.694095199258804,80.2,66.6,0.0
123,0.0,0.63028629147547,76.13,66.6,0.0
124,0.0,0.656874042062536,73.01,66.6,0.0
125,0.0,0.639352719409668,73.01,66.6,0.0
126,0.0,0.546511568681675,74.59,66.6,0.0
127,0.0,0.362950064604631,75.1,66.6,0.0
128,0.0004313882803069,0.53478347683842,81.39,66.6,0.0
129,0.0942004596884953,0.648215115452459,88.4,66.6,0.0
130,0.259491347706877,0.54997528306515,92.23,66.6,0.0
131,0.36444928050057,0.277453593251746,97.3,66.6,0.0
132,0.405293431750484,0.155683317006407,100.43,66.6,0.0
133,0.364263103471418,0.221179788359292,99.16,66.6,0.0
134,0.241229847643657,0.279118361620319,95.22,66.6,0.0
135,0.0623600116770779,0.504050077572428,92.55,66.6,0.0
136,0.0,0.440226092771312,95.09,66.6,0.0
137,0.0,0.495791215332624,99.85,66.6,0.0
138,0.0,0.538940984021486,104.27,66.6,0.0
139,0.0,0.589943207295714,103.63,66.6,0.0
140,0.0,0.54582329110206,99.0,66.6,0.0
141,0.0,0.489923818094609,92.14,66.6,0.0
142,0.0,0.583067243499305,88.0,66.6,0.0
143,0.0,0.617950431765167,86.57,66.6,0.0
144,0.0,0.763481088107592,79.87,66.6,0.0
145,0.0,0.808518124450236,84.08,66.6,0.0
146,0.0,0.765448131152868,79.82,66.6,0.0
147,0.0,0.725448131152868,76.76,66.6,0.0
148,0.0,0.75033131941873,73.46,66.6,0.0
149,0.0,0.811321871675049,71.86,66.6,0.0
150,0.0,0.810953883074212,72.08,66.6,0.0
151,0.0,0.786919070005796,74.9,66.6,0.0
152,0.0,0.808518124450236,77.69,66.6,0.0
153,0.0047460823599456,0.786450354427097,81.79,66.6,0.0
154,0.0220105838248015,0.844366132487145,84.86,66.6,0.0
155,0.0346665746856,0.716237135710346,87.15,66.6,0.0
156,0.0680583656077204,0.765080142552031,89.14,66.6,0.0
157,0.0399188262185988,0.885276909351969,88.66,66.6,0.0
158,0.0235090006411935,0.772324094949277,84.81,66.6,0.0
159,0.0039719285425689,0.747607347585412,84.34,66.6,0.0
160,0.0,0.72100241076046,88.01,66.6,0.0
161,0.0,0.761290623969802,93.42,66.6,0.0
162,0.0,0.755171588961436,101.77,66.6,0.0
163,0.0,0.784483311381821,104.85,66.6,0.0
164,0.0,0.818197835471458,103.55,66.6,0.0
165,0.0,0.76859789984173,100.5,66.6,0.0
166,0.0,0.76272415931955,93.31,66.6,0.0
167,0.0,0.761045329483616,91.17,66.6,0.0
168,0.0,0.824759853573253,83.86,66.6,0.0
169,0.0,0.840164878516734,87.02,66.6,0.0
170,0.0,0.782035881739935,84.32,66.6,0.0
171,0.0,0.725171588961436,81.82,66.6,0.0
172,0.0,0.756450354427097,79.11,66.6,0.0
173,0.0,0.694883375752093,78.48,66.6,0.0
174,0.0,0.684883375752093,82.1,66.6,0.0
175,0.0,0.604889719036258,94.3,66.6,0.0
176,0.0,0.626259930911324,111.1,66.6,0.0
177,0.0054304897052598,0.604512449866963,121.11,66.6,0.0
178,0.0254825659645161,0.625477269638011,117.83,66.6,0.0
179,0.0841544356441197,0.584169365687207,110.6,66.6,0.0
180,0.142796613523888,0.591733607063231,103.0,66.6,0.0
181,0.0716391626320157,0.68445757889655,95.5,66.6,0.0
182,0.0308168749143624,0.731642160653827,92.6,66.6,0.0
183,0.0065896987892061,0.533732725877943,100.0,66.6,0.0
184,0.0,0.535891942310487,107.98,66.6,0.0
185,0.0,0.397108399851886,116.87,66.6,0.0
186,0.0,0.321893798424178,129.13,66.6,0.0
187,0.0,0.242182011633521,130.01,66.6,0.0
188,0.0,0.244643502742767,122.12,66.6,0.0
189,0.0,0.22630827111134,114.21,66.6,0.0
190,0.0,0.085182525658272,102.83,66.6,0.0
191,0.0,0.0280329569547236,99.98,66.6,0.0
192,0.0,0.0265620181017956,91.49,66.6,0.0
193,0.0,0.0065620181017956,88.16,66.6,0.0
194,0.0,0.0,87.04,66.6,0.0
195,0.0,0.025585527312838,85.0,66.6,0.0
196,0.0,0.0511569931583149,84.14,66.6,0.0
197,0.0,0.0541262594778196,85.72,66.6,0.0
198,0.0,0.113838046268477,89.28,66.6,0.0
199,0.0,0.193897416908446,108.51,66.6,0.0
200,0.0,0.26677698669004,124.06,66.6,0.0
201,0.0062381839436712,0.219057975429929,133.24,66.6,0.0
202,0.0252264147300518,0.237402128281204,120.91,66.6,0.0
203,0.0421468944285133,0.350563567987976,113.19,66.6,0.0
204,0.0421107420626094,0.376430965225991,105.78,66.6,0.0
205,0.0400538815107966,0.41380137708637,100.22,66.6,0.0
206,0.0249944245177209,0.571733607063231,100.82,66.6,0.0
207,0.0053627567998193,0.562421884642847,110.89,66.6,0.0
208,0.0,0.645171588961435,119.4,66.6,0.0
209,0.0,0.726630856796454,127.85,66.6,0.0
210,0.0,0.766450354427097,137.84,66.6,0.0
211,0.0,0.780677340882779,137.8,66.6,0.0
212,0.0,0.767239358984574,130.43,66.6,0.0
213,0.0,0.767164364491983,120.24,66.6,0.0
214,0.0,0.805794152616917,111.68,66.6,0.0
215,0.0,0.837072918082578,106.18,66.6,0.0
216,0.0,0.797164364491983,97.09,66.6,0.0
217,0.0,0.787878374556869,89.29,66.6,0.0
218,0.0,0.766279320112429,86.76,66.6,0.0
219,0.0,0.758592384621754,86.73,66.6,0.0
220,0.0,0.695842680303165,86.09,66.6,0.0
221,0.0,0.664095199258804,86.3,66.6,0.0
222,0.0,0.593092975984576,89.05,66.6,0.0
223,0.0,0.494075810057699,108.88,66.6,0.0
224,0.0,0.507193502977125,126.29,66.6,0.0
225,0.0117244623907172,0.483387532478084,141.28,66.6,0.0
226,0.0516443245763744,0.515446021932764,130.39,66.6,0.0
227,0.073004566743898,0.34879807264154,118.56,66.6,0.0
228,0.0815748394060817,0.424734121087983,109.13,66.6,0.0
229,0.0781908950353185,0.425083548551903,102.21,66.6,0.0
230,0.0271086881026398,0.36745892098549,105.61,66.6,0.0
231,0.0059233091832317,0.451978901549417,112.91,66.6,0.0
232,0.0,0.429894679609466,123.8,66.6,0.0
233,0.0,0.473455355622321,134.64,66.6,0.0
234,0.0,0.625132076238151,143.79,66.6,0.0
235,0.0,0.616185764482921,140.0,66.6,0.0
236,0.0,0.680357145647117,132.15,66.6,0.0
237,0.0,0.707926902243117,120.0,66.6,0.0
238,0.0,0.714094371194615,109.76,66.6,0.0
239,0.0,0.751045329483616,104.49,66.6,0.0
240,0.0,0.769206402029851,96.03,66.6,0.0
241,0.0,0.777239358984575,91.75,66.6,0.0
242,0.0,0.714414660173393,88.59,66.6,0.0
243,0.0,0.645791215332624,87.25,66.6,0.0
244,0.0,0.758164478546107,82.38,66.6,0.0
245,0.0,0.805080142552031,81.95,66.6,0.0
246,0.0,0.759920412094737,89.36,66.6,0.0
247,0.0,0.777138632006712,102.07,66.6,0.0
248,0.0,0.802644383928055,116.86,66.6,0.0
249,0.0054386871214471,0.774759853573253,141.0,66.6,0.0
250,0.021940283563595,0.791642160653827,129.16,66.6,0.0
251,0.0328366017684476,0.718886113051073,113.65,66.6,0.0
252,0.0901802746567427,0.622021820272574,106.48,66.6,0.0
253,0.0537282809306839,0.48445757889655,99.38,66.6,0.0
254,0.0334661350624838,0.409206402029851,99.0,66.6,0.0
255,0.0084615533874784,0.317558819899164,105.98,66.6,0.0
256,0.0,0.393087367021484,117.96,66.6,0.0
257,0.0,0.523830515571513,137.35,66.6,0.0
258,0.0,0.459342438914642,150.09,66.6,0.0
259,0.0,0.53442440945743,136.69,66.6,0.0
260,0.0,0.635171588961436,132.31,66.6,0.0
261,0.0,0.713113099506755,117.88,66.6,0.0
262,0.0,0.778172102986187,107.19,66.6,0.0
263,0.0,0.790953883074212,100.0,66.6,0.0
264,0.0,0.851242096283554,97.22,66.6,0.0
265,0.0,0.874988696142627,91.04,66.6,0.0
266,0.0,0.875965186931585,88.22,66.6,0.0
267,0.0,0.883149768688862,85.22,66.6,0.0
268,0.0,0.88068193429545,84.63,66.6,0.0
269,0.0,0.875565122561312,84.34,66.6,0.0
270,0.0,0.833506633106631,85.32,66.6,0.0
271,0.0,0.768666363563926,92.11,66.6,0.0
272,0.0,0.816932943986926,118.16,66.6,0.0
273,0.0050584706844864,0.775228381665721,140.74,66.6,0.0
274,0.0199131746526658,0.801816132252788,134.96,66.6,0.0
275,0.0367986284932826,0.67382609402122,122.01,66.6,0.0
276,0.0391272918732192,0.690265418008365,114.73,66.6,0.0
277,0.0342269869600617,0.665825212835932,106.98,66.6,0.0
278,0.0216657690245196,0.88068193429545,103.08,66.6,0.0
279,0.0051490743078587,0.881838927453765,104.54,66.6,0.0
280,0.0,0.882841150727993,110.0,66.6,0.0
281,0.0,0.862552937518651,120.0,66.6,0.0
282,0.0,0.812644383928055,127.5,66.6,0.0
283,0.0,0.76274989180482,126.0,66.6,0.0
284,0.0,0.763726382593778,119.47,66.6,0.0
285,0.0,0.793358393992941,108.79,66.6,0.0
286,0.0,0.840953883074212,98.48,66.6,0.0
287,0.0,0.830164878516734,93.37,66.6,0.0
288,0.0,0.815473863638139,85.38,66.6,0.0
289,0.0,0.815794152616917,90.0,66.6,0.0
290,0.0,0.831667893139098,85.0,66.6,0.0
291,0.0,0.856358908017692,82.0,66.6,0.0
292,0.0,0.825105875037302,78.47,66.6,0.0
293,0.0,0.870239873009326,75.0,66.6,0.0
294,0.0,0.807239358984574,74.92,66.6,0.0
295,0.0,0.850485167495512,78.1,66.6,0.0
296,4.77940407653996e-06,0.833634936184374,82.22,66.6,0.0
297,0.0255417345444493,0.821667893139098,85.26,66.6,0.0
298,0.127755549033696,0.856358908017692,75.11,66.6,0.0
299,0.125938922997158,0.879403168829789,74.21,66.6,0.0
300,0.127776897657623,0.88068193429545,72.72,66.6,110295.0
301,0.256249435286185,0.863209139328831,70.35,66.6,147060.0
302,0.140494917664676,0.828197835471457,63.67,66.6,147060.0
303,0.0329801445579724,0.872552937518651,67.91,66.6,147060.0
304,4.17101276924922e-05,0.859796889915897,68.61,66.6,147060.0
305,0.0,0.853923149393716,70.78,66.6,147060.0
306,0.0,0.84607069480835,74.22,66.6,147060.0
307,0.0,0.854391864972416,75.81,66.6,147060.0
308,0.0,0.849508676706554,73.82,66.6,147060.0
309,0.0,0.832324094949277,73.06,66.6,147060.0
310,0.0,0.802035881739935,70.93,66.6,147060.0
311,0.0,0.777164364491983,64.3,66.6,147060.0
312,0.0,0.719035367715183,63.16,66.6,147060.0
313,0.0,0.714852128046846,64.02,66.6,93750.0
314,0.0,0.6706572173606,62.11,66.6,93750.0
315,0.0,0.642790701307873,62.93,66.6,0.0
316,0.0,0.569661337370537,64.01,66.6,0.0
317,0.0,0.536191279702897,64.67,66.6,0.0
318,0.0,0.548227802020789,65.2,66.6,0.0
319,0.0,0.491640051433723,67.31,66.6,0.0
320,0.0062508902748029,0.468202069535518,71.66,66.6,0.0
321,0.114933985863548,0.440269839558657,76.74,66.6,0.0
322,0.293119065054512,0.384421003457559,81.14,66.6,0.0
323,0.403348589360175,0.411985244833582,80.63,66.6,0.0
324,0.420390723210377,0.419235540514993,81.84,66.6,0.0
325,0.275151370453045,0.505078033331927,80.39,66.6,0.0
326,0.123592753033888,0.490194845066065,77.04,66.6,0.0
327,0.031112237881192,0.34052064926482,79.15,66.6,0.0
328,0.0001880050713941,0.308830148410976,82.32,66.6,0.0
329,0.0,0.360200360286042,86.62,66.6,0.0
330,0.0,0.45535457552336,91.86,66.6,0.0
331,0.0,0.384640565458474,96.97,66.6,0.0
332,0.0,0.338823805126811,88.91,66.6,0.0
333,0.0,0.340146317379817,81.0,66.6,0.0
334,0.0,0.289112018336153,78.6,66.6,0.0
335,0.0,0.227741806461088,75.39,66.6,100000.0
336,0.0,0.148332294347134,67.19,66.6,100000.0
337,0.0,0.179489287505449,67.9,66.6,244680.0
338,0.0,0.143903760192611,65.0,66.6,244680.0
339,0.0,0.159020571926749,63.94,66.6,244680.0
340,0.0,0.146685540280636,62.04,66.6,244680.0
341,0.0,0.0986205075564763,62.04,66.6,244680.0
342,0.0,0.099089223135176,69.25,66.6,244680.0
343,0.0,0.0762854759103628,79.95,66.6,244680.0
344,0.0055443213262021,0.0503679886008371,83.84,66.6,244680.0
345,0.118532393130782,0.0245949750565193,99.3,66.6,244680.0
346,0.292244333002308,0.0262417291230175,100.29,66.6,244680.0
347,0.402760425544126,0.0175642413760239,94.88,66.6,244680.0
348,0.445476198740248,0.0075642413760239,90.26,66.6,183510.0
349,0.41478544910963,0.0065620181017956,83.86,66.6,0.0
350,0.310300839328879,0.015585527312838,82.15,66.6,0.0
351,0.131307578103715,0.015585527312838,84.5,66.6,0.0
352,0.0071654084544972,0.0065620181017956,89.44,66.6,0.0
353,0.0,0.0065620181017956,97.52,66.6,0.0
354,0.0,0.0065620181017956,106.46,66.6,0.0
355,0.0,0.0065620181017956,112.8,66.6,0.0
356,0.0,0.0316905008538435,110.38,66.6,0.0
357,0.0,0.0338059704990415,102.42,66.6,0.0
358,0.0,0.0438059704990415,91.78,66.6,0.0
359,0.0,0.0603679886008371,89.49,66.6,0.0
360,0.0,0.0597117867906576,86.43,66.6,0.0
361,0.0,0.0744942480786567,81.45,66.6,0.0
362,0.0,0.0497117867906576,81.07,66.6,0.0
363,0.0,0.0438059704990415,79.92,66.6,0.0
364,0.0,0.0280329569547236,78.19,66.6,0.0
365,0.0,0.0275642413760239,76.97,66.6,0.0
366,0.0,0.0603679886008371,81.45,66.6,0.0
367,0.0,0.112090565224116,94.07,66.6,0.0
368,0.00010061546565,0.114526323848092,114.77,66.6,0.0
369,0.0202220786466508,0.0772760281666815,144.11,66.6,0.0
370,0.0754472227506492,0.10252720503338,138.6,66.6,0.0
371,0.0532627004410965,0.0844942480786567,122.0,66.6,0.0
372,0.0462207881638627,0.0825272050333804,110.0,66.6,0.0
373,0.0403483826752576,0.111402287644501,103.43,66.6,0.0
374,0.0293786683847988,0.0582525189556392,94.98,66.6,0.0
375,0.0094481196727212,0.115870803237887,96.0,66.6,0.0
376,0.0,0.166371594586023,110.25,66.6,0.0
377,0.0,0.149334517621362,111.39,66.6,0.0
378,0.0,0.114206034869314,128.15,66.6,0.0
379,0.0,0.159020571926749,127.31,66.6,0.0
380,0.0,0.263558566792751,111.77,66.6,0.0
381,0.0,0.371303310538132,95.49,66.6,0.0
382,0.0,0.299118361620318,86.21,66.6,0.0
383,0.0,0.180465778294407,82.04,66.6,0.0
384,0.0,0.301579852729565,77.69,66.6,0.0
385,0.0,0.441221972761375,71.61,66.6,0.0
386,0.0,0.466825514376288,71.52,66.6,0.0
387,0.0,0.436137236796673,70.69,66.6,0.0
388,0.0,0.536756863167861,69.74,66.6,92310.0
389,0.0,0.499575218694877,69.47,66.6,184620.0
390,0.0,0.428547262935378,71.06,66.6,184620.0
391,0.0,0.390983021559354,75.09,66.6,184620.0
392,0.0010117676781898,0.221179788359292,84.39,66.6,184620.0
393,0.0494287413323714,0.169809576484227,96.5,66.6,184620.0
394,0.169675550877193,0.151456330550725,106.16,66.6,184620.0
395,0.300683265707768,0.122847494012158,110.33,66.6,0.0
396,0.291523571155105,0.201899313644154,111.1,66.6,0.0
397,0.297201262665617,0.281893798424178,117.71,66.6,0.0
398,0.260347153544974,0.300517243264948,121.7,66.6,0.0
399,0.103896714876454,0.280953883074212,121.74,66.6,0.0
400,0.0043018749688151,0.122873226497429,125.46,66.6,0.0
401,0.0,0.0748145370574348,128.56,66.6,0.0
402,0.0,0.16076805297111,140.52,66.6,0.0
403,0.0,0.228711953965881,123.59,66.6,0.0
404,0.0,0.318141870831361,114.28,66.6,0.0
405,0.0,0.404421003457559,109.8,66.6,0.0
406,0.0,0.38707632408245,101.09,66.6,0.0
407,0.0,0.489917474810444,94.28,66.6,0.0
408,0.0,0.493387532478084,84.17,66.6,0.0
409,0.0,0.522724987383739,81.33,66.6,0.0
410,0.0,0.623475572887616,77.2,66.6,0.0
411,0.0,0.762827089260632,75.29,66.6,0.0
412,0.0,0.814499575812401,74.91,66.6,0.0
413,0.0,0.804656548659708,77.57,66.6,0.0
414,0.0,0.818839788328045,81.0,66.6,0.0
415,0.0,0.736821374055343,91.44,66.6,0.0
416,0.0,0.821466986018214,111.55,66.6,0.0
417,0.0123742246906802,0.816011683516992,125.89,66.6,0.0
418,0.0385497972435715,0.80919674648893,122.17,66.6,0.0
419,0.0490331732902119,0.846082365826259,110.9,66.6,0.0
420,0.0555100808850665,0.771290623969802,107.95,66.6,0.0
421,0.054113930335051,0.764414660173393,93.55,66.6,0.0
422,0.0487110550064011,0.776844075513204,87.62,66.6,0.0
423,0.0156557365391176,0.811667893139098,86.43,66.6,0.0
424,0.0001116622273973,0.805736344362211,94.25,66.6,0.0
425,0.0,0.821930373863169,99.52,66.6,0.0
426,0.0,0.821930373863169,104.68,66.6,0.0
427,0.0,0.83780411438535,103.26,66.6,0.0
428,0.0,0.784759853573253,94.53,66.6,0.0
429,0.0,0.71033131941873,86.97,66.6,0.0
430,0.0,0.704837144772181,83.12,66.6,0.0
431,0.0,0.566776252368967,80.93,66.6,0.0
432,0.0,0.437479138250785,73.61,66.6,0.0
433,0.0,0.527153334052031,70.58,66.6,0.0
434,0.0,0.569249414496123,66.95,66.6,0.0
435,0.0,0.490298149979611,65.63,66.6,0.0
436,0.0,0.529166889306566,62.76,66.6,0.0
437,0.0,0.468572995420649,63.32,66.6,0.0
438,0.0,0.64785604807147,67.47,66.6,0.0
439,0.0,0.616580219890102,77.94,66.6,0.0
440,0.0,0.630363395188166,87.17,66.6,0.0
441,0.0093230553615074,0.681045329483616,104.27,66.6,0.0
442,0.0310539202247211,0.677607347585412,103.06,66.6,0.0
443,0.042258508440718,0.604169365687207,95.15,66.6,0.0
444,0.0471666871404953,0.72033131941873,86.36,63.0975,0.0
445,0.0437157669523685,0.718886113051073,76.83,61.93,0.0
446,0.0257406934569737,0.818492391964965,73.35,61.93,0.0
447,0.0081602291216561,0.851242096283554,75.21,61.93,0.0
448,0.0,0.875553451543402,77.45,61.93,123000.0
449,0.0,0.828518124450236,84.69,61.93,164000.0
450,0.0,0.804014595803121,93.6,61.93,164000.0
451,0.0,0.803752115079049,91.7,61.93,164000.0
452,0.0,0.767164364491983,82.23,61.93,164000.0
453,0.0,0.780314133180844,74.0,61.93,164000.0
454,0.0,0.693161627193003,71.12,61.93,164000.0
455,0.0,0.582133671433504,68.64,61.93,164000.0
456,0.0,0.516856762081535,64.75,61.93,164000.0
457,0.0,0.41122831604554,66.0,61.93,151250.0
458,0.0,0.486391452502707,63.45,61.93,151250.0
459,0.0,0.565859866541051,63.54,61.93,151250.0
460,0.0,0.85780411438535,61.82,61.93,151250.0
461,0.0,0.718204178755623,61.85,61.93,151250.0
462,0.0,0.578501406927929,61.75,61.93,151250.0
463,0.0,0.613401406459213,62.59,61.93,151250.0
464,3.52747667594759e-05,0.615868412788436,66.9,61.93,151250.0
465,0.0138365190554782,0.565128670238279,74.82,61.93,151250.0
466,0.0521247959365409,0.61478347683842,77.9,61.93,151250.0
467,0.244264923356721,0.636948208490939,71.8,61.93,151250.0
468,0.117742280496151,0.514763259573125,70.77,61.93,151250.0
469,0.142330780920574,0.385360090743336,67.73,61.93,151250.0
470,0.201462838688904,0.548983902744642,68.78,61.93,151250.0
471,0.0609272920050143,0.563824172287348,73.39,61.93,151250.0
472,0.0014424202003318,0.428547262935378,79.11,61.93,151250.0
473,0.0,0.550945430569943,87.8,61.93,151250.0
474,0.0,0.521022628025754,94.93,61.93,151250.0
475,0.0,0.581633708149558,99.87,61.93,151250.0
476,0.0,0.669280662201369,91.57,61.93,151250.0
477,0.0,0.613092975984576,81.97,61.93,0.0
478,0.0,0.638278438927141,75.74,61.93,0.0
479,0.0,0.464132790248216,74.68,61.93,0.0
480,0.0,0.319137750821424,69.13,61.93,0.0
481,0.0,0.164905983466839,66.83,61.93,0.0
482,0.0,0.0406882775796153,57.55,61.93,0.0
483,0.0,0.0803679886008371,55.15,61.93,0.0
484,0.0,0.533736131877815,50.89,61.93,0.0
485,0.0,0.632685849632917,48.51,61.93,0.0
486,0.0,0.69445757889655,47.45,61.93,0.0
487,0.0,0.708467956259462,45.53,61.93,0.0
488,0.0,0.814671625677489,43.96,61.93,0.0
489,0.0110236525145735,0.878426678040831,51.36,61.93,0.0
490,0.0332280602690958,0.883149768688862,54.36,61.93,0.0
491,0.0500355220745891,0.874988696142627,46.06,61.93,0.0
492,0.0543179813336204,0.803012372528893,48.67,61.93,0.0
493,0.0797269767968533,0.83714791257517,38.48,61.93,0.0
494,0.142097978502626,0.844366132487145,37.69,61.93,0.0
495,0.0583796180685418,0.815080142552031,44.3,61.93,0.0
496,0.0011218425184757,0.740068838694658,49.04,61.93,0.0
497,0.0,0.830953883074212,49.83,61.93,0.0
498,0.0,0.669254929716099,56.65,61.93,0.0
499,0.0,0.721733607063231,61.45,61.93,0.0
500,0.0,0.848518124450236,58.64,61.93,0.0
501,0.0,0.825080142552031,51.5,61.93,0.0
502,0.0,0.848518124450236,52.46,61.93,0.0
503,0.0,0.874988696142627,50.39,61.93,0.0
504,0.0,0.875990919416855,39.46,61.93,0.0
505,0.0,0.845368355761374,36.66,61.93,0.0
506,0.0,0.880862436664807,22.24,61.93,0.0
507,0.0,0.874119916193654,18.62,61.93,0.0
508,0.0,0.868346902649337,5.04,61.93,0.0
509,0.0,0.84862344484077,5.06,61.93,0.0
510,0.0,0.88415199196309,20.0,61.93,0.0
511,0.0,0.874588631772354,40.5,61.93,0.0
512,2.21482544052596e-07,0.885276909351969,60.47,61.93,0.0
513,0.0096418565995624,0.875965186931585,66.48,61.93,100000.0
514,0.0323198212620517,0.881838927453765,57.58,61.93,100000.0
515,0.0509068689923299,0.885276909351969,61.55,61.93,100000.0
516,0.0600687898601147,0.869403168829789,60.6,61.93,100000.0
517,0.0798635630274473,0.677607347585412,56.92,61.93,100000.0
518,0.0498052534726587,0.481707874577961,56.72,61.93,100000.0
519,0.0120021484717175,0.11252720503338,58.23,61.93,100000.0
520,0.000161811286578,0.119089223135176,59.73,61.93,100000.0
521,0.0,0.361985244833582,59.99,61.93,100000.0
522,0.0,0.232927269403653,70.94,61.93,100000.0
523,0.0,0.33985176088631,77.35,61.93,100000.0
524,0.0,0.499568875410712,71.99,61.93,100000.0
525,0.0,0.306114441595695,66.65,61.93,100000.0
526,0.0,0.265645726016996,57.0,61.93,100000.0
527,0.0,0.140437467873453,55.89,61.93,100000.0
528,0.0,0.0380329569547236,49.88,61.93,100000.0
529,0.0,0.0431497686888619,16.23,61.93,204350.0
530,0.0,0.0506882775796152,10.1,61.93,204350.0
531,0.0,0.0503679886008371,9.37,61.93,204350.0
532,0.0,0.0341262594778196,4.17,61.93,204350.0
533,0.0,0.0380329569547236,10.22,61.93,204350.0
534,0.0,0.0368759637964087,39.23,61.93,204350.0
535,0.0,0.0,59.76,61.93,204350.0
536,0.0002545665074203,0.0,76.42,61.93,204350.0
537,0.0162559709303982,0.0,69.82,61.93,204350.0
538,0.0486550014537791,0.0,69.93,61.93,204350.0
539,0.0910097445868667,0.0,59.97,61.93,204350.0
540,0.0865154220618069,0.01,59.8,61.93,204350.0
541,0.0900340438374381,0.0165620181017956,59.14,61.93,204350.0
542,0.0583984971878802,0.0065620181017956,59.43,61.93,204350.0
543,0.0233074064456566,0.0065620181017956,62.7,61.93,204350.0
544,0.0008035095578955,0.01,74.63,61.93,204350.0
545,0.0,0.0,78.95,61.93,254350.0
546,0.0,0.02,81.59,61.93,151087.5
547,0.0,0.03,84.51,61.93,100000.0
548,0.0,0.0396797110212219,74.55,61.93,100000.0
549,0.0,0.04,61.95,61.93,100000.0
550,0.0,0.0655971983307476,53.74,61.93,100000.0
551,0.0,0.102159216432543,45.36,61.93,100000.0
552,0.0,0.0518131949684945,33.26,61.93,100000.0
553,0.0,0.0748402695427055,3.05,61.93,107550.0
554,0.0,0.0497117867906576,-0.03,61.93,107550.0
555,0.0,0.0828411507279934,-0.64,61.93,107550.0
556,0.0,0.0587212345343389,-4.41,61.93,107550.0
557,0.0,0.0521592164325432,-4.84,61.93,107550.0
558,0.0,0.0165620181017956,-0.18,61.93,107550.0
559,0.0,0.0580329569547236,14.76,61.93,107550.0
560,0.0004409279742164,0.0462417291230175,42.09,61.93,107550.0
561,0.0196115835600011,0.0806819342954502,51.58,61.93,107550.0
562,0.0577205946662231,0.112109954425222,50.76,61.93,107550.0
563,0.0921279646339598,0.0849693069415215,50.1,61.93,107550.0
564,0.139548618030247,0.0383752130702901,50.78,61.93,107550.0
565,0.1539811666932,0.0518131949684945,39.32,61.93,107550.0
566,0.125280054883562,0.0572502956814109,36.44,61.93,107550.0
567,0.0474503555959551,0.0810562661804524,45.04,61.93,107550.0
568,0.0020883665001229,0.120405392104017,49.95,61.93,107550.0
569,0.0,0.187018875176354,50.8,61.93,107550.0
570,0.0,0.310111663674699,54.21,61.93,107550.0
571,0.0,0.228769762220587,53.32,61.93,107550.0
572,0.0,0.215619993531725,50.09,61.93,107550.0
573,0.0,0.203641279468539,42.18,61.93,107550.0
574,0.0,0.203146831404569,40.04,61.93,107550.0
575,0.0,0.249868947124196,42.01,61.93,107550.0
576,0.0,0.197053528881473,38.53,61.93,107550.0
577,0.0,0.186365251301858,44.34,61.93,50000.0
578,0.0,0.161550714244423,45.06,61.93,50000.0
579,0.0,0.199114955620447,43.34,61.93,50000.0
580,0.0,0.200560161988104,44.92,61.93,50000.0
581,0.0,0.220585894473375,46.22,61.93,50000.0
582,0.0,0.329520347724464,52.38,61.93,50000.0
583,0.0,0.268081484640972,69.1,61.93,50000.0
584,0.0254753596469832,0.312644383928055,77.65,61.93,50000.0
585,0.186631187082068,0.427233015700409,91.87,61.93,50000.0
586,0.354898396001674,0.447989116424263,87.97,61.93,0.0
587,0.450854381090458,0.306054711607116,83.95,61.93,0.0
588,0.503566341818494,0.366158016520662,78.66,61.93,0.0
589,0.477449882632607,0.231904641377899,74.95,61.93,0.0
590,0.383947532412356,0.27365212242226,77.86,61.93,0.0
591,0.22282073344957,0.280928150588941,87.07,61.93,0.0
592,0.0327373092573743,0.410651608397508,93.91,61.93,0.0
593,0.0,0.328492391964965,102.46,61.93,0.0
594,0.0,0.463360971928624,123.38,61.93,0.0
595,0.0,0.568924172756063,115.54,61.93,0.0
596,0.0,0.524898640256106,98.79,61.93,0.0
597,0.0,0.496899680804691,91.07,61.93,0.0
598,0.0,0.477213626499304,86.31,61.93,0.0
599,0.0,0.648958170259371,80.43,61.93,0.0
600,0.0,0.675177932245601,75.16,61.93,0.0
601,0.0,0.658990246028807,62.8,61.93,0.0
602,0.0,0.665520188361167,62.0,61.93,0.0
603,0.0,0.711055078767653,58.49,61.93,0.0
604,0.0,0.756136408732484,57.73,61.93,0.0
605,0.0,0.733012372528892,57.07,61.93,0.0
606,0.0,0.72792763656419,52.16,61.93,0.0
607,0.0,0.777138632006712,59.37,61.93,0.0
608,0.0306763233060373,0.757607347585412,71.12,61.93,0.0
609,0.197353773540071,0.793012372528892,76.59,61.93,118550.0
610,0.363098263381622,0.799963330817893,70.58,61.93,237100.0
611,0.450295554547235,0.875965186931585,61.61,61.93,237100.0
612,0.498946526981884,0.869082879851011,59.14,61.945,237100.0
613,0.475838025388762,0.839114955620447,52.28,61.95,237100.0
614,0.392214515083514,0.85667919699647,46.47,61.95,237100.0
615,0.227330276032754,0.863209139328831,49.28,61.95,237100.0
616,0.0363729044743121,0.873209139328831,50.11,61.95,237100.0
617,0.0,0.862232648539873,52.74,61.95,237100.0
618,0.0,0.83672689661853,60.7,61.95,237100.0
619,0.0,0.85780411438535,58.75,61.95,237100.0
620,0.0,0.836358908017692,64.96,61.95,237100.0
621,0.0,0.824366132487145,58.78,61.95,237100.0
622,0.0,0.834366132487146,62.02,61.95,237100.0
623,0.0,0.795736344362211,59.58,61.95,237100.0
624,0.0,0.800953883074212,57.08,61.95,237100.0
625,0.0,0.746605124311183,55.5,61.95,240680.0
626,0.0,0.66445757889655,55.03,61.95,240680.0
627,0.0,0.635145856476165,56.21,61.95,240680.0
628,0.0,0.582799153812142,55.05,61.95,240680.0
629,0.0,0.632396152157576,55.74,61.95,240680.0
630,0.0,0.662402495441741,56.83,61.95,240680.0
631,0.0,0.555520188361167,59.07,61.95,240680.0
632,0.0005479972537688,0.40964938512328,65.91,61.95,240680.0
633,0.0160526571594755,0.413749912115829,75.29,61.95,240680.0
634,0.0405550045509539,0.315123061275188,72.56,61.95,240680.0
635,0.0621448818374962,0.281216363798283,60.06,61.95,60170.0
636,0.0740661272805524,0.216087881046236,56.61,61.95,0.0
637,0.0543457001359825,0.385835149606201,55.84,61.95,0.0
638,0.0383428096889846,0.322687302651212,53.88,61.95,0.0
639,0.01868559125133,0.375428741951763,59.72,61.95,0.0
640,0.0010116678833115,0.502060895527985,72.44,61.95,0.0
641,0.0,0.532454616614092,83.62,61.95,0.0
642,0.0,0.537548445661022,93.37,61.95,0.0
643,0.0,0.476130893512508,95.95,61.95,0.0
644,0.0,0.580996895540484,92.53,61.95,0.0
645,0.0,0.604391958715532,84.42,61.95,0.0
646,0.0,0.568518218193351,76.07,61.95,0.0
647,0.0,0.50436127346898,75.97,61.95,0.0
648,0.0,0.305089063771879,72.7,61.95,0.0
649,0.0,0.434280107554601,66.77,61.95,0.0
650,0.0,0.57712980452998,60.92,61.95,0.0
651,0.0,0.674483030152473,59.65,61.95,0.0
652,0.0,0.646367360521962,59.94,61.95,0.0
653,0.0,0.552125125186119,61.4,61.95,0.0
654,0.0,0.363607094478999,64.11,61.95,0.0
655,0.0,0.218769762220587,60.53,61.95,0.0
656,0.003141847773246,0.0742746860777412,59.64,61.95,0.0
657,0.0690889601172439,0.0680329569547236,59.63,61.95,0.0
658,0.172694734192186,0.0945949750565193,55.08,61.95,0.0
659,0.195951320388323,0.103492024804428,51.16,61.95,0.0
660,0.190045101998031,0.0552511768666989,45.75,61.95,0.0
661,0.224981384307976,0.0845949750565193,41.58,61.95,0.0
662,0.248340573896433,0.132847494012158,40.09,61.95,0.0
663,0.159772884527108,0.189777500714791,50.65,61.95,0.0
664,0.0136419670609239,0.409606466400124,56.41,61.95,0.0
665,0.0,0.48892159482038,68.87,61.95,0.0
666,0.0,0.389892757875594,77.84,61.95,0.0
667,0.0,0.406762378387837,71.93,61.95,0.0
668,0.0,0.349580733914853,69.88,61.95,0.0
669,0.0,0.319486350221156,68.25,61.95,0.0
670,0.0,0.312582076003793,57.17,61.95,0.0
671,0.0,0.278084062576654,59.43,61.95,0.0
672,0.0,0.281616428168556,56.0,61.95,0.0
673,0.0,0.0949629636573564,49.97,61.95,0.0
674,0.0,0.0365620181017956,47.26,61.95,0.0
675,0.0,0.0411569931583149,48.12,61.95,0.0
676,0.0,0.0375642413760239,47.97,61.95,0.0
677,0.0,0.0275642413760239,51.58,61.95,0.0
678,0.0,0.0328037472248132,60.06,61.95,0.0
679,0.0,0.0341262594778196,80.0,61.95,0.0
680,0.0015612101619201,0.0365620181017956,93.57,61.95,0.0
681,0.0317243489075018,0.0365620181017956,99.17,61.95,0.0
682,0.0796455892734598,0.0565620181017957,88.39,61.95,0.0
683,0.101628720168371,0.0665620181017956,78.9,61.95,0.0
684,0.110227343617887,0.143284133821422,71.27,61.95,0.0
685,0.102183513273808,0.0880329569547236,70.24,61.95,0.0
686,0.0778581290282738,0.0852511768666988,74.99,61.95,0.0
687,0.0317182430352827,0.112159216432543,82.55,61.95,0.0
688,0.002512094106376,0.229463555020178,97.6,61.95,0.0
689,0.0,0.348866723849967,108.43,61.95,0.0
690,0.0,0.402016492538829,127.42,61.95,0.0
691,0.0,0.344077919277803,117.3,61.95,0.0
692,0.0,0.37964938512328,107.52,61.95,0.0
693,0.0,0.3433069290224,91.98,61.95,0.0
694,0.0,0.387144975290877,86.79,61.95,0.0
695,0.0,0.465866209825216,83.42,61.95,0.0
696,0.0,0.489672180324257,80.29,61.95,0.0
697,0.0,0.583510226592734,71.94,61.95,0.0
698,0.0,0.712684459110034,68.79,61.95,0.0
699,0.0,0.749611887876984,69.37,61.95,0.0
700,0.0,0.747862203869403,67.44,61.95,0.0
701,0.0,0.72961520013374,67.18,61.95,0.0
702,0.0,0.657852642071598,69.37,61.95,0.0
703,0.0,0.688890347115133,78.43,61.95,0.0
704,0.0231262032628429,0.667151787290621,90.6,61.95,0.0
705,0.212599070147941,0.688983902744642,95.93,61.95,0.0
706,0.297893917227591,0.631045329483616,84.93,61.95,0.0
707,0.282548243504629,0.780953883074212,77.15,61.95,0.0
708,0.361132052003718,0.70033131941873,70.1,61.95,0.0
709,0.382357893430102,0.669697912809528,68.1,61.95,0.0
710,0.363018170896303,0.725171588961436,68.23,61.95,0.0
711,0.252703891387651,0.797909622262115,71.93,61.95,0.0
712,0.0566551195599754,0.808229911240893,79.49,61.95,0.0
713,0.0,0.822324094949277,82.36,61.95,0.0
714,0.0,0.795473863638139,88.17,61.95,0.0
715,0.0,0.725597385816979,99.23,61.95,0.0
716,0.0,0.749311909906616,91.91,61.95,0.0
717,0.0,0.771045329483616,86.04,61.95,0.0
718,0.0,0.720288400695574,78.0,61.95,0.0
719,0.0,0.712447617128117,75.01,61.95,0.0
720,0.0,0.74685041879737,71.51,61.95,0.0
721,0.0,0.720700136083756,71.73,61.95,0.0
722,0.0,0.712076691242987,70.19,61.95,0.0
723,0.0,0.700288400695574,70.89,61.95,75000.0
724,0.0,0.744791929342689,69.82,61.95,100000.0
725,0.0,0.691733607063231,69.14,61.95,100000.0
726,0.0,0.643110162222462,73.82,61.95,100000.0
727,0.0,0.565545920846438,84.85,61.95,100000.0
728,0.0449501497247474,0.671045329483616,108.17,61.95,0.0
729,0.249144366651509,0.70967511760855,119.93,61.95,0.0
730,0.35896533241577,0.682767078042706,93.61,61.95,0.0
731,0.366914180188259,0.679963330817893,82.98,61.95,0.0
732,0.407136424421003,0.656205059940911,77.09,61.95,0.0
733,0.394668197142582,0.698640818564887,74.91,61.95,85325.0
734,0.383871685180666,0.619574390630688,67.66,61.95,170650.0
735,0.265090963132296,0.685171588961436,66.69,61.95,170650.0
736,0.0692827168256854,0.761759339548502,75.87,61.95,170650.0
737,0.0,0.706253587627159,81.62,61.95,170650.0
738,0.0,0.734094371194615,87.91,61.95,170650.0
739,0.0,0.716573876605937,86.78,61.95,170650.0
740,0.0,0.722447617128117,73.65,61.95,170650.0
741,0.0,0.71100241076046,66.03,61.95,170650.0
742,0.0,0.660700136083756,56.96,61.95,170650.0
743,0.0,0.529261273000264,54.08,61.95,170650.0
744,0.0,0.585540405626462,39.73,61.95,170650.0
745,0.0,0.61525219241712,47.06,61.95,162500.0
746,0.0,0.657244967947666,41.12,61.95,162500.0
747,0.0,0.691050938446708,42.16,61.95,162500.0
748,0.0,0.618664441830053,43.05,61.95,0.0
749,0.0,0.581319762454945,46.91,61.95,0.0
750,0.0,0.538202069535518,55.34,61.95,0.0
751,0.0,0.514075810057699,69.01,61.95,208000.0
752,0.0146108463532129,0.388521530450108,86.12,61.95,208000.0
753,0.121054885064322,0.298455816525974,92.5,61.95,208000.0
754,0.249073880058015,0.181493734053905,86.29,61.95,208000.0
755,0.301602196267612,0.132533548317545,83.67,61.95,208000.0
756,0.310342179294987,0.449329096144502,77.22,61.95,208000.0
757,0.117566908315297,0.395454474437034,67.6,61.95,208000.0
758,0.0891324523065615,0.68445757889655,57.26,61.95,208000.0
759,0.0576250401576714,0.719354828629773,68.74,61.95,208000.0
760,0.0068647337519409,0.639697912809528,75.07,61.95,208000.0
761,0.0,0.643849904772618,77.05,61.95,208000.0
762,0.0,0.685816947817895,91.61,61.95,208000.0
763,0.0,0.64718715969296,94.67,61.95,104000.0
764,0.0,0.574858471331012,97.89,61.95,0.0
765,0.0,0.364421003457559,89.97,61.95,0.0
766,0.0,0.234303824562884,83.29,61.95,0.0
767,0.0,0.209863619390451,81.88,61.95,0.0
768,0.0,0.0887212345343389,73.38,61.95,25000.0
769,0.0,0.265680379722114,64.27,61.95,226040.0
770,0.0,0.309178747810708,59.94,61.95,126040.0
771,0.0,0.340894981149822,58.0,61.95,126040.0
772,0.0,0.360803347254186,54.69,61.95,126040.0
773,0.0,0.193860841469455,53.23,61.95,126040.0
774,0.0,0.0845263238480924,55.07,61.95,126040.0
775,0.0,0.0221475454146336,66.94,61.95,126040.0
776,0.015045790601423,0.0065620181017956,76.99,61.95,126040.0
777,0.107556519087594,0.03,89.32,61.95,126040.0
778,0.279602933534624,0.047564241376024,85.9,61.95,126040.0
779,0.266330601515964,0.0407140100648859,80.77,61.95,126040.0
780,0.156278170978881,0.0387212345343389,75.15,61.1775,126040.0
781,0.264730687042656,0.097618284282248,64.8,60.92,126040.0
782,0.317355782609306,0.0703679886008371,56.52,60.92,126040.0
783,0.156568225720127,0.124519980563927,54.83,60.92,126040.0
784,0.0272508891600635,0.140091446409404,53.09,60.92,126040.0
785,0.0,0.176365251301857,52.73,60.92,126040.0
786,0.0,0.246088709110425,58.5,60.92,126040.0
787,0.0,0.186365251301858,68.97,60.92,126040.0
788,0.0,0.0925272050333803,63.34,60.92,126040.0
789,0.0,0.11252720503338,55.06,60.92,126040.0
790,0.0,0.223929492677881,49.68,60.92,126040.0
791,0.0,0.255619993531725,46.03,60.92,126040.0
792,0.0,0.329920412094737,36.05,60.92,126040.0
793,0.0,0.380608689674352,24.74,60.92,0.0
794,0.0,0.605868412788436,12.85,60.92,0.0
795,0.0,0.626922101033205,6.73,60.92,0.0
796,0.0,0.43884935012585,10.51,60.92,0.0
797,0.0,0.302304705748172,8.53,60.92,0.0
798,0.0,0.297741806461088,8.8,60.92,0.0
799,0.0,0.325706112207385,16.48,60.92,0.0
800,0.0201606724910702,0.36430088727859,34.17,60.92,0.0
801,0.133943570926184,0.275987982132562,45.99,60.92,0.0
802,0.276932545581773,0.355460817721199,45.97,60.92,0.0
803,0.370291617569795,0.368823805126811,35.62,60.92,0.0
804,0.39823662433186,0.483361799992813,30.42,60.92,0.0
805,0.390981387812225,0.508164666032338,30.58,60.92,0.0
806,0.323620979998796,0.475102937753009,30.62,60.92,0.0
807,0.173670974732579,0.458572995420649,40.74,60.92,0.0
808,0.0373855482833989,0.265774763415812,43.7,60.92,0.0
809,0.0,0.129777500714791,49.36,60.92,0.0
810,0.0,0.160465778294406,57.83,60.92,0.0
811,0.0,0.139121298904612,68.57,60.92,0.0
812,0.0,0.0949629636573564,65.98,60.92,0.0
813,0.0,0.238055752155701,54.37,60.92,0.0
814,0.0,0.426476086912367,51.21,60.92,0.0
815,0.0,0.292964672906833,50.81,60.92,0.0
816,0.0,0.188343965365044,38.71,60.92,0.0
817,0.0,0.209057975429929,35.3,60.92,0.0
818,0.0,0.240203297570335,10.04,60.92,0.0
819,0.0,0.177341742090815,3.23,60.92,0.0
820,0.0,0.101402287644501,0.68,60.92,0.0
821,0.0,0.101402287644501,0.0,60.92,0.0
822,0.0,0.117964305746297,0.0,60.92,0.0
823,0.0,0.17077972398902,0.0,60.92,0.0
824,0.0235478380202251,0.123529428307609,1.05,60.92,0.0
825,0.146064426807317,0.113838046268477,8.87,60.92,0.0
826,0.304988496190947,0.125214601427708,9.83,60.92,0.0
827,0.361012702473637,0.0820584894546807,10.87,60.92,0.0
828,0.182090282785031,0.0531497686888619,12.81,60.92,0.0
829,0.243939678853146,0.0797234578085672,13.82,60.92,0.0
830,0.249099441722839,0.0744942480786567,4.62,60.92,0.0
831,0.170438539125474,0.111871003223201,9.72,60.92,0.0
832,0.0411061922684852,0.0972760281666815,15.72,60.92,0.0
833,0.0,0.0728474940121585,18.43,60.92,0.0
834,0.0,0.0406882775796153,38.91,60.92,0.0
835,0.0,0.0221475454146336,46.01,60.92,0.0
836,0.0,0.0065620181017956,36.17,60.92,0.0
837,0.0,0.0241262594778196,29.05,60.92,0.0
838,0.0,0.0487212345343389,24.52,60.92,0.0
839,0.0,0.0652832526361345,24.44,60.92,0.0
840,0.0,0.0438059704990415,0.57,60.92,0.0
841,0.0,0.0918389274537651,0.0,60.92,0.0
842,0.0,0.144306761847177,-0.03,60.92,0.0
843,0.0,0.170091446409404,-0.07,60.92,0.0
844,0.0,0.150091446409404,-0.13,60.92,0.0
845,0.0,0.301930373863169,-0.05,60.92,0.0
846,0.0,0.339894679609466,0.42,60.92,0.0
847,0.0,0.492692911614303,38.97,60.92,0.0
848,0.0214080474240199,0.492938206100489,58.91,60.92,0.0
849,0.136134665978281,0.526156625997778,62.32,60.92,0.0
850,0.250072190162235,0.588618117107025,56.86,60.92,0.0
851,0.307897008275049,0.481845176994814,52.93,60.92,0.0
852,0.403011384232248,0.405231693922478,40.15,60.92,0.0
853,0.408081564164955,0.29745892098549,7.05,60.92,0.0
854,0.337165272772776,0.407884717841034,1.09,60.92,0.0
855,0.19892976471952,0.363732725877943,5.01,60.92,0.0
856,0.0479439653954962,0.272550000234358,53.1,60.92,100000.0
857,0.0,0.402975797089901,60.72,60.92,100000.0
858,0.0,0.45169703162424,68.47,60.92,100000.0
859,0.0,0.373638342184246,68.78,60.92,100000.0
860,0.0,0.476479492912239,61.84,60.92,100000.0
861,0.0,0.442359576718585,60.48,60.92,100000.0
862,0.0,0.500323882464882,59.65,60.92,100000.0
863,0.0,0.529509973486322,56.3,60.92,100000.0
864,0.0,0.555666411997869,47.41,60.92,100000.0
865,0.0,0.298490470231092,35.04,60.92,70630.0
866,0.0,0.46492409151203,27.65,60.92,70630.0
867,0.0,0.480137864875548,7.08,60.92,70630.0
868,0.0,0.53056025573122,3.07,60.92,70630.0
869,0.0,0.533991894345259,1.94,60.92,70630.0
870,0.0,0.581630302149686,19.38,60.92,70630.0
871,0.0,0.479568875410712,50.0,60.92,70630.0
872,0.0265452578459092,0.378418225536562,68.16,60.92,70630.0
873,0.167071798627285,0.316013714617833,62.0,60.92,70630.0
874,0.327367675692625,0.46771257423283,61.35,60.92,70630.0
875,0.426937604360444,0.414854612239414,56.56,60.92,70630.0
876,0.440764620235514,0.187839783640889,51.7,60.92,70630.0
877,0.410097992123159,0.112847494012158,43.47,60.92,70630.0
878,0.358385828529332,0.272889678414242,42.54,60.92,70630.0
879,0.245628534055134,0.255331780322383,40.11,60.92,70630.0
880,0.0672850334364216,0.248055752155701,49.91,60.92,70630.0
881,0.0,0.22918066954458,56.52,60.92,70630.0
882,0.0,0.275306047837112,62.97,60.92,70630.0
883,0.0,0.31501783462777,61.96,60.92,70630.0
884,0.0,0.298141870831361,61.16,60.92,70630.0
885,0.0,0.177373817860251,59.14,60.92,70630.0
886,0.0,0.0879643057462968,56.44,60.92,70630.0
887,0.0,0.0241262594778196,56.52,60.92,70630.0
888,0.0,0.0090235092110423,52.36,60.92,70630.0
889,0.0,0.0365620181017956,41.17,60.92,0.0
890,0.0,0.0828474940121585,35.52,60.92,0.0
891,0.0,0.187810457669515,34.15,60.92,0.0
892,0.0,0.457138632006712,46.59,60.92,0.0
893,0.0,0.508327700934463,54.47,60.92,0.0
894,0.0,0.638247191221895,59.63,60.92,0.0
895,0.0,0.717583818063361,74.83,60.92,0.0
896,0.0076332994890175,0.581765682832667,86.67,60.92,0.0
897,0.0575992341747063,0.435005976123628,87.0,60.92,0.0
898,0.131450378936584,0.356353392797716,85.53,60.92,0.0
899,0.103883205692187,0.379617309353844,81.17,60.92,0.0
900,0.181710294700421,0.37964938512328,78.01,60.92,0.0
901,0.186531704709817,0.447181550729868,75.98,60.92,0.0
902,0.212890790646597,0.484489654665985,79.24,60.92,0.0
903,0.0878581854298712,0.531426004652783,77.99,60.92,0.0
904,0.0152686101086676,0.571769088832539,88.21,60.92,0.0
905,0.0,0.578890347115134,97.3,60.92,0.0
906,0.0,0.585471754418035,120.05,60.92,0.0
907,0.0,0.646217012188167,136.22,60.92,0.0
908,0.0,0.578638709344783,109.7,60.92,0.0
909,0.0,0.695816947817895,99.91,60.92,0.0
910,0.0,0.688540919651213,87.65,60.92,0.0
911,0.0,0.66273583033746,83.63,60.92,0.0
912,0.0,0.663110162222462,79.21,60.92,0.0
913,0.0,0.614443798658536,73.7,60.92,0.0
914,0.0,0.618909736316239,73.2,60.92,0.0
915,0.0,0.607219235462396,72.15,60.92,0.0
916,0.0,0.673118708469847,72.94,60.92,0.0
917,0.0,0.532630603690042,73.65,60.92,0.0
918,0.0,0.48169703162424,77.85,60.92,0.0
919,0.0,0.500637828159495,87.08,60.92,0.0
920,0.0084826586010827,0.439609872399996,110.0,60.92,0.0
921,0.0617012968569495,0.429923818094609,133.15,60.92,0.0
922,0.0980245883272723,0.371303310538132,113.55,60.92,0.0
923,0.112227566924222,0.370822736455292,97.79,60.92,0.0
924,0.11508357375261,0.32997968899159,91.87,60.92,0.0
925,0.0958354240033251,0.262896021698406,89.38,60.92,0.0
926,0.0810534098234541,0.271893798424178,90.98,60.92,0.0
927,0.0455207975924979,0.316020057901998,94.9,60.92,0.0
928,0.0097849190617219,0.193146831404569,94.38,60.92,0.0
929,0.0,0.119777500714791,93.01,60.92,0.0
930,0.0,0.139777500714791,103.0,60.92,0.0
931,0.0,0.129435244599225,94.67,60.92,0.0
932,0.0,0.182804575289002,86.06,60.92,0.0
933,0.0,0.144217705887224,83.2,60.92,0.0
934,0.0,0.0762854759103628,80.61,60.92,0.0
935,0.0,0.213929492677881,75.6,60.92,0.0
936,0.0,0.36023435778935,65.98,60.92,0.0
937,0.0,0.0944942480786567,60.43,60.92,0.0
938,0.0,0.115308985121405,58.61,60.92,0.0
939,0.0,0.584509043867091,55.74,60.92,0.0
940,0.0,0.601342088940343,51.61,60.92,0.0
941,0.0,0.713877840221109,49.96,60.92,0.0
942,0.0,0.560731383789003,52.32,60.92,0.0
943,0.0,0.565106343752881,59.08,60.92,0.0
944,0.0321879166949043,0.634138117981961,66.79,60.92,0.0
945,0.17726322836823,0.654069466773534,70.13,60.92,0.0
946,0.235764229003147,0.72237896591969,68.37,60.92,0.0
947,0.154580834597912,0.764759853573253,69.52,60.92,0.0
948,0.11506111873379,0.80780411438535,69.94,58.16,0.0
949,0.0753934277645982,0.804366132487146,67.85,57.24,0.0
950,0.0577904852021445,0.777515901176007,67.74,57.24,0.0
951,0.0389006732000444,0.747239358984575,73.22,57.24,0.0
952,0.009696255428513,0.792644383928055,81.56,57.24,0.0
953,0.0,0.791321871675049,90.12,57.24,0.0
954,0.0,0.670757116274273,95.45,57.24,0.0
955,0.0,0.589229197230828,95.45,57.24,0.0
956,0.0,0.61237896591969,87.05,57.24,0.0
957,0.0,0.388521530450108,80.44,57.24,0.0
958,0.0,0.234303824562884,75.2,57.24,0.0
959,0.0,0.371645566653699,74.91,57.24,0.0
960,0.0,0.359832371685204,70.94,57.24,0.0
961,0.0,0.338830148410976,63.1,57.24,0.0
962,0.0,0.264671813163721,64.08,57.24,0.0
963,0.0,0.223178907174004,64.4,57.24,0.0
964,0.0,0.104526323848092,64.39,57.24,0.0
965,0.0,0.0820584894546807,64.41,57.24,0.0
966,0.0,0.0331497686888619,65.82,57.24,0.0
967,0.0,0.0241262594778196,70.91,57.24,0.0
968,0.0116711917016189,0.0275642413760239,74.86,57.24,0.0
969,0.0683986127070287,0.0165620181017956,77.7,57.24,0.0
970,0.124389057156147,0.0065620181017956,80.38,57.24,0.0
971,0.115590037657876,0.01,74.59,57.24,0.0
972,0.160562802889775,0.03,69.43,57.24,0.0
973,0.266851373419018,0.03,68.3,57.24,0.0
974,0.318272343476253,0.0265620181017956,66.72,57.24,0.0
975,0.19722266617317,0.0445949750565193,69.53,57.24,0.0
976,0.0484185996256339,0.0375642413760239,77.17,57.24,0.0
977,4.35832366557036e-07,0.0345949750565193,86.13,57.24,0.0
978,0.0,0.0587212345343389,88.95,57.24,0.0
979,0.0,0.0652832526361345,87.62,57.24,0.0
980,0.0,0.0687212345343389,81.01,57.24,0.0
981,0.0,0.0772760281666815,74.4,57.24,0.0
982,0.0,0.0679322299768611,67.84,57.24,0.0
983,0.0,0.0506882775796152,65.86,57.24,0.0
984,0.0,0.0431497686888619,63.46,57.24,0.0
985,0.0,0.0511569931583149,55.48,57.24,0.0
986,0.0,0.0438059704990415,53.67,57.24,0.0
987,0.0,0.0679322299768611,52.6,57.24,0.0
988,0.0,0.0597117867906576,46.83,57.24,0.0
989,0.0,0.0772760281666815,43.64,57.24,0.0
990,0.0,0.0506882775796152,46.25,57.24,0.0
991,0.0,0.10252720503338,49.19,57.24,0.0
992,0.0113509779710351,0.0752832526361345,53.16,57.24,0.0
993,0.0579890892509117,0.10252720503338,55.06,57.24,0.0
994,0.177472710260515,0.11252720503338,57.97,57.24,0.0
995,0.179025920611826,0.113774722793795,61.16,57.24,0.0
996,0.168751936793764,0.0380329569547236,65.54,57.24,0.0
997,0.207566798122684,0.0265620181017956,64.6,57.24,0.0
998,0.118774709587234,0.0375642413760239,62.12,57.24,0.0
999,0.163919770442879,0.0286891587649032,63.99,57.24,0.0
1000,0.0465303629696568,0.0090235092110423,66.3,57.24,0.0
1001,0.0,0.0,70.69,57.24,0.0
1002,0.0,0.0,78.5,57.24,0.0
1003,0.0,0.0065620181017956,80.74,57.24,0.0
1004,0.0,0.0,79.72,57.24,0.0
1005,0.0,0.0175642413760239,76.75,57.24,0.0
1006,0.0,0.0445949750565193,70.72,57.24,0.0
1007,0.0,0.114840269542705,68.39,57.24,0.0
1008,0.0,0.242618651442785,64.01,57.24,0.0
1009,0.0,0.300885231865785,64.35,57.24,0.0
1010,0.0,0.37263804064389,61.59,57.24,0.0
1011,0.0,0.43576290491167,60.65,57.24,0.0
1012,0.0,0.47207962852728,59.39,57.24,0.0
1013,0.0,0.503044448298328,59.21,57.24,0.0
1014,0.0,0.539968939780985,65.0,57.24,0.0
1015,0.0,0.564441220722853,76.0,57.24,0.0
1016,0.0147024137449113,0.591585274206426,85.41,57.24,0.0
1017,0.0774430011784991,0.574475874427972,104.0,57.24,0.0
1018,0.0836996535132208,0.602056473977692,96.5,57.24,0.0
1019,0.0949782983912978,0.539029758752092,85.47,57.24,0.0
1020,0.107766716477656,0.61205306797782,79.14,57.24,0.0
1021,0.0916280512968182,0.636839294614302,67.37,57.24,0.0
1022,0.0740227109133773,0.649574390630688,63.75,57.24,0.0
1023,0.0392490316186819,0.51033131941873,63.95,57.24,0.0
1024,0.0086776875724266,0.603041511014035,66.4,57.24,0.0
1025,0.0,0.351710811862254,78.42,57.24,0.0
1026,0.0,0.238081484640972,93.9,57.24,0.0
1027,0.0,0.159121298904612,96.0,57.24,0.0
1028,0.0,0.133215482612996,89.08,57.24,0.0
1029,0.0,0.0652832526361345,79.15,57.24,0.0
1030,0.0,0.0406882775796153,71.54,57.24,0.0
1031,0.0,0.0162417291230175,65.87,57.24,0.0
1032,0.0,0.0065620181017956,61.9,57.24,0.0
1033,0.0,0.0,68.59,57.24,0.0
1034,0.0,0.0,65.37,57.24,0.0
1035,0.0,0.0075642413760239,63.41,57.24,0.0
1036,0.0,0.0165620181017956,60.49,57.24,0.0
1037,0.0,0.0175642413760239,60.06,57.24,0.0
1038,0.0,0.0075642413760239,63.59,57.24,0.0
1039,0.0,0.0065620181017956,70.69,57.24,0.0
1040,0.0127522847696625,0.0265620181017956,82.18,57.24,0.0
1041,0.0741387354856313,0.0434379818982043,89.1,57.24,0.0
1042,0.110907826868045,0.0641519919630902,75.12,57.24,0.0
1043,0.132485681231441,0.0818389274537651,69.21,57.24,0.0
1044,0.113802749782253,0.0845949750565193,63.87,57.24,0.0
1045,0.115781878922853,0.0496797110212219,60.53,57.24,0.0
1046,0.104850571384415,0.0949089207511323,60.26,57.24,0.0
1047,0.0818288725801085,0.126279132626198,63.1,57.24,0.0
1048,0.0210556360515932,0.0514388630834923,70.7,57.24,0.0
1049,0.0,0.0686891587649032,78.36,57.24,0.0
1050,0.0,0.0913702118750654,95.01,57.24,0.0
1051,0.0,0.0786891587649032,99.88,57.24,0.0
1052,0.0,0.0745628992870836,90.99,57.24,0.0
1053,0.0,0.0852511768666988,77.97,57.24,0.0
1054,0.0,0.112847494012158,71.86,57.24,0.0
1055,0.0,0.140091446409404,68.39,57.24,0.0
1056,0.0,0.228055752155701,64.74,57.24,0.0
1057,0.0,0.25043453058916,60.63,57.24,0.0
1058,0.0,0.312607808489064,59.34,57.24,0.0
1059,0.0,0.389106503116177,55.76,57.24,0.0
1060,0.0,0.405448959217057,54.79,57.24,0.0
1061,0.0,0.336388046502835,55.06,57.24,0.0
1062,0.0,0.314257312353624,58.43,57.24,0.0
1063,0.0,0.117712667975946,63.23,57.24,0.0
1064,0.0131324511478854,0.0945949750565193,72.74,57.24,0.0
1065,0.0659293353097698,0.159114955620447,79.73,57.24,0.0
1066,0.121375599107887,0.106967410205813,69.65,57.24,0.0
1067,0.116394170797084,0.198150135849399,63.86,57.24,0.0
1068,0.121736891878561,0.28224239782391,63.29,57.24,0.0
1069,0.131590887479711,0.492699254898468,62.63,57.24,0.0
1070,0.157083369519904,0.540631484875329,63.82,57.24,0.0
1071,0.101739633088348,0.409241883799158,69.03,57.24,0.0
1072,0.0248603726808326,0.51650522539751,72.23,57.24,0.0
1073,4.69828166600802e-06,0.67203377251983,78.54,57.24,0.0
1074,0.0,0.692053161720936,82.97,57.24,0.0
1075,0.0,0.772004634034688,87.58,57.24,0.0
1076,0.0,0.800389127673436,84.47,57.24,0.0
1077,0.0,0.844391864972416,76.48,57.24,0.0
1078,0.0,0.878426678040831,69.68,57.24,0.0
1079,0.0,0.874588631772354,68.2,57.24,0.0
1080,0.0,0.826944615004835,63.8,57.24,0.0
1081,0.0,0.861438863083492,61.71,57.24,0.0
1082,0.0,0.881838927453765,61.13,57.24,0.0
1083,0.0,0.866358908017692,60.3,57.24,0.0
1084,0.0,0.793038105014163,59.75,57.24,0.0
1085,0.0,0.841667893139098,61.94,57.24,0.0
1086,0.0,0.803358393992941,66.06,57.24,0.0
1087,3.13259402162707e-05,0.797852642071598,72.21,57.24,0.0
1088,0.0831527521860823,0.819600123115959,81.57,57.24,0.0
1089,0.287745076360154,0.805473863638139,82.67,57.24,0.0
1090,0.469622580389131,0.75967511760855,78.76,57.24,0.0
1091,0.577470822360639,0.768492391964965,74.18,57.24,0.0
1092,0.618600840789059,0.728961107543665,69.96,57.24,0.0
1093,0.596388482825532,0.813709930676966,66.63,57.24,0.0
1094,0.503761592325701,0.75033131941873,66.19,57.24,0.0
1095,0.340734968230213,0.746630856796454,69.91,57.24,0.0
1096,0.124428201619233,0.709009635229913,75.05,57.24,0.0
1097,0.0027008401779599,0.650411922874414,79.05,57.24,0.0
1098,0.0,0.643035995794059,87.0,57.24,0.0
1099,0.0,0.665466239198059,86.91,57.24,0.0
1100,0.0,0.642993077070903,75.61,57.24,0.0
1101,0.0,0.607876265336764,70.47,57.24,0.0
1102,0.0,0.617509651634958,62.97,57.24,0.0
1103,0.0,0.63623382345359,63.09,57.24,0.0
1104,0.0,0.496944802491067,58.91,57.24,0.0
1105,0.0,0.225619993531725,51.76,57.24,0.0
1106,0.0,0.0652832526361345,51.08,57.24,0.0
1107,0.0,0.0165620181017956,49.92,57.24,0.0
1108,0.0,0.0,48.81,57.24,0.0
1109,0.0,0.01,51.38,57.24,0.0
1110,0.0,0.0365620181017956,53.53,57.24,0.0
1111,8.74846945260859e-05,0.0441262594778196,59.15,57.24,0.0
1112,0.0379000556217921,0.0380329569547236,69.39,57.24,0.0
1113,0.176142896664119,0.119403168829789,70.5,57.24,0.0
1114,0.223255031144604,0.217367474576086,64.84,57.24,0.0
1115,0.336251537980502,0.319206402029851,54.37,57.24,0.0
1116,0.219302648508841,0.436105161027237,53.0,55.65,0.0
1117,0.133974766190547,0.59343265416446,52.33,55.12,0.0
1118,0.124599036739582,0.628227802020789,52.31,55.12,0.0
1119,0.0470339871729232,0.629603529115831,53.78,55.12,0.0
1120,0.0145868360052598,0.720314133180845,62.59,55.12,65000.0
1121,1.05668111627129e-07,0.762035881739935,69.99,55.12,130000.0
1122,0.0,0.744195098172478,72.58,55.12,130000.0
1123,0.0,0.765171588961435,77.42,55.12,0.0
1124,0.0,0.733700650108508,76.78,55.12,0.0
1125,0.0,0.717607347585412,72.47,55.12,0.0
1126,0.0,0.693012372528892,69.4,55.12,0.0
1127,0.0,0.678886113051073,68.05,55.12,0.0
1128,0.0,0.657239358984574,60.02,55.12,0.0
1129,0.0,0.706177218235536,57.31,55.12,0.0
1130,0.0,0.674788992058396,57.0,55.12,0.0
1131,0.0,0.494057514526277,55.88,55.12,0.0
1132,0.0,0.344366132487145,54.66,55.12,0.0
1133,0.0,0.424061936076569,54.62,55.12,0.0
1134,0.0,0.486526833185688,55.48,55.12,0.0
1135,0.0,0.627869547080136,55.17,55.12,84375.0
1136,0.0283235260279708,0.625768513874762,56.9,55.12,168750.0
1137,0.100011038795173,0.529264679000136,64.89,55.12,168750.0
1138,0.236443867224705,0.495528203397563,63.29,55.12,168750.0
1139,0.28374593092573,0.216339518816587,62.02,55.12,84375.0
1140,0.271997208884617,0.231216363798284,60.69,55.12,0.0
1141,0.373469209764903,0.3271221800899,58.26,55.12,0.0
1142,0.397669505617677,0.288466659479694,55.25,55.12,0.0
1143,0.143616376735177,0.522086628013255,59.09,55.12,0.0
1144,0.0260993301737724,0.546894821786525,68.83,55.12,0.0
1145,0.0003584595366463,0.54606307036827,75.03,55.12,0.0
1146,0.0,0.402256271805039,87.93,55.12,0.0
1147,0.0,0.300802519189997,110.06,55.12,0.0
1148,0.0,0.382550828298547,90.28,55.12,0.0
1149,0.0,0.397108399851886,80.93,55.12,0.0
1150,0.0,0.34292433211936,74.57,55.12,0.0
1151,0.0,0.401988838319686,72.44,55.12,0.0
1152,0.0,0.556149564016393,69.11,55.12,0.0
1153,0.0,0.646822202119532,62.38,55.12,0.0
1154,0.0,0.641611006691696,54.81,55.12,0.0
1155,0.0,0.722163809845214,51.44,55.12,0.0
1156,0.0,0.719694600552772,50.32,55.12,0.0
1157,0.0,0.810530289181888,50.19,55.12,0.0
1158,0.0,0.766248072407183,48.47,55.12,0.0
1159,0.0,0.679672180324258,46.02,55.12,0.0
1160,0.0115297487752022,0.644857643266823,48.97,55.12,0.0
1161,0.0426303140157816,0.679600123115959,47.28,55.12,0.0
1162,0.0730032576906024,0.792324094949277,43.03,55.12,0.0
1163,0.0708140432740774,0.826358908017693,40.45,55.12,0.0
1164,0.0787843235422754,0.851242096283554,41.0,55.12,0.0
1165,0.0904565451485059,0.835368355761374,40.1,55.12,0.0
1166,0.0688665782367069,0.805736344362211,39.88,55.12,0.0
1167,0.040084983586727,0.833389641698188,42.87,55.12,0.0
1168,0.0141570704874556,0.833923149393716,54.29,55.12,0.0
1169,5.00102950545543e-05,0.806450354427097,62.87,55.12,0.0
1170,0.0,0.824103651763074,72.0,55.12,0.0
1171,0.0,0.808886113051073,73.66,55.12,0.0
1172,0.0,0.815080142552031,70.59,55.12,0.0
1173,0.0,0.830953883074212,64.71,55.12,0.0
1174,0.0,0.756525348919689,59.83,55.12,0.0
1175,0.0,0.513736131877815,57.33,55.12,0.0
1176,0.0,0.484788992058396,53.94,55.12,0.0
1177,0.0,0.602065020225077,44.0,55.12,0.0
1178,0.0,0.701978901549418,43.04,55.12,0.0
1179,0.0,0.661414146148642,44.21,55.12,0.0
1180,0.0,0.733161627193003,43.91,55.12,0.0
1181,0.0,0.789936864011549,44.92,55.12,0.0
1182,0.0,0.773438169384436,51.57,55.12,0.0
1183,2.39638345007529e-05,0.802749891804821,68.6,55.12,0.0
1184,0.0206216518290144,0.745159917943526,79.09,55.12,0.0
1185,0.0866414181815625,0.705448131152868,83.84,55.12,0.0
1186,0.131011459231262,0.738886113051073,75.03,55.12,0.0
1187,0.335745148584427,0.740953883074212,70.83,55.12,0.0
1188,0.444645114095861,0.762399089441869,69.13,55.12,0.0
1189,0.311642237630071,0.796801891111121,62.47,55.12,0.0
1190,0.316775356668295,0.770953883074212,60.99,55.12,0.0
1191,0.137027147358424,0.775080142552031,65.96,55.12,0.0
1192,0.0560405458411807,0.742035881739935,69.28,55.12,0.0
1193,0.0014260816192253,0.682447617128117,71.51,55.12,0.0
1194,0.0,0.702447617128117,76.25,55.12,0.0
1195,0.0,0.67203377251983,97.65,55.12,0.0
1196,0.0,0.617976164250438,79.98,55.12,0.0
1197,0.0,0.657262154185552,71.86,55.12,0.0
1198,0.0,0.689968939780985,67.47,55.12,0.0
1199,0.0,0.695842680303165,66.27,55.12,0.0
1200,0.0,0.646530957882781,59.07,55.12,0.0
1201,0.0,0.658992448992027,58.06,55.12,0.0
1202,0.0,0.539261273000264,54.32,55.12,0.0
1203,0.0,0.516605952375372,53.96,55.12,0.0
1204,0.0,0.489949550579879,53.48,55.12,0.0
1205,0.0,0.408547262935378,52.99,55.12,0.0
1206,0.0,0.281868065938908,54.79,55.12,0.0
1207,0.0039571130855883,0.292556343518523,70.53,55.12,0.0
1208,0.12299900549907,0.48582329110206,88.4,55.12,0.0
1209,0.323360765777553,0.575842680303165,90.89,55.12,0.0
1210,0.487408254510911,0.652670210156441,78.55,55.12,0.0
1211,0.587190631651012,0.623051260298072,69.84,55.12,0.0
1212,0.61064874726072,0.457199018197101,60.88,55.12,0.0
1213,0.587071278233345,0.68033131941873,53.52,55.12,0.0
1214,0.447170893482448,0.83780411438535,51.42,55.12,0.0
1215,0.273771036830757,0.821930373863169,51.79,55.12,0.0
1216,0.0686370590841569,0.75380137708637,56.16,55.12,0.0
1217,0.0024351955016366,0.765171588961435,63.08,55.12,0.0
1218,0.0,0.817239358984574,70.54,55.12,0.0
1219,0.0,0.828229911240893,71.25,55.12,0.0
1220,0.0,0.854712153951194,73.47,55.12,0.0
1221,0.0,0.854391864972416,68.48,55.12,0.0
1222,0.0,0.869114955620447,61.33,55.12,0.0
1223,0.0,0.878426678040831,56.86,55.12,0.0
1224,0.0,0.880862436664807,52.77,55.12,0.0
1225,0.0,0.881838927453765,50.65,55.12,0.0
1226,0.0,0.865965186931585,48.47,55.12,0.0
1227,0.0,0.839771157430626,46.84,55.12,0.0
1228,0.0,0.84780411438535,44.77,55.12,0.0
1229,0.0,0.82780411438535,45.39,55.12,96150.0
1230,0.0,0.810953883074212,50.03,55.12,96150.0
1231,5.41185356399216e-06,0.792644383928055,66.0,55.12,96150.0
1232,0.0197737029348936,0.763700650108508,81.34,55.12,24037.5
1233,0.0424733921342607,0.749675117608551,85.11,55.12,0.0
1234,0.075370909880479,0.72967511760855,70.34,55.12,0.0
1235,0.0898492763497781,0.772644383928055,64.1,55.12,0.0
1236,0.110860465219554,0.777515901176007,60.39,55.12,0.0
1237,0.0930066922977553,0.645916846731568,53.01,55.12,0.0
1238,0.0662225822079208,0.585916846731568,51.22,55.12,0.0
1239,0.0528529562034079,0.549974455000961,53.77,55.12,0.0
1240,0.0199245429082915,0.757236421700281,65.6,55.12,0.0
1241,0.0005481446796702,0.785802886350534,69.92,55.12,0.0
1242,0.0,0.792324094949277,69.63,55.12,0.0
1243,0.0,0.712767906106895,68.58,55.12,0.0
1244,0.0,0.749600123115959,61.39,55.12,0.0
1245,0.0,0.740288400695574,52.11,55.12,0.0
1246,0.0,0.682447617128117,45.98,55.12,0.0
1247,0.0,0.693752115079049,41.71,55.12,0.0
1248,0.0,0.758612976859512,35.22,55.12,0.0
1249,0.0,0.722296253243902,30.47,55.12,0.0
1250,0.0,0.762225211586024,27.01,55.12,0.0
1251,0.0,0.760135474426097,27.07,55.12,0.0
1252,0.0,0.780322491941998,27.95,55.12,0.0
1253,0.0,0.794539182278801,37.0,55.12,0.0
1254,0.0,0.841826240885435,48.05,55.12,0.0
1255,8.62482982434076e-05,0.766573876605937,66.09,55.12,0.0
1256,0.0182747655546575,0.79998612601887,76.53,55.12,0.0
1257,0.0546852350181929,0.825402821980261,81.91,55.12,0.0
1258,0.071798189879045,0.779174326260415,74.09,55.12,0.0
1259,0.1157886532643,0.863209139328831,71.95,55.12,0.0
1260,0.232375665957848,0.863998143886308,68.53,55.12,0.0
1261,0.285330090314878,0.864988696142627,68.77,55.12,0.0
1262,0.189389788885208,0.865965186931585,68.98,55.12,0.0
1263,0.0679658055646958,0.863209139328831,64.65,55.12,0.0
1264,0.0253805355064732,0.878714891250174,64.75,55.12,0.0
1265,0.0009894955233493,0.882841150727993,63.25,55.12,0.0
1266,0.0,0.881838927453765,61.76,55.12,0.0
1267,0.0,0.874119916193654,59.91,55.12,0.0
1268,0.0,0.878714891250174,52.42,55.12,0.0
1269,0.0,0.792792623041745,42.45,55.12,0.0
1270,0.0,0.862429415339811,24.48,55.12,0.0
1271,0.0,0.801347416674088,12.06,55.12,0.0
1272,0.0,0.808378150354583,1.91,55.12,0.0
1273,0.0,0.81102712769531,9.23,55.12,0.0
1274,0.0,0.855185462942565,1.07,55.12,0.0
1275,0.0,0.88068193429545,1.19,55.12,0.0
1276,0.0,0.860560161988104,0.09,55.12,0.0
1277,0.0,0.808518124450236,0.02,55.12,0.0
1278,0.0,0.689286177421346,0.09,55.12,0.0
1279,0.003170605715641,0.672667179129033,39.68,55.12,0.0
1280,0.115526334443419,0.734757744353149,57.06,55.12,0.0
1281,0.308991133230711,0.750926041368837,59.35,55.12,0.0
1282,0.472091812252439,0.66033131941873,51.69,55.12,0.0
1283,0.545462928033032,0.46552312564546,46.64,55.12,0.0
1284,0.547182550311333,0.328247097478779,41.65,50.905,0.0
1285,0.398232423245803,0.445491049876025,37.1,49.5,0.0
1286,0.307464277141025,0.504431846411279,33.6,49.5,0.0
1287,0.10332945994276,0.575111858972857,39.08,49.5,0.0
1288,0.0179667835615144,0.702057302041881,49.51,49.5,0.0
1289,0.0006607913447491,0.764712435180541,63.08,49.5,0.0
1290,0.0,0.749643041839115,73.8,49.5,0.0
1291,0.0,0.738518124450236,86.44,49.5,0.0
1292,0.0,0.775026380875155,84.01,49.5,0.0
1293,0.0,0.81830296837576,72.97,49.5,0.0
1294,0.0,0.834183052182105,69.26,49.5,0.0
1295,0.0,0.879403168829789,67.98,49.5,0.0
1296,0.0,0.874988696142627,65.1,49.5,0.0
1297,0.0,0.831642160653827,66.47,49.5,0.0
1298,0.0,0.835448131152868,63.9,49.5,0.0
1299,0.0,0.847515901176007,59.5,49.5,0.0
1300,0.0,0.829618137418033,55.2,49.5,0.0
1301,0.0,0.765736344362211,55.39,49.5,0.0
1302,0.0,0.763769301316935,57.1,49.5,0.0
1303,0.0006673347817331,0.765768420131646,61.67,49.5,0.0
1304,0.0274569010361188,0.790674403598486,66.11,49.5,0.0
1305,0.0816378026151004,0.799272115953984,64.4,49.5,0.0
1306,0.108877024735251,0.781610084884391,57.6,49.5,0.0
1307,0.138249523763967,0.79367785490753,49.16,49.5,0.0
1308,0.247204799207127,0.832206916054602,45.84,49.5,0.0
1309,0.14352307795798,0.84780411438535,40.32,49.5,0.0
1310,0.0771317821655065,0.860560161988104,32.22,49.5,0.0
1311,0.0477567624275236,0.833389641698188,37.6,49.5,0.0
1312,0.018730466558183,0.841242096283554,45.0,49.5,0.0
1313,0.0008104678242319,0.787515901176007,55.95,49.5,0.0
1314,0.0,0.808492391964965,71.67,49.5,0.0
1315,0.0,0.822644383928055,80.0,49.5,0.0
1316,0.0,0.846082365826259,74.13,49.5,0.0
1317,0.0,0.842644383928055,65.17,49.5,0.0
1318,0.0,0.825794152616917,59.94,49.5,0.0
1319,0.0,0.819232134515121,56.22,49.5,0.0
1320,0.0,0.799600123115959,52.2,49.5,0.0
1321,0.0,0.780025919971502,56.57,49.5,0.0
1322,0.0,0.806187873703025,55.44,49.5,0.0
1323,0.0,0.807164364491983,55.38,49.5,0.0
1324,0.0,0.809600123115959,54.89,49.5,0.0
1325,0.0,0.754909108237364,55.19,49.5,0.0
1326,0.0,0.791290623969802,55.07,49.5,0.0
1327,0.0042459242197873,0.792447617128117,56.71,49.5,0.0
1328,0.113547534856073,0.806450354427097,59.92,49.5,0.0
1329,0.211528720367928,0.805080142552031,61.58,49.5,0.0
1330,0.187705452131552,0.85320913932883,61.82,49.5,0.0
1331,0.105092575535412,0.887243952397246,56.31,49.5,0.0
1332,0.135921359794475,0.884274686077741,54.12,49.5,0.0
1333,0.145816861342108,0.848400945555561,50.0,49.5,0.0
1334,0.092349813009282,0.833209139328831,46.03,49.5,0.0
1335,0.0654058500760291,0.842206916054602,49.84,49.5,0.0
1336,0.036736203617708,0.801610084884391,55.0,49.5,0.0
1337,0.0021414067435785,0.771365618462394,67.8,49.5,0.0
1338,0.0,0.769206402029851,82.19,49.5,0.0
1339,0.0,0.782298362464007,93.69,49.5,0.0
1340,0.0,0.708918188820508,79.18,49.5,0.0
1341,0.0,0.716919070005796,69.99,49.5,0.0
1342,0.0,0.761019596998345,65.92,49.5,0.0
1343,0.0,0.647236421700281,65.23,49.5,0.0
1344,0.0,0.687607347585412,58.38,49.5,0.0
1345,0.0,0.586266274195489,57.83,49.5,0.0
1346,0.0,0.683513163877028,56.82,49.5,0.0
1347,0.0,0.540360457903873,55.7,49.5,0.0
1348,0.0,0.517617096869449,51.8,49.5,0.0
1349,0.0,0.562774905592871,53.3,49.5,0.0
1350,0.0,0.291216363798284,57.92,49.5,0.0
1351,0.0139298051592473,0.328455816525974,70.02,49.5,0.0
1352,0.176155472016117,0.139409512113954,79.9,49.5,0.0
1353,0.35504551258297,0.0565620181017957,81.6,49.5,0.0
1354,0.480221741310867,0.03,73.83,49.5,0.0
1355,0.627780430090906,0.0286891587649032,66.65,49.5,0.0
1356,0.662379380761949,0.02,65.03,49.5,0.0
1357,0.640255559418678,0.0286891587649032,58.42,49.5,0.0
1358,0.568330041325941,0.0280329569547236,58.19,49.5,0.0
1359,0.418983922963882,0.0396797110212219,61.29,49.5,0.0
1360,0.22230848903667,0.0859651869315847,64.95,49.5,0.0
1361,0.0312836248355535,0.0338059704990415,69.99,49.5,0.0
1362,0.0,0.0065620181017956,77.0,49.5,0.0
1363,0.0,0.0,85.32,49.5,0.0
1364,0.0,0.0165620181017956,81.01,49.5,0.0
1365,0.0,0.015585527312838,72.21,49.5,0.0
1366,0.0,0.0241262594778196,65.69,49.5,0.0
1367,0.0,0.0165620181017956,65.21,49.5,0.0
1368,0.0,0.043906697476904,60.76,49.5,0.0
1369,0.0,0.174557384067108,57.62,49.5,0.0
1370,0.0,0.207393207061356,57.55,49.5,0.0
1371,0.0,0.208343965365044,57.35,49.5,0.0
1372,0.0,0.227810457669515,56.87,49.5,0.0
1373,0.0,0.195023349847746,57.35,49.5,0.0
1374,0.0,0.165214601427708,63.1,49.5,0.0
1375,0.0037163468736501,0.224278092077613,74.31,49.5,0.0
1376,0.065950325627381,0.379282052724253,95.63,49.5,0.0
1377,0.126362966402179,0.43312009899273,95.78,49.5,0.0
1378,0.0804549768427807,0.362399089441869,80.81,49.5,0.0
1379,0.108150571048017,0.296801891111122,68.71,49.5,0.0
1380,0.0988596273822425,0.451025940282511,64.93,49.5,0.0
1381,0.0875974491097199,0.526139814732356,59.26,49.5,0.0
1382,0.0799514433608596,0.482421884642847,59.25,49.5,0.0
1383,0.0592351248413309,0.522421884642846,64.71,49.5,0.0
1384,0.025653579868274,0.497170707776148,72.06,49.5,0.0
1385,0.0021483729650456,0.556850418797369,79.82,49.5,0.0
1386,0.0,0.643726382593778,98.02,49.5,0.0
1387,0.0,0.591733607063231,111.8,49.5,0.0
1388,0.0,0.715473863638139,105.17,49.5,0.0
1389,0.0,0.627607347585412,84.36,49.5,0.0
1390,0.0,0.63445757889655,72.37,49.5,0.0
1391,0.0,0.566925413289962,70.27,49.5,0.0
1392,0.0,0.57380137708637,64.97,49.5,0.0
1393,0.0,0.478204178755623,60.36,49.5,0.0
1394,0.0,0.564395270972288,59.4,49.5,0.0
1395,0.0,0.535448131152868,61.34,49.5,0.0
1396,0.0,0.523113099506755,63.46,49.5,0.0
1397,0.0,0.615548858130731,63.74,49.5,0.0
1398,0.0,0.593769301316934,67.44,49.5,0.0
1399,0.0011729051950172,0.610651608397508,74.3,49.5,0.0
1400,0.0236595835988533,0.544089590295713,98.89,49.5,0.0
1401,0.0591698583862236,0.662330438233442,104.49,49.5,0.0
1402,0.0733663353400849,0.7699603935336,85.46,49.5,0.0
1403,0.0890044578345062,0.757112899521441,73.99,49.5,0.0
1404,0.106738486655436,0.717144975290877,67.55,49.5,0.0
1405,0.0849666811574517,0.604831910781552,63.93,49.5,0.0
1406,0.0712937586640885,0.753684479421042,60.72,49.5,0.0
1407,0.0429491210059918,0.757122461319247,61.51,49.5,0.0
1408,0.0292882637723645,0.753684479421042,70.43,49.5,0.0
1409,0.0025574951670924,0.74511801477079,74.96,49.5,0.0
1410,0.0,0.727799067880952,93.04,49.5,0.0
1411,0.0,0.636906492804435,93.24,49.5,0.0
1412,0.0,0.722838025957469,78.29,49.5,0.0
1413,0.0,0.689663352847525,65.44,49.5,0.0
1414,0.0,0.737661015519173,62.59,49.5,0.0
1415,0.0,0.694437080401908,64.02,49.5,0.0
1416,0.0,0.657284574414067,55.12,49.5,0.0
1417,0.0,0.67897507526791,55.11,49.5,0.0
1418,0.0,0.711764573539131,53.33,49.5,0.0
1419,0.0,0.656867323805908,50.06,49.5,0.0
1420,0.0,0.514283513554473,47.03,49.5,0.0
1421,0.0,0.5126187451859,47.15,49.5,0.0
1422,0.0,0.404286450838766,53.32,49.5,0.0
1423,0.0042804167719926,0.23493171595211,62.03,49.5,0.0
1424,0.0610190690503279,0.197301573165721,73.74,49.5,0.0
1425,0.124903359366757,0.365499314894062,73.89,49.5,0.0
1426,0.0994439023748786,0.353396641184163,70.39,49.5,0.0
1427,0.187411175010189,0.246494288700674,60.47,49.5,0.0
1428,0.210269999988036,0.21952586294444,55.01,49.5,0.0
1429,0.148918190307097,0.19952586294444,53.98,49.5,0.0
1430,0.104982979406994,0.23886966113426,56.02,49.5,0.0
1431,0.0399926999575415,0.318184789554517,55.07,49.5,0.0
1432,0.0210372210719974,0.419615387619972,64.96,49.5,0.0
1433,0.0018972550823369,0.413367315212789,70.98,49.5,0.0
1434,0.0,0.383770973069165,81.28,49.5,0.0
1435,0.0,0.336834623082367,86.26,49.5,0.0
1436,0.0,0.440056448979528,80.99,49.5,0.0
1437,0.0,0.452959813888668,72.77,49.5,0.0
1438,0.0,0.40957881218098,67.25,49.5,0.0
1439,0.0,0.50205455224382,64.9,49.5,0.0
1440,0.0,0.461032939768486,60.9,49.5,0.0
1441,0.0,0.287490168690737,62.04,49.5,0.0
1442,0.0,0.40649135141638,61.42,49.5,0.0
1443,0.0,0.366211403225076,58.14,49.5,0.0
1444,0.0,0.320614204894328,57.83,49.5,0.0
1445,0.0,0.447240015186385,58.3,49.5,0.0
1446,0.0,0.436430965225991,62.49,49.5,0.0
1447,0.0056927428345693,0.330614204894328,71.58,49.5,0.0
1448,0.0751947512120209,0.298213099975471,79.36,49.5,0.0
1449,0.11396840519066,0.165251176866699,83.79,49.5,0.0
1450,0.139612654878764,0.125719892445399,75.88,49.5,0.0
1451,0.151100093064497,0.24365212242226,66.52,49.5,0.0
1452,0.143985640042465,0.331216363798283,64.76,52.575,0.0
1453,0.118102658954559,0.289557938713876,63.08,53.6,0.0
1454,0.120228990915055,0.289557938713876,64.63,53.6,0.0
1455,0.0662087429045798,0.249846151923218,67.11,53.6,0.0
1456,0.0375720430832968,0.460677997084589,72.57,53.6,0.0
1457,0.0048271307301027,0.512746423309538,78.94,53.6,0.0
1458,0.0,0.541926342909193,89.4,53.6,0.0
1459,0.0,0.535497205673958,93.73,53.6,0.0
1460,0.0,0.443299492068551,87.19,53.6,0.0
1461,0.0,0.365112874523277,77.49,53.6,0.0
1462,0.0,0.323710586878776,71.62,53.6,0.0
1463,0.0,0.287148568776981,70.06,53.6,0.0
1464,0.0,0.247745399947191,66.39,53.6,0.0
1465,0.0,0.171899313644154,59.95,53.6,0.0
1466,0.0,0.225551342323298,56.03,53.6,0.0
1467,0.0,0.236801891111122,56.02,53.6,0.0
1468,0.0,0.118400945555561,55.48,53.6,0.0
1469,0.0,0.140836704179537,54.88,53.6,0.0
1470,0.0,0.0945005913628218,55.99,53.6,0.0
1471,0.0051998824642188,0.0672760281666815,56.58,53.6,0.0
1472,0.0505862853683684,0.081088341949888,60.67,53.6,0.0
1473,0.103810925916796,0.02,63.76,53.6,0.0
1474,0.0947555075267495,0.0,65.75,53.6,0.0
1475,0.10978668270707,0.0,60.44,53.6,0.0
1476,0.117242059522116,0.0,59.18,53.6,0.0
1477,0.0993742017532092,0.01,55.83,53.6,0.0
1478,0.142981406510253,0.01,54.9,53.6,0.0
1479,0.189412132099877,0.01,59.86,53.6,0.0
1480,0.0888894610403769,0.03,66.08,53.6,0.0
1481,0.0100510276090545,0.0472439523972458,73.0,53.6,0.0
1482,0.0,0.0421592164325432,80.63,53.6,0.0
1483,0.0,0.0572502956814109,93.6,53.6,0.0
1484,0.0,0.0820584894546807,89.9,53.6,0.0
1485,0.0,0.17489431244893,76.98,53.6,0.0
1486,0.0,0.186371594586023,69.81,53.6,0.0
1487,0.0,0.442673522413198,60.94,53.6,0.0
1488,0.0,0.722441273843952,54.99,53.6,0.0
1489,0.0,0.643112365185682,54.5,53.6,0.0
1490,0.0,0.675180135208821,53.63,53.6,0.0
1491,0.0,0.753457558585541,53.8,53.6,0.0
1492,0.0,0.725913534474812,55.59,53.6,0.0
1493,0.0,0.612024851299983,55.31,53.6,0.0
1494,0.0,0.633800642765297,55.82,53.6,0.0
1495,0.0203913054503332,0.709008525936376,56.0,53.6,0.0
1496,0.162386099891949,0.751418552075082,56.88,53.6,0.0
1497,0.385491001488186,0.768954858002615,54.77,53.6,0.0
1498,0.530200839328949,0.543087367021484,53.99,53.6,0.0
1499,0.627032196267817,0.383363909212917,52.01,53.6,0.0
1500,0.634618436045555,0.483743568831664,49.46,53.6,0.0
1501,0.555503473676605,0.652078800463091,47.51,53.6,0.0
1502,0.375530447319676,0.65033131941873,42.51,53.6,0.0
1503,0.200654367095728,0.544446735942829,46.84,53.6,0.0
1504,0.117678487035437,0.512767906106895,54.13,53.6,0.0
1505,0.0152511737204343,0.585135013522444,60.28,53.6,35775.0
1506,0.0,0.600734789788875,75.58,53.6,143100.0
1507,0.0,0.691390616626591,84.36,53.6,143100.0
1508,0.0,0.768825726860684,86.96,53.6,143100.0
1509,0.0,0.718618117107025,81.8,53.6,143100.0
1510,0.0,0.623781253564191,75.0,53.6,143100.0
1511,0.0,0.608966716506757,72.18,53.6,143100.0
1512,0.0,0.461322699739238,72.42,53.6,143100.0
1513,0.0,0.483013200593081,69.13,53.6,12500.0
1514,0.0,0.662449820091337,67.9,53.6,0.0
1515,0.0,0.644803694103714,67.41,53.6,0.0
1516,0.0,0.62367243343067,66.22,53.6,0.0
1517,0.0,0.598537607394457,65.59,53.6,0.0
1518,0.0,0.48231940779349,70.83,53.6,0.0
1519,0.00270513322075,0.408235238974638,81.18,53.6,0.0
1520,0.0260064387543741,0.559671805351794,96.67,53.6,0.0
1521,0.0557123778466016,0.494115978982793,102.97,53.6,0.0
1522,0.0751558013244447,0.0845949750565193,85.02,53.6,0.0
1523,0.120432893587326,0.105251176866699,71.93,53.6,106252.5
1524,0.17429392335024,0.104594975056519,64.89,53.6,141670.0
1525,0.234867622179447,0.150836704179537,63.93,53.6,141670.0
1526,0.177664268910743,0.167410393299242,61.1,53.6,141670.0
1527,0.111488730759361,0.266333175532422,62.5,53.6,141670.0
1528,0.105835311610636,0.359903600829314,69.86,53.6,141670.0
1529,0.0155196901035388,0.563525491096748,75.95,53.6,35417.5
1530,0.0,0.525150278026457,90.59,53.6,0.0
1531,0.0,0.518259049726036,105.18,53.6,0.0
1532,0.0,0.631448799853761,99.13,53.6,0.0
1533,0.0,0.646577282605809,80.52,53.6,0.0
1534,0.0,0.649629261601101,71.39,53.6,0.0
1535,0.0,0.68653095788278,67.49,53.6,0.0
1536,0.0,0.671100200454029,63.93,53.6,0.0
1537,0.0,0.658195726251353,61.96,53.6,0.0
1538,0.0,0.704563914837504,61.67,53.6,0.0
1539,0.0,0.702790701307873,61.33,53.6,0.0
1540,0.0,0.705791215332624,59.86,53.6,0.0
1541,0.0,0.701664955854804,60.56,53.6,0.0
1542,0.0,0.57033131941873,61.67,53.6,0.0
1543,0.0035954071086196,0.685174994961308,71.53,53.6,0.0
1544,0.029550767334661,0.693769301316934,79.28,53.6,0.0
1545,0.0838707207302947,0.547267669405528,83.02,53.6,0.0
1546,0.14806201445439,0.682767078042706,77.0,53.6,0.0
1547,0.277128504508229,0.623087367021484,71.15,53.6,0.0
1548,0.438162998788528,0.698961107543665,69.72,53.6,0.0
1549,0.469870480360914,0.549329096144502,66.01,53.6,0.0
1550,0.356075212667797,0.579270194220112,65.83,53.6,0.0
1551,0.235633062368921,0.436822764578226,69.61,53.6,0.0
1552,0.088569539995553,0.531294029969674,70.67,53.6,0.0
1553,0.0107614106921547,0.476511568681675,76.28,53.6,0.0
1554,0.0,0.423361799992813,82.07,53.6,0.0
1555,0.0,0.439261273000264,104.38,53.6,0.0
1556,0.0,0.561217285605588,112.99,53.6,0.0
1557,0.0,0.641329511738982,93.12,53.6,0.0
1558,0.0,0.635003866903524,82.81,53.6,0.0
1559,0.0,0.612316470509197,76.08,53.6,0.0
1560,0.0,0.672767171785822,71.83,53.6,0.0
1561,0.0,0.680973366018433,71.0,53.6,0.0
1562,0.0,0.696521302341859,70.7,53.6,0.0
1563,0.0,0.693109052928925,70.46,53.6,0.0
1564,0.0,0.688352324126197,69.74,53.6,0.0
1565,0.0,0.676893056291179,70.46,53.6,0.0
1566,0.0,0.654186270695746,73.91,53.6,0.0
1567,0.0322192976241794,0.599268803697228,83.98,53.6,0.0
1568,0.205162217530247,0.606416622529283,106.64,53.6,0.0
1569,0.409097875799238,0.550307071199459,108.7,53.6,0.0
1570,0.557610221805292,0.235035020865655,87.21,53.6,0.0
1571,0.639534187285592,0.173284133821422,75.92,53.6,0.0
1572,0.666575198081008,0.170836704179537,72.02,53.6,0.0
1573,0.639234903109296,0.153284133821422,69.35,53.6,0.0
1574,0.563514232053722,0.176408170025014,69.29,53.6,0.0
1575,0.406371363701398,0.212927269403653,70.64,53.6,0.0
1576,0.148447666623312,0.46582329110206,72.26,53.6,0.0
1577,0.0261283392779297,0.50169703162424,81.06,53.6,0.0
1578,0.0,0.466111504311402,100.0,53.6,0.0
1579,0.0,0.569723645294799,119.58,53.6,0.0
1580,0.0,0.593118708469847,119.25,53.6,0.0
1581,0.0,0.588195726251353,93.4,53.6,0.0
1582,0.0,0.57653095788278,80.15,53.6,0.0
1583,0.0,0.614095199258805,77.98,53.6,0.0
1584,0.0,0.720996895540484,74.34,53.6,0.0
1585,0.0,0.699996875229475,73.33,53.6,0.0
1586,0.0,0.759365577840377,72.32,53.6,0.0
1587,0.0,0.761951966027495,70.34,53.6,0.0
1588,0.0,0.802277770226249,68.71,53.6,0.0
1589,0.0,0.779504536385609,69.89,53.6,0.0
1590,0.0,0.806378297218798,73.13,53.6,0.0
1591,0.0143009452336276,0.707978367213658,84.27,53.6,0.0
1592,0.0729573048424912,0.727978367213658,103.2,53.6,0.0
1593,0.165048810572278,0.692790701307873,96.7,53.6,0.0
1594,0.175886189787696,0.541774604052515,79.09,53.6,0.0
1595,0.170429749969092,0.447181550729868,71.31,53.6,0.0
1596,0.140930006037067,0.731642160653827,66.16,53.6,0.0
1597,0.0962539091159525,0.718886113051073,61.69,53.6,0.0
1598,0.0845843314139702,0.768886113051073,60.26,53.6,0.0
1599,0.0612307196251105,0.752324094949277,63.33,53.6,0.0
1600,0.0292684690456059,0.723012372528892,66.04,53.6,0.0
1601,0.0055684435525606,0.737483825406572,69.92,53.6,0.0
1602,0.0,0.705048066782596,89.2,53.6,0.0
1603,0.0,0.689275053238278,105.71,53.6,0.0
1604,0.0,0.498929031774229,90.3,53.6,0.0
1605,0.0,0.599937598332622,82.49,53.6,0.0
1606,0.0,0.573455355622321,73.35,53.6,0.0
1607,0.0,0.458518124450236,73.32,53.6,0.0
1608,0.0,0.356831029596264,67.72,53.6,0.0
1609,0.0,0.183241215098266,68.45,53.6,0.0
1610,0.0,0.543035995794059,66.96,53.6,0.0
1611,0.0,0.764883375752093,67.01,53.6,0.0
1612,0.0,0.679254929716099,65.99,53.6,0.0
1613,0.0,0.658966716506757,66.3,53.6,0.0
1614,0.0,0.559943207295714,67.11,53.6,0.0
1615,0.0327893468880525,0.519261273000264,82.91,53.6,0.0
1616,0.206039436264412,0.525448959217057,95.06,53.6,0.0
1617,0.411407427483415,0.433953115943048,88.89,53.6,0.0
1618,0.499504669675833,0.449574390630688,74.36,53.6,0.0
1619,0.506688644077176,0.4120422250241,57.59,53.6,0.0
1620,0.484610061101852,0.551396866167641,52.05,56.225,0.0
1621,0.514144568437641,0.480957289074084,21.77,57.1,0.0
1622,0.507011727854111,0.425768420131647,4.26,57.1,0.0
1623,0.36251728910148,0.637239358984574,24.2,57.1,0.0
1624,0.192759483899621,0.451019596998345,40.25,57.1,0.0
1625,0.0297373064783063,0.244297481278719,55.74,57.1,0.0
1626,0.0,0.271554120244295,71.98,57.1,0.0
1627,0.0,0.161456330550725,83.76,57.1,0.0
1628,0.0,0.163903760192611,79.98,57.1,0.0
1629,0.0,0.166365251301857,71.46,57.1,0.0
1630,0.0,0.152238991824038,64.9,57.1,0.0
1631,0.0,0.166365251301857,65.03,57.1,0.0
1632,0.0,0.139777500714791,59.89,57.1,0.0
1633,0.0,0.225273972067676,56.56,57.1,0.0
1634,0.0,0.221562385262332,54.91,57.1,0.0
1635,0.0,0.141838927453765,53.72,57.1,0.0
1636,0.0,0.125251176866699,52.56,57.1,0.0
1637,0.0,0.177410393299242,48.6,57.1,0.0
1638,0.0,0.199846151923218,47.79,57.1,0.0
1639,0.0053681526738533,0.402296440730134,50.47,57.1,0.0
1640,0.0410993458235374,0.587249764470422,53.06,57.1,0.0
1641,0.0965744398560974,0.612038569042586,53.06,57.1,0.0
1642,0.107070264082034,0.444802772296409,48.12,57.1,0.0
1643,0.172721555260764,0.310528086218668,32.94,57.1,0.0
1644,0.210677028273639,0.26952586294444,0.2,57.1,0.0
1645,0.247889717904797,0.676525348919689,-1.15,57.1,0.0
1646,0.153564911559452,0.752644383928055,-5.02,57.1,0.0
1647,0.198536541790561,0.804759853573253,-0.04,57.1,0.0
1648,0.0465737840679625,0.730288400695574,28.19,57.1,0.0
1649,0.009198180834325,0.715885599026321,52.64,57.1,0.0
1650,0.0,0.771045329483616,69.49,57.1,0.0
1651,0.0,0.773012372528892,78.02,57.1,0.0
1652,0.0,0.729600123115959,74.99,57.1,75000.0
1653,0.0,0.733481088107592,67.26,57.1,100000.0
1654,0.0,0.75967511760855,60.47,57.1,100000.0
1655,0.0,0.707607347585412,60.53,57.1,25000.0
1656,0.0,0.655171588961436,57.29,57.1,0.0
1657,0.0,0.688327700934463,48.65,57.1,0.0
1658,0.0,0.707607347585412,46.06,57.1,0.0
1659,0.0,0.72448331138182,40.98,57.1,0.0
1660,0.0,0.748886113051073,35.55,57.1,0.0
1661,0.0,0.736237135710346,32.39,57.1,0.0
1662,0.0,0.742324094949277,32.28,57.1,0.0
1663,0.0094670665519618,0.715448131152868,33.91,57.1,0.0
1664,0.0591668011331172,0.586205059940911,39.49,57.1,0.0
1665,0.0909400510082433,0.580305586933459,34.82,57.1,0.0
1666,0.226238659133808,0.491396866167641,25.25,57.1,0.0
1667,0.519979269600002,0.709249320753007,2.35,57.1,0.0
1668,0.487291975068849,0.774654345696488,-0.1,57.1,0.0
1669,0.489511625142455,0.595811338854803,-8.24,57.1,0.0
1670,0.317935417879432,0.678929031774229,-9.98,57.1,0.0
1671,0.169122423965162,0.73780411438535,-0.51,57.1,0.0
1672,0.0821956960265959,0.61033131941873,14.41,57.1,0.0
1673,0.0135636117245025,0.474489654665985,47.96,57.1,0.0
1674,0.0,0.610392533673308,55.97,57.1,0.0
1675,0.0,0.639326986924398,66.35,57.1,0.0
1676,0.0,0.69578910611252,62.32,57.1,0.0
1677,0.0,0.76133915165605,57.14,57.1,0.0
1678,0.0,0.742421884642847,53.74,57.1,0.0
1679,0.0,0.717852642071598,53.08,57.1,0.0
1680,0.0,0.634414660173393,52.05,57.1,0.0
1681,0.0,0.670386190389143,48.93,57.1,0.0
1682,0.0,0.715859866541051,49.33,57.1,0.0
1683,0.0,0.687607347585412,50.21,57.1,0.0
1684,0.0,0.797515901176007,49.28,57.1,0.0
1685,0.0,0.791930373863169,49.99,57.1,0.0
1686,0.0,0.820953883074212,56.3,57.1,0.0
1687,0.0090449096901574,0.81780411438535,76.64,57.1,0.0
1688,0.0457484826761588,0.652478864833364,82.6,57.1,0.0
1689,0.0909625754182556,0.545145856476165,85.59,57.1,0.0
1690,0.108973245629014,0.58445757889655,80.45,57.1,0.0
1691,0.137377641135605,0.512767078042706,71.2,57.1,0.0
1692,0.164667844171594,0.521396866167641,65.03,57.1,0.0
1693,0.132916616930981,0.706801891111121,60.79,57.1,0.0
1694,0.146481313276977,0.425123061275188,66.25,57.1,0.0
1695,0.0820079604305696,0.372373356956598,67.0,57.1,0.0
1696,0.0738925164256773,0.311622771452721,73.47,57.1,0.0
1697,0.0203425673599557,0.328552778155354,80.19,57.1,0.0
1698,0.0,0.48892159482038,91.39,57.1,0.0
1699,0.0,0.596165547217626,100.7,57.1,0.0
1700,0.0,0.672080097242859,108.01,57.1,0.0
1701,0.0,0.775080142552031,87.99,57.1,0.0
1702,0.0,0.778886113051073,76.71,57.1,0.0
1703,0.0,0.736450354427097,75.04,57.1,0.0
1704,0.0,0.786205059940911,67.08,57.1,0.0
1705,0.0,0.761642160653827,69.19,57.1,0.0
1706,0.0,0.76033131941873,65.56,57.1,0.0
1707,0.0,0.817515901176007,66.51,57.1,0.0
1708,0.0,0.785080142552031,65.2,57.1,0.0
1709,0.0,0.81193037386317,66.58,57.1,0.0
1710,0.0,0.761321871675049,71.37,57.1,0.0
1711,0.0137989747218871,0.856433902510284,87.06,57.1,0.0
1712,0.0625576951608469,0.858080656576782,96.55,57.1,0.0
1713,0.114233818826314,0.825644897952807,100.78,57.1,0.0
1714,0.136749210024118,0.804654345696488,93.81,57.1,0.0
1715,0.17149437468673,0.77299592061208,85.42,57.1,0.0
1716,0.227387974766432,0.740239873009326,80.68,57.1,0.0
1717,0.341458506912539,0.809403168829789,78.44,57.1,0.0
1718,0.397567994347899,0.814654345696488,78.26,57.1,0.0
1719,0.184292812328093,0.811216363798283,79.02,57.1,0.0
1720,0.0765972407872253,0.82367785490753,86.34,57.1,0.0
1721,0.016682010130679,0.726237135710346,101.61,57.1,0.0
1722,0.0,0.577293401890799,113.06,57.1,0.0
1723,0.0,0.467901904078919,134.92,57.1,0.0
1724,0.0,0.55792763656419,124.57,57.1,0.0
1725,0.0,0.67445757889655,97.48,57.1,0.0
1726,0.0,0.61445757889655,83.63,57.1,0.0
1727,0.0,0.64033131941873,78.93,57.1,0.0
1728,0.0,0.655916846731568,70.33,57.1,0.0
1729,0.0,0.644169365687207,63.93,57.1,24325.0
1730,0.0,0.574857643266823,62.3,57.1,97300.0
1731,0.0,0.691733607063231,61.79,57.1,97300.0
1732,0.0,0.669354828629773,61.37,57.1,97300.0
1733,0.0,0.600731383789003,64.0,57.1,97300.0
1734,0.0,0.548990246028807,66.8,57.1,97300.0
1735,0.0195430837707874,0.42339304769806,77.32,57.1,97300.0
1736,0.0863407652029512,0.499024899733926,88.27,57.1,97300.0
1737,0.15381421789957,0.70967511760855,89.91,57.1,97300.0
1738,0.151736896181827,0.411339885977123,77.71,57.1,97300.0
1739,0.348339933615946,0.643055291252049,68.07,57.1,0.0
1740,0.275551558150542,0.780239873009326,64.85,57.1,0.0
1741,0.141119874343403,0.755491049876025,64.61,57.1,0.0
1742,0.165572140275914,0.693055291252049,64.83,57.1,0.0
1743,0.0865731414700275,0.465491049876025,63.96,57.1,0.0
1744,0.0702445631367439,0.45552312564546,67.84,57.1,0.0
1745,0.0192764112795803,0.413147753211873,73.53,57.1,0.0
1746,0.0,0.37649135141638,89.91,57.1,0.0
1747,0.0,0.440643343379471,97.8,57.1,0.0
1748,0.0,0.372022835822994,94.36,57.1,0.0
1749,0.0,0.478616570345615,76.98,57.1,0.0
1750,0.0,0.56679151687298,66.82,57.1,0.0
1751,0.0,0.554805084626598,68.11,57.1,0.0
1752,0.0,0.537243421186256,63.88,57.1,0.0
1753,0.0,0.537105462567593,63.29,57.1,0.0
1754,0.0,0.547903388344919,56.9,57.1,0.0
1755,0.0,0.505184931731576,57.52,57.1,0.0
1756,0.0,0.508962591809664,57.0,57.1,0.0
1757,0.0,0.657239827700153,61.4,57.1,0.0
1758,1.04622179791643e-05,0.647265560185424,64.07,57.1,0.0
1759,0.0280544693483119,0.572733908603587,75.05,57.1,0.0
1760,0.14497976615374,0.3617435438335,88.06,57.1,0.0
1761,0.305800535464438,0.558961107543665,81.99,57.1,0.0
1762,0.224922991155709,0.462085143747256,65.71,57.1,0.0
1763,0.171251406443043,0.539249320753007,54.32,57.1,0.0
1764,0.298224849914114,0.27952586294444,52.37,57.1,0.0
1765,0.203621142476917,0.123284133821422,52.83,57.1,0.0
1766,0.114880079561662,0.17886966113426,49.16,57.1,0.0
1767,0.0931539640418929,0.330928150588941,52.84,57.1,0.0
1768,0.0609570129581066,0.415422398667598,58.91,57.1,0.0
1769,0.0157686466859232,0.314297481278719,73.21,57.1,0.0
1770,0.0,0.365766498397774,91.04,57.1,0.0
1771,0.0,0.374298309342908,114.77,57.1,0.0
1772,0.0,0.245306047837112,91.04,57.1,0.0
1773,0.0,0.135214601427708,74.09,57.1,0.0
1774,0.0,0.0552832526361345,62.63,57.1,0.0
1775,0.0,0.108646240041747,59.62,57.1,0.0
1776,0.0,0.170117178894675,51.66,57.1,0.0
1777,0.0,0.163241215098266,48.39,57.1,0.0
1778,0.0,0.115965186931585,46.58,57.1,0.0
1779,0.0,0.188055752155701,45.57,57.1,0.0
1780,0.0,0.197393207061356,43.95,57.1,0.0
1781,0.0,0.0979579624621317,46.96,57.1,0.0
1782,4.17469423705701e-09,0.0438059704990415,49.35,57.1,0.0
1783,0.0162280786866439,0.101402287644501,62.26,57.1,0.0
1784,0.0597916747897588,0.088966529020525,69.53,57.1,0.0
1785,0.0967908916479347,0.0752511768666988,68.75,57.1,0.0
1786,0.1052904171534,0.0752511768666988,53.8,57.1,0.0
1787,0.132982943273525,0.0486891587649032,46.56,57.1,0.0
1788,0.186445762755744,0.0286891587649032,39.27,57.5875,280440.0
1789,0.35419337813675,0.0265620181017956,38.34,57.75,280440.0
1790,0.531492641397793,0.02,36.87,57.75,280440.0
1791,0.461277583633526,0.0186891587649032,44.93,57.75,280440.0
1792,0.269791007738928,0.0175642413760239,51.55,57.75,280440.0
1793,0.0740690735195613,0.0331497686888619,66.7,57.75,280440.0
1794,0.0009411987673998,0.0241262594778196,86.92,57.75,280440.0
1795,0.0,0.0221475454146336,82.03,57.75,280440.0
1796,0.0,0.0338059704990415,87.99,57.75,280440.0
1797,0.0,0.0506882775796152,64.26,57.75,280440.0
1798,0.0,0.0603679886008371,55.36,57.75,280440.0
1799,0.0,0.0441262594778196,56.35,57.75,280440.0
1800,0.0,0.0606882775796153,49.33,57.75,280440.0
1801,0.0,0.0828474940121585,44.12,57.75,65765.0
1802,0.0,0.0403679886008371,42.01,57.75,0.0
1803,0.0,0.0487212345343389,40.69,57.75,0.0
1804,0.0,0.109089223135176,38.88,57.75,0.0
1805,0.0,0.177341742090815,38.67,57.75,0.0
1806,0.0018635050583811,0.270896902883694,40.34,57.75,0.0
1807,0.0801473407921532,0.412273458042925,47.26,57.75,0.0
1808,0.266587272204162,0.649323580924526,51.31,57.75,0.0
1809,0.44139180209108,0.730071041657878,52.24,57.75,0.0
1810,0.538107812565283,0.598236723240637,47.01,57.75,0.0
1811,0.609716648449448,0.257410393299242,44.88,57.75,0.0
1812,0.667876017252593,0.377090104320464,41.62,57.75,0.0
1813,0.642027740081236,0.428247097478779,36.7,57.75,0.0
1814,0.340872714771742,0.45552312564546,21.02,57.75,0.0
1815,0.112078527094096,0.281685079376983,10.99,57.75,0.0
1816,0.0665186708429825,0.336801891111121,31.01,57.75,0.0
1817,0.021035885315502,0.12184527073793,46.98,57.75,0.0
1818,7.9769144300826e-05,0.102533548317545,72.08,57.75,0.0
1819,0.0,0.179489287505449,81.69,57.75,0.0
1820,0.0,0.099089223135176,87.31,57.75,0.0
1821,0.0,0.0779385732610262,79.46,57.75,0.0
1822,0.0,0.0362738048924532,72.99,57.75,0.0
1823,0.0,0.0448145370574348,72.31,57.75,0.0
1824,0.0,0.0676869354906749,67.1,57.75,0.0
1825,0.0,0.0996913820391315,64.99,57.75,0.0
1826,0.0,0.0884009455555607,60.49,57.75,0.0
1827,0.0,0.0521592164325432,55.97,57.75,0.0
1828,0.0,0.0365620181017956,58.75,57.75,0.0
1829,0.0,0.087618284282248,60.45,57.75,0.0
1830,0.0,0.324671813163721,60.49,57.75,0.0
1831,0.0109956734652652,0.482673522413198,62.6,57.75,0.0
1832,0.0551564028256646,0.443767379583062,56.6,57.75,0.0
1833,0.109240993824799,0.272250662841948,50.58,57.75,0.0
1834,0.127243123000867,0.166408170025014,47.15,57.75,0.0
1835,0.292188286373948,0.179846151923218,45.4,57.75,0.0
1836,0.251015962183542,0.161813194968494,45.91,57.75,0.0
1837,0.387449689235882,0.267879108877942,41.81,57.75,0.0
1838,0.364980615917071,0.226087881046236,40.15,57.75,0.0
1839,0.28217899920869,0.159846151923218,48.06,57.75,0.0
1840,0.141387311719972,0.0680329569547236,56.12,57.75,0.0
1841,0.024257672805514,0.035585527312838,71.76,57.75,0.0
1842,0.0001653661701918,0.0587212345343389,85.44,57.75,0.0
1843,0.0,0.0503679886008371,94.31,57.75,0.0
1844,0.0,0.099089223135176,88.29,57.75,0.0
1845,0.0,0.128332294347134,77.89,57.75,0.0
1846,0.0,0.232870289213136,72.33,57.75,0.0
1847,0.0,0.0953089851214051,72.1,57.75,0.0
1848,0.0,0.101402287644501,65.91,57.75,0.0
1849,0.0,0.0652832526361345,64.12,57.75,0.0
1850,0.0,0.179803233200062,57.14,57.75,0.0
1851,0.0,0.263609203699103,58.31,57.75,0.0
1852,0.0,0.302896021698407,59.38,57.75,0.0
1853,0.0,0.50228200429031,64.38,57.75,0.0
1854,0.0003154553747956,0.231493734053905,70.8,57.75,0.0
1855,0.0202603867245837,0.374046671572556,86.32,57.75,0.0
1856,0.166742055875755,0.495877052778936,97.87,57.75,0.0
1857,0.138442736720323,0.431021268750576,94.45,57.75,0.0
1858,0.108762507046182,0.403732725877943,82.8,57.75,0.0
1859,0.0872119037501519,0.774103651763074,72.84,57.75,0.0
1860,0.109985403544379,0.313643857404222,66.64,57.75,0.0
1861,0.147302604748729,0.695736344362211,67.7,57.75,0.0
1862,0.144152069875405,0.764366132487145,68.3,57.75,0.0
1863,0.0716685372439089,0.766525348919689,68.94,57.75,0.0
1864,0.0419717734493233,0.829114955620447,73.4,57.75,0.0
1865,0.0123728731477323,0.855965186931585,78.98,57.75,0.0
1866,0.0001377521461333,0.52033131941873,107.65,57.75,0.0
1867,0.0,0.869311722420385,145.71,57.75,0.0
1868,0.0,0.868991433441607,126.53,57.75,0.0
1869,0.0,0.850239873009326,103.72,57.75,0.0
1870,0.0,0.691045329483616,81.2,57.75,0.0
1871,0.0,0.651690688340075,78.38,57.75,0.0
1872,0.0,0.679009635229913,74.45,57.75,0.0
1873,0.0,0.685171588961436,72.0,57.75,0.0
1874,0.0,0.503732725877943,71.24,57.75,0.0
1875,0.0,0.641100200454029,71.65,57.75,0.0
1876,0.0,0.617219235462396,71.55,57.75,0.0
1877,0.0,0.628664441830053,71.24,57.75,0.0
1878,0.0047897183033266,0.551074467968759,71.01,57.75,0.0
1879,0.106917835981006,0.663849904772618,89.5,57.75,0.0
1880,0.301784593599096,0.775080142552031,110.78,57.75,0.0
1881,0.224809739187988,0.780953883074212,95.87,57.75,0.0
1882,0.122517511353346,0.808780605174307,72.02,57.75,0.0
1883,0.332576997954361,0.77780411438535,65.36,57.75,0.0
1884,0.440969386399575,0.729249320753007,58.82,57.75,0.0
1885,0.225427613234908,0.711364790398205,54.47,57.75,0.0
1886,0.176340208673539,0.611685079376983,56.72,57.75,0.0
1887,0.146018215007061,0.588929031774229,60.48,57.75,0.0
1888,0.134392836959474,0.552399089441869,70.05,57.75,0.0
1889,0.0569161492492785,0.584489654665986,73.7,57.75,0.0
1890,0.0015036677162879,0.443044448298328,103.95,57.75,0.0
1891,0.0,0.333264010299244,131.42,57.75,0.0
1892,0.0,0.402673522413198,128.96,57.75,0.0
1893,0.0,0.414640565458474,110.0,57.75,0.0
1894,0.0,0.549943207295714,89.02,57.75,0.0
1895,0.0,0.564069466773534,81.72,57.75,0.0
1896,0.0,0.516137236796673,76.1,57.75,0.0
1897,0.0,0.58653095788278,76.01,57.75,0.0
1898,0.0,0.67270266089834,73.4,57.75,0.0
1899,0.0,0.773081117480435,74.9,57.75,0.0
1900,0.0,0.795870615751656,75.7,57.75,0.0
1901,0.0,0.756487851673393,76.36,57.75,0.0
1902,0.0003541907825393,0.713345629305348,80.9,57.75,0.0
1903,0.0159598648406534,0.703798439802077,116.0,57.75,0.0
1904,0.0827169673113808,0.632082206462963,116.24,57.75,0.0
1905,0.284858601580724,0.756456697711262,98.33,57.75,0.0
1906,0.412880879465802,0.745736344362211,70.63,57.75,0.0
1907,0.384660045785261,0.756205059940911,66.0,57.75,0.0
1908,0.186046802196739,0.714089590295713,65.39,57.75,0.0
1909,0.107439572483235,0.755080142552031,61.43,57.75,0.0
1910,0.108167065669297,0.74620505994091,63.95,57.75,0.0
1911,0.102424429090162,0.742767078042706,64.35,57.75,0.0
1912,0.0920532034919478,0.743167142412979,70.78,57.75,0.0
1913,0.0277031376932295,0.598301968449192,87.07,57.75,0.0
1914,0.0005008205961879,0.552802559812014,119.68,57.75,0.0
1915,0.0,0.445457880436905,168.54,57.75,0.0
1916,0.0,0.419860682106158,159.05,57.75,0.0
1917,0.0,0.450983021559354,124.95,57.75,0.0
1918,0.0,0.424455657162677,106.52,57.75,0.0
1919,0.0,0.57952044146758,96.07,57.75,0.0
1920,0.0,0.574309246039744,79.98,57.75,0.0
1921,0.0,0.529400325288612,76.18,57.75,0.0
1922,0.0,0.572342202994468,73.37,57.75,0.0
1923,0.0,0.607490262433853,71.55,57.75,0.0
1924,0.0,0.523415842899037,71.32,57.75,0.0
1925,0.0,0.476011605397729,71.0,57.75,0.0
1926,0.002070218438804,0.272556343518523,73.51,57.75,0.0
1927,0.0618150443987253,0.231868065938908,89.26,57.75,0.0
1928,0.214529703994364,0.258769762220587,98.21,57.75,0.0
1929,0.236753699468194,0.231013159971065,102.29,57.75,0.0
1930,0.360897881497051,0.0603743318850022,80.0,57.75,0.0
1931,0.45222392041488,0.135719892445399,72.41,57.75,0.0
1932,0.245624244409675,0.212963844842644,68.03,57.75,0.0
1933,0.287825688987157,0.276087881046236,64.64,57.75,0.0
1934,0.530458582971205,0.368247097478779,59.96,57.75,0.0
1935,0.382947384674966,0.405177104181412,66.85,57.75,65625.0
1936,0.27635571998473,0.124274686077741,66.28,57.75,87500.0
1937,0.0986240812279682,0.220212218790183,75.27,57.75,21875.0
1938,0.0027563435398231,0.242113360425094,100.9,57.75,0.0
1939,0.0,0.0738380462684772,127.13,57.75,0.0
1940,0.0,0.0569300067026328,122.85,57.75,0.0
1941,0.0,0.0397117867906576,94.04,57.75,0.0
1942,0.0,0.0341262594778196,79.6,57.75,0.0
1943,0.0,0.0165620181017956,77.48,57.75,0.0
1944,0.0,0.0080329569547236,71.23,57.75,0.0
1945,0.0,0.0245949750565193,56.34,57.75,0.0
1946,0.0,0.0275642413760239,52.24,57.75,0.0
1947,0.0,0.0341262594778196,49.69,57.75,0.0
1948,0.0,0.0331497686888619,51.83,57.75,0.0
1949,0.0,0.0487212345343389,52.8,57.75,0.0
1950,0.0068975492081492,0.0644942480786567,59.89,57.75,0.0
1951,0.116388118906548,0.0211569931583149,74.1,57.75,0.0
1952,0.310215192186379,0.0141262594778196,67.39,57.75,0.0
1953,0.481551512620638,0.0206882775796152,68.09,57.75,0.0
1954,0.605480322892607,0.0,56.32,57.75,0.0
1955,0.684207069799857,0.03,51.81,57.75,0.0
1956,0.705774281024487,0.05,49.85,57.885,0.0
1957,0.684839275696231,0.0686891587649032,49.76,57.93,0.0
1958,0.613374543817661,0.0670307336804953,51.49,57.93,0.0
1959,0.488098718687496,0.0586891587649032,52.39,57.93,0.0
1960,0.305082001655364,0.114594975056519,59.97,57.93,0.0
1961,0.108526161795654,0.227735463176923,76.87,57.93,0.0
1962,0.0043103249818084,0.406722209462743,88.98,57.93,0.0
1963,0.0,0.289458039800202,121.59,57.93,0.0
1964,0.0,0.243546895774842,118.71,57.93,0.0
1965,0.0,0.140465778294407,95.0,57.93,0.0
1966,0.0,0.0794095121139541,82.25,57.93,0.0
1967,0.0,0.0238059704990415,80.15,57.93,0.0
1968,0.0,0.0065620181017956,77.47,57.93,0.0
1969,0.0,0.0,77.77,57.93,0.0
1970,0.0,0.0,72.47,57.93,0.0
1971,0.0,0.0,65.92,57.93,0.0
1972,0.0,0.0,63.98,57.93,0.0
1973,0.0,0.0,59.84,57.93,0.0
1974,0.0092877473901388,0.0,61.44,57.93,0.0
1975,0.125811214129268,0.0,58.34,57.93,0.0
1976,0.318265988537495,0.0,52.82,57.93,0.0
1977,0.489220717247435,0.0,39.12,57.93,0.0
1978,0.61094288619478,0.0,13.2,57.93,0.0
1979,0.687161956061786,0.0,0.02,57.93,0.0
1980,0.707236379358447,0.0,-0.05,57.93,0.0
1981,0.685966837438605,0.0,-1.94,57.93,0.0
1982,0.616073528209276,0.01,-5.71,57.93,0.0
1983,0.491930318287254,0.04,-8.45,57.93,0.0
1984,0.312378598721386,0.107712667975946,-1.46,57.93,0.0
1985,0.118156813773126,0.120091446409404,0.07,57.93,0.0
1986,0.006598269281241,0.0648145370574348,47.8,57.93,0.0
1987,0.0,0.0679322299768611,70.09,57.93,0.0
1988,0.0,0.0362417291230175,69.15,57.93,0.0
1989,0.0,0.0296797110212219,52.94,57.93,0.0
1990,0.0,0.0480329569547236,45.84,57.93,0.0
1991,0.0,0.0265620181017956,40.28,57.93,0.0
1992,0.0,0.0,28.39,57.93,0.0
1993,0.0,0.0,32.1,57.93,0.0
1994,0.0,0.0,13.28,57.93,0.0
1995,0.0,0.01,10.13,57.93,0.0
1996,0.0,0.0075642413760239,17.0,57.93,0.0
1997,0.0,0.0603679886008371,19.92,57.93,0.0
1998,0.0053674230291425,0.0672760281666815,26.82,57.93,0.0
1999,0.076269067216888,0.0828474940121585,14.87,57.93,0.0
2000,0.165155513457568,0.148718297250046,1.96,57.93,0.0
2001,0.226578538455957,0.108435599260679,0.0,57.93,0.0
2002,0.244395335461672,0.03,0.0,57.93,0.0
2003,0.235506097720871,0.0386891587649032,0.0,57.93,0.0
2004,0.42918119768419,0.0565620181017957,0.0,57.93,0.0
2005,0.570359829741838,0.03,0.0,57.93,0.0
2006,0.621141963213707,0.04,0.0,57.93,0.0
2007,0.505480813965351,0.02,0.0,57.93,0.0
2008,0.323140801584984,0.0231240362035913,0.0,57.93,0.0
2009,0.124545146043659,0.0572502956814109,16.69,57.93,0.0
2010,0.0078696725176203,0.245325437038217,59.4,57.93,0.0
2011,0.0,0.391329043023403,75.0,57.93,0.0
2012,0.0,0.517136241557261,74.9,57.93,0.0
2013,0.0,0.455521860113398,66.9,57.93,0.0
2014,0.0,0.303051635270535,64.77,57.93,0.0
2015,0.0,0.276803562863352,64.27,57.93,0.0
2016,0.0,0.0580329569547236,62.97,57.93,0.0
2017,0.0,0.0670307336804953,62.51,57.93,0.0
2018,0.0,0.0786891587649032,62.29,57.93,0.0
2019,0.0,0.114594975056519,62.48,57.93,0.0
2020,0.0,0.242647977414159,64.51,57.93,0.0
2021,0.0,0.346180999207871,66.96,57.93,0.0
2022,0.0071955517325955,0.358962779295895,77.14,57.93,0.0
2023,0.0926773841968865,0.324047515260598,88.43,57.93,0.0
2024,0.317402706089239,0.350800597456124,113.87,57.93,0.0
2025,0.510272895159739,0.361920187111259,99.68,57.93,0.0
2026,0.633075095278394,0.0586891587649032,77.43,57.93,0.0
2027,0.702352391587164,0.0596797110212219,70.05,57.93,0.0
2028,0.718903407107154,0.114594975056519,63.66,57.93,0.0
2029,0.696148977153807,0.179846151923218,61.85,57.93,100000.0
2030,0.625922435976916,0.105251176866699,63.22,57.93,100000.0
2031,0.501023951544203,0.0952511768666989,64.52,57.93,100000.0
2032,0.321231610997787,0.0918389274537651,73.97,57.93,100000.0
2033,0.124512033866867,0.0597117867906576,81.05,57.93,100000.0
2034,0.0086315139273219,0.0306882775796152,111.88,57.93,100000.0
2035,0.0,0.0306882775796152,174.7,57.93,100000.0
2036,0.0,0.0362417291230175,149.75,57.93,100000.0
2037,0.0,0.0538059704990415,102.73,57.93,100000.0
2038,0.0,0.0638059704990415,82.39,57.93,100000.0
2039,0.0,0.0782782514409098,79.56,57.93,100000.0
2040,0.0,0.0165620181017956,74.74,57.93,0.0
2041,0.0,0.0,79.9,57.93,0.0
2042,0.0,0.0,73.3,57.93,0.0
2043,0.0,0.0034379818982043,68.91,57.93,0.0
2044,0.0,0.0010022232742283,67.98,57.93,0.0
2045,0.0,0.0241262594778196,70.07,57.93,0.0
2046,0.0036758214013406,0.0306882775796152,72.28,57.93,0.0
2047,0.0448684427956248,0.0603743318850022,80.38,57.93,0.0
2048,0.123976721510082,0.0997464404957761,79.2,57.93,0.0
2049,0.174724718753192,0.0341262594778196,72.1,57.93,0.0
2050,0.159876990654446,0.0534920248044284,62.0,57.93,0.0
2051,0.24514863533904,0.0286891587649032,49.5,57.93,0.0
2052,0.333962175963945,0.03,37.03,57.93,0.0
2053,0.550211941376968,0.03,11.49,57.93,0.0
2054,0.48712860409249,0.0465620181017956,27.35,57.93,0.0
2055,0.244220013027469,0.0952511768666989,37.1,57.93,0.0
2056,0.106079209241149,0.19299592061208,51.93,57.93,0.0
2057,0.0261646613080255,0.189777500714791,68.06,57.93,0.0
2058,0.0014614490961645,0.359424042296894,81.05,57.93,0.0
2059,0.0,0.327082667366615,100.75,57.93,0.0
2060,0.0,0.529155030802425,100.3,57.93,0.0
2061,0.0,0.501197068340294,80.0,57.93,0.0
2062,0.0,0.556191279702897,77.05,57.93,0.0
2063,0.0,0.647287886670823,72.82,57.93,0.0
2064,0.0,0.631759339548502,66.92,57.93,0.0
2065,0.0,0.550757116274273,58.35,57.93,0.0
2066,0.0,0.642428227927011,57.09,57.93,0.0
2067,0.0,0.685200727446578,57.28,57.93,0.0
2068,0.0,0.694457672639665,57.79,57.93,0.0
2069,0.0,0.670235654569118,60.03,57.93,0.0
2070,0.0092800157169445,0.597296807890671,72.38,57.93,0.0
2071,0.103482452201946,0.57608880285354,81.17,57.93,0.0
2072,0.215953072086571,0.648846865933283,82.78,57.93,0.0
2073,0.423269448265019,0.211524981759152,80.01,57.93,0.0
2074,0.591896773271241,0.144962963657356,68.12,57.93,0.0
2075,0.66418521973728,0.0680329569547236,63.9,57.93,0.0
2076,0.680860583752208,0.0780329569547236,57.13,57.93,0.0
2077,0.663971455862619,0.180836704179537,57.66,57.93,0.0
2078,0.593460815852856,0.21952586294444,60.0,57.93,0.0
2079,0.468532283885259,0.262005368355761,67.8,57.93,0.0
2080,0.231567861062971,0.25952586294444,78.93,57.93,0.0
2081,0.0473705017886755,0.676425918721594,84.14,57.93,0.0
2082,0.0029785056324616,0.673676214403005,100.53,57.93,0.0
2083,0.0,0.479855166886182,125.93,57.93,0.0
2084,0.0,0.61917524806772,118.94,57.93,0.0
2085,0.0,0.723877840221109,99.42,57.93,0.0
2086,0.0,0.706901883767911,84.25,57.93,0.0
2087,0.0,0.629994672266255,83.02,57.93,0.0
2088,0.0,0.555071690047762,74.47,57.93,0.0
2089,0.0,0.56825353450606,79.09,57.93,0.0
2090,0.0,0.644777133554255,72.6,57.93,0.0
2091,0.0,0.612404698404961,65.24,57.93,0.0
2092,0.0,0.519261273000264,64.41,57.93,0.0
2093,0.0,0.529943207295714,66.69,57.93,0.0
2094,0.0190885386434748,0.640996895540484,71.6,57.93,0.0
2095,0.152226128745369,0.739300051402475,82.07,57.93,0.0
2096,0.344772337005029,0.70346279257617,83.19,57.93,0.0
2097,0.508999744950099,0.51724635847055,80.92,57.93,0.0
2098,0.628799007378431,0.344120838000959,63.24,57.93,0.0
2099,0.698436337485452,0.25952586294444,47.07,57.93,0.0
2100,0.717471894471158,0.357558819899164,37.0,57.93,0.0
2101,0.693519227509662,0.498903299288958,6.74,57.93,0.0
2102,0.618620161461727,0.528247097478779,0.05,57.93,0.0
2103,0.482272140537556,0.555811338854803,0.04,57.93,0.0
2104,0.289088745482665,0.668558105889099,9.82,57.93,0.0
2105,0.111973474376492,0.83367785490753,33.17,57.93,0.0
2106,0.0078703416002027,0.776205059940911,52.72,57.93,0.0
2107,0.0,0.683700650108508,73.97,57.93,0.0
2108,0.0,0.772644383928055,70.33,57.93,0.0
2109,0.0,0.851242096283554,62.54,57.93,0.0
2110,0.0,0.849771157430626,51.83,57.93,0.0
2111,0.0,0.879403168829789,33.05,57.93,0.0
2112,0.0,0.849114955620447,25.0,57.93,0.0
2113,0.0,0.879403168829789,20.6,57.93,0.0
2114,0.0,0.881838927453765,18.83,57.93,0.0
2115,0.0,0.719206402029851,12.43,57.93,0.0
2116,0.0,0.783769301316935,10.24,57.93,0.0
2117,0.0,0.851242096283554,12.59,57.93,0.0
2118,0.0069608629555891,0.865644897952806,14.32,57.93,0.0
2119,0.0623978330311643,0.866433902510284,22.02,57.93,0.0
2120,0.0856290100120484,0.855644897952806,22.39,57.93,0.0
2121,0.165553053781837,0.859403168829789,15.94,57.93,0.0
2122,0.183014433241559,0.881838927453765,13.28,57.93,0.0
2123,0.143374697735362,0.843998143886308,16.88,57.93,0.0
2124,0.148124887331911,0.853998143886308,18.83,57.93,0.0
2125,0.235618223028856,0.878400945555561,13.0,57.93,0.0
2126,0.170092877538514,0.883805970499041,9.86,57.93,0.0
2127,0.114287727003309,0.887243952397246,13.44,57.93,0.0
2128,0.0888928989773503,0.878400945555561,21.58,57.93,0.0
2129,0.0463082409671889,0.885276909351969,49.5,57.93,0.0
2130,0.0035348215950956,0.793769301316935,79.93,57.93,0.0
2131,0.0,0.810953883074212,101.97,57.93,0.0
2132,0.0,0.863209139328831,105.45,57.93,0.0
2133,0.0,0.769206402029851,87.4,57.93,0.0
2134,0.0,0.765448131152868,79.93,57.93,0.0
2135,0.0,0.768886113051073,75.89,57.93,0.0
2136,0.0,0.788886113051073,70.0,57.93,0.0
2137,0.0,0.739297848439255,69.3,57.93,0.0
2138,0.0,0.609009635229913,58.16,57.93,0.0
2139,0.0,0.797515901176007,58.88,57.93,0.0
2140,0.0,0.836358908017692,58.95,57.93,0.0
2141,0.0,0.85320913932883,59.23,57.93,0.0
2142,0.0055009792765674,0.818492391964965,65.05,57.93,0.0
2143,0.0478199297293642,0.865965186931585,58.57,57.93,0.0
2144,0.102593729132723,0.881838927453765,47.79,57.93,0.0
2145,0.145132887301171,0.882127140663107,45.23,57.93,0.0
2146,0.173212881428038,0.888032956954723,43.38,57.93,0.0
2147,0.243013517513901,0.883117692919426,34.49,57.93,0.0
2148,0.393292427024829,0.888032956954723,23.21,57.93,0.0
2149,0.482497221145181,0.882127140663107,14.76,57.93,0.0
2150,0.444684047648176,0.888032956954723,6.85,57.93,0.0
2151,0.200304558254546,0.882127140663107,15.87,57.93,0.0
2152,0.145903810701104,0.869311722420385,34.2,57.93,0.0
2153,0.0469473184393564,0.881838927453765,52.52,57.93,0.0
2154,0.0036778227105438,0.882159216432543,77.75,57.93,0.0
2155,0.0,0.861550714244423,88.11,57.93,0.0
2156,0.0,0.839771157430626,83.53,57.93,0.0
2157,0.0,0.881838927453765,74.11,57.93,0.0
2158,0.0,0.864988696142627,71.47,57.93,0.0
2159,0.0,0.879403168829789,70.83,57.93,0.0
2160,0.0,0.855185462942565,65.74,57.93,0.0
2161,0.0,0.88068193429545,75.7,57.93,0.0
2162,0.0,0.880393721086108,66.71,57.93,0.0
2163,0.0,0.874908920751132,64.98,57.93,0.0
2164,0.0,0.881838927453765,60.48,57.93,0.0
2165,0.0,0.879035180228952,58.74,57.93,0.0
2166,0.0048004504676927,0.882829479710084,64.46,57.93,0.0
2167,0.0766754061953809,0.885276909351969,71.51,57.93,0.0
2168,0.319326484826636,0.871838927453765,65.03,57.93,0.0
2169,0.410680502402301,0.815644897952807,50.32,57.93,0.0
2170,0.153975574215599,0.691685079376983,41.03,57.93,0.0
2171,0.523819492562281,0.609718036331707,29.52,57.93,0.0
2172,0.383751907748651,0.639249320753007,19.85,57.93,0.0
2173,0.451166792550321,0.681364790398205,3.06,57.93,0.0
2174,0.654871456320681,0.568247097478779,1.03,57.93,0.0
2175,0.325053900227013,0.645491049876025,15.27,57.93,0.0
2176,0.262787136524306,0.536579391825913,41.07,57.93,0.0
2177,0.109413122703366,0.684169365687207,66.74,57.93,0.0
2178,0.0110974498268743,0.77273583033746,89.32,57.93,0.0
2179,0.0,0.71930639468664,117.29,57.93,0.0
2180,0.0,0.67171090560537,83.72,57.93,0.0
2181,0.0,0.613118708469847,70.0,57.93,0.0
2182,0.0,0.579287005485535,64.51,57.93,0.0
2183,0.0,0.494446735942829,54.9,57.93,0.0
2184,0.0,0.312550000234358,49.95,57.93,0.0
2185,0.0,0.261868065938908,48.98,57.93,0.0
2186,0.0,0.446479492912239,46.06,57.93,0.0
2187,0.0,0.410514305980654,43.58,57.93,0.0
2188,0.0,0.418078547356678,49.4,57.93,0.0
2189,0.0,0.466111504311402,52.35,57.93,0.0
2190,0.0292936065617995,0.46169703162424,58.71,57.93,0.0
2191,0.173676534081818,0.611659440634828,64.49,57.93,0.0
2192,0.338002107773418,0.596237135710346,58.71,57.93,0.0
2193,0.300334718971453,0.694834848065845,60.89,57.93,0.0
2194,0.252699595424253,0.513844295809526,54.36,57.93,0.0
2195,0.261215051889081,0.805155137044623,35.39,57.93,0.0
2196,0.238964629938395,0.822206916054602,13.04,57.93,0.0
2197,0.267622011245444,0.823998143886308,0.03,57.93,0.0
2198,0.227817495883868,0.835644897952807,-0.01,57.93,0.0
2199,0.093748659199951,0.881838927453765,-0.01,57.93,0.0
2200,0.0696636366740375,0.875565122561312,-0.01,57.93,0.0
2201,0.0423196717887536,0.868000881185288,5.79,57.93,0.0
2202,0.0045235245608237,0.796907211501655,41.97,57.93,0.0
2203,0.0,0.877424454766603,48.53,57.93,0.0
2204,0.0,0.88415199196309,49.88,57.93,0.0
2205,0.0,0.875644897952807,45.69,57.93,0.0
2206,0.0,0.865965186931585,25.97,57.93,0.0
2207,0.0,0.843209139328831,7.47,57.93,0.0
2208,0.0,0.81193037386317,7.97,57.93,0.0
2209,0.0,0.802644383928055,1.28,57.93,0.0
2210,0.0,0.724883375752093,0.61,57.93,0.0
2211,0.0,0.643135894707732,0.87,57.93,0.0
2212,0.0,0.599697912809528,1.94,57.93,0.0
2213,0.0,0.548638709344782,7.27,57.93,0.0
2214,0.0142301050191332,0.456799781891017,57.22,57.93,0.0
2215,0.122219310113488,0.352610386424747,74.36,57.93,0.0
2216,0.286839511667622,0.458860380565802,68.93,57.93,0.0
2217,0.357675198104965,0.509937598332622,46.98,57.93,0.0
2218,0.201764707016723,0.475811338854803,2.66,57.93,0.0
2219,0.213321877426991,0.401364790398205,-0.06,57.93,0.0
2220,0.181036989388595,0.341685079376983,-1.09,57.93,0.0
2221,0.208358933317515,0.354120838000959,-0.97,57.93,0.0
2222,0.216157847255485,0.498247097478779,-0.07,57.93,0.0
2223,0.188054849295512,0.330239873009326,0.0,57.93,0.0
2224,0.149578870364725,0.270560161988104,4.31,57.93,0.0
2225,0.0442335579661326,0.315054410066761,41.46,57.93,0.0
2226,0.0052517030610477,0.284678156447886,72.7,57.93,0.0
2227,0.0,0.0887212345343389,95.39,57.93,0.0
2228,0.0,0.0345949750565193,94.88,57.93,0.0
2229,0.0,0.0262417291230175,78.13,57.93,0.0
2230,0.0,0.0065620181017956,74.86,57.93,0.0
2231,0.0,0.0065620181017956,70.88,57.93,0.0
2232,0.0,0.0141262594778196,74.13,57.93,0.0
2233,0.0,0.03,71.75,57.93,0.0
2234,0.0,0.0738059704990415,70.05,57.93,0.0
2235,0.0,0.0835294283076087,72.51,57.93,0.0
2236,0.0,0.106999485975249,72.34,57.93,0.0
2237,0.0,0.108721234534339,78.71,57.93,0.0
2238,0.0076936565993773,0.17803001967043,94.91,57.93,0.0
2239,0.0429361616852447,0.237062450101321,117.93,57.93,0.0
2240,0.102773822096272,0.16886966113426,117.93,57.93,0.0
2241,0.15271015695594,0.21952586294444,100.98,57.93,0.0
2242,0.18366139162343,0.186087881046236,107.35,57.93,0.0
2243,0.189705118486117,0.266433902510284,90.81,57.93,0.0
2244,0.173456434194115,0.351685079376983,82.03,57.93,0.0
2245,0.190553693510774,0.370239873009326,76.88,57.93,0.0
2246,0.168704324640701,0.411364790398205,73.04,57.93,0.0
2247,0.12291703528556,0.349249320753007,73.07,57.93,0.0
2248,0.0743618662675819,0.368961107543665,76.7,57.93,0.0
2249,0.0311135211738807,0.455202836666682,92.44,57.93,0.0
2250,0.0034520105596987,0.469361171913938,108.14,57.93,0.0
2251,0.0,0.449329096144502,123.3,57.93,0.0
2252,0.0,0.586237135710346,101.58,57.93,0.0
2253,0.0,0.592799153812142,80.97,57.93,0.0
2254,0.0,0.580262668210303,75.51,57.93,0.0
2255,0.0,0.551739950347396,63.89,57.93,0.0
2256,0.0,0.693113099506755,54.52,57.93,0.0
2257,0.0,0.792644383928055,52.01,57.93,0.0
2258,0.0,0.711321871675049,50.17,57.93,0.0
2259,0.0,0.776205059940911,51.57,57.93,0.0
2260,0.0,0.727895560794754,51.94,57.93,0.0
2261,0.0,0.763769301316935,55.1,57.93,0.0
2262,0.0057015356519765,0.792767078042706,67.52,57.93,0.0
2263,0.0462705755684492,0.783389641698188,79.16,57.93,0.0
2264,0.0668032255377919,0.758492391964965,77.18,57.93,0.0
2265,0.131848805905199,0.698640818564887,71.94,57.93,0.0
2266,0.144662813457829,0.751685079376983,69.45,57.93,0.0
2267,0.123815313619101,0.772675631633302,63.06,57.93,0.0
2268,0.128713253005573,0.731685079376983,58.08,57.93,0.0
2269,0.156407065847864,0.709249320753007,56.22,57.93,0.0
2270,0.154245502052151,0.721685079376983,55.49,57.93,0.0
2271,0.114508238248366,0.685491049876025,56.17,57.93,0.0
2272,0.106722387134024,0.703055291252049,57.08,57.93,0.0
2273,0.0638199188857161,0.673700650108508,69.08,57.93,0.0
2274,0.0071884379225762,0.684883375752093,75.36,57.93,0.0
2275,0.0,0.663161627193003,90.66,57.93,0.0
2276,0.0,0.527481716186467,80.58,57.93,0.0
2277,0.0,0.383638342184246,73.29,57.93,0.0
2278,0.0,0.306682602996342,71.47,57.93,0.0
2279,0.0,0.234303824562884,61.53,57.93,0.0
2280,0.0,0.223615546983268,62.72,57.93,0.0
2281,0.0,0.261868065938908,59.08,57.93,0.0
2282,0.0,0.322582076003793,55.96,57.93,0.0
2283,0.0,0.248744029735316,56.59,57.93,0.0
2284,0.0,0.220491510779677,53.9,57.93,0.0
2285,1.5277264184365e-07,0.178801009925834,62.5,57.93,0.0
2286,0.0392210646159888,0.214617770257497,76.29,57.93,0.0
2287,0.199311839596908,0.328147198565105,84.24,57.93,0.0
2288,0.396513500541055,0.362299190528196,81.0,57.93,0.0
2289,0.561735926528073,0.205431679236056,67.59,57.93,0.0
2290,0.68508925780461,0.144274686077741,50.5,57.93,0.0
2291,0.754271285909549,0.143284133821422,25.97,57.36,0.0
2292,0.772040274367482,0.132281910547194,9.16,57.17,0.0
2293,0.74541154525398,0.0770307336804953,0.0,57.17,0.0
2294,0.672947440818755,0.0486891587649032,-0.1,57.17,0.0
2295,0.549597948272489,0.0465620181017956,0.05,57.17,0.0
2296,0.375296770554513,0.0580329569547236,8.09,57.17,0.0
2297,0.175197919154467,0.099403168829789,37.46,57.17,0.0
2298,0.0256415853651595,0.11252720503338,49.65,57.17,0.0
2299,0.0,0.0752832526361345,55.94,57.17,0.0
2300,0.0,0.0431497686888619,55.64,57.17,0.0
2301,0.0,0.0065620181017956,54.71,57.17,0.0
2302,0.0,0.0,56.13,57.17,0.0
2303,0.0,0.0,55.07,57.17,0.0
2304,0.0,0.0,43.08,57.17,0.0
2305,0.0,0.0,45.01,57.17,0.0
2306,0.0,0.0065620181017956,46.89,57.17,0.0
2307,0.0,0.0065620181017956,47.56,57.17,0.0
2308,0.0,0.0175642413760239,50.65,57.17,0.0
2309,5.15696262239666e-05,0.0441262594778196,54.88,57.17,0.0
2310,0.0470858507774403,0.0762854759103628,58.73,57.17,0.0
2311,0.212213406609201,0.125965186931585,59.87,57.17,0.0
2312,0.403687018045858,0.262618651442785,59.24,57.17,0.0
2313,0.561968995674477,0.318873067134132,48.94,57.17,0.0
2314,0.663046196910368,0.439718036331707,29.42,57.17,0.0
2315,0.559012392456655,0.498247097478779,-0.73,57.17,0.0
2316,0.508038281711229,0.605491049876025,-16.4,57.17,0.0
2317,0.360313192010898,0.731610084884391,-59.92,57.17,0.0
2318,0.261243178095934,0.754045843508367,-57.59,57.17,0.0
2319,0.166946072765079,0.832552937518651,-34.61,57.17,0.0
2320,0.0852255014918299,0.839771157430626,-4.66,57.17,0.0
2321,0.040434393949523,0.801930373863169,15.81,57.17,0.0
2322,0.0061430358616255,0.815368355761374,67.56,57.17,0.0
2323,0.0,0.706605124311183,73.99,57.17,0.0
2324,0.0,0.556922476005668,68.65,57.17,0.0
2325,0.0,0.43889586233511,46.46,57.17,0.0
2326,0.0,0.616525348919689,45.07,57.17,0.0
2327,0.0,0.484863986550988,25.88,57.17,0.0
2328,0.0,0.566856762081535,10.97,57.17,0.0
2329,0.0,0.549261273000264,0.09,57.17,0.0
2330,0.0,0.566191279702897,0.0,57.17,0.0
2331,0.0,0.551690688340075,0.0,57.17,0.0
2332,0.0,0.501739950347396,0.0,57.17,0.0
2333,0.0,0.505145856476165,0.0,57.17,0.0
2334,0.0173002424079777,0.59033131941873,0.0,57.17,0.0
2335,0.0775744463180475,0.489617309353844,0.0,57.17,0.0
2336,0.188685268957139,0.607926808500001,0.0,57.17,0.0
2337,0.438123792491883,0.550374238141886,-0.01,57.17,0.0
2338,0.567310470894074,0.588247097478779,-0.16,57.17,0.0
2339,0.557710653222335,0.661685079376983,-3.25,57.17,0.0
2340,0.425975673269223,0.685123061275188,-9.94,57.17,0.0
2341,0.655432547639718,0.597926808500001,-26.79,57.17,0.0
2342,0.69557205054992,0.577926808500001,-20.06,57.17,0.0
2343,0.566170079796632,0.535491049876025,-5.04,57.17,0.0
2344,0.390434473352923,0.456205059940911,-0.16,57.17,0.0
2345,0.189680189122517,0.426456697711262,6.92,57.17,0.0
2346,0.0320587631897541,0.163247558382431,91.46,57.17,0.0
2347,0.0,0.0487212345343389,108.39,57.17,0.0
2348,0.0,0.139121298904612,106.4,57.17,0.0
2349,0.0,0.210491510779677,89.95,57.17,0.0
2350,0.0,0.12942890131506,77.46,57.17,0.0
2351,0.0,0.397798599165374,72.06,57.17,0.0
2352,0.0,0.258737686451151,70.77,57.17,0.0
2353,0.0,0.18080545647429,70.71,57.17,0.0
2354,0.0,0.186930834766822,68.12,57.17,0.0
2355,0.0,0.0804000643702728,70.71,57.17,0.0
2356,0.0,0.0652832526361345,71.57,57.17,0.0
2357,0.0009675982126172,0.0406882775796153,77.44,57.17,0.0
2358,0.0557154430643084,0.0080329569547236,101.99,57.17,0.0
2359,0.227045333057079,0.0,149.78,57.17,45835.0
2360,0.422367194672112,0.0,128.52,57.17,91670.0
2361,0.585095247160351,0.0,85.51,57.17,0.0
2362,0.70808823695817,0.0,80.6,57.17,0.0
2363,0.774230776284613,0.01,71.23,57.17,0.0
2364,0.790692090585931,0.03,64.7,57.17,0.0
2365,0.762893866424008,0.03,60.0,57.17,0.0
2366,0.68153828789672,0.0386891587649032,57.89,57.17,0.0
2367,0.457427497774356,0.0486891587649032,63.4,57.17,0.0
2368,0.28944341414777,0.0480329569547236,70.0,57.17,0.0
2369,0.176483240654428,0.01,75.01,57.17,0.0
2370,0.0333856519895918,0.0065620181017956,104.9,57.17,0.0
2371,0.0,0.0828474940121585,137.3,57.17,0.0
2372,0.0,0.230865842664679,124.8,57.17,0.0
2373,0.0,0.549654994086372,84.85,57.17,0.0
2374,0.0,0.662430430890231,77.0,57.17,0.0
2375,0.0,0.722424087606066,70.19,57.17,0.0
2376,0.0,0.791447596817109,78.21,57.17,225000.0
2377,0.0,0.69650522539751,69.39,57.17,486360.0
2378,0.0,0.780939915349967,64.73,57.17,261360.0
2379,0.0,0.793369330689777,59.95,57.17,261360.0
2380,0.0,0.794800663076305,62.48,57.17,261360.0
2381,1.40324388994046e-05,0.727895560794754,68.34,57.17,261360.0
2382,0.0166159568303733,0.670363395188166,86.69,57.17,261360.0
2383,0.0472621333532461,0.646479492912239,90.9,57.17,261360.0
2384,0.0955409663219167,0.618295625165027,79.78,57.17,261360.0
2385,0.116776256648221,0.608672894334322,68.3,57.17,261360.0
2386,0.111959006766571,0.603455355622322,51.6,57.17,261360.0
2387,0.144926059876235,0.461364790398205,43.98,57.17,261360.0
2388,0.151826855928868,0.517581615100141,36.05,57.17,0.0
2389,0.133977450531356,0.623769301316935,10.09,57.17,0.0
2390,0.135916653363899,0.410963632358249,10.5,57.17,0.0
2391,0.0962406793061166,0.514838254065717,29.04,57.17,0.0
2392,0.0737710681525762,0.602053896042009,38.27,57.17,0.0
2393,0.04070000895336,0.704169365687207,50.15,57.17,0.0
2394,0.0079410759806541,0.66998612601887,65.9,57.17,0.0
2395,0.0,0.768197835471458,81.75,57.17,0.0
2396,0.0,0.757239358984574,81.74,57.17,0.0
2397,0.0,0.794759853573253,67.98,57.17,0.0
2398,0.0,0.751321871675049,60.51,57.17,0.0
2399,0.0,0.703012372528892,35.49,57.17,0.0
2400,0.0,0.757239358984574,22.89,57.17,0.0
2401,0.0,0.742356170718713,5.95,57.17,0.0
2402,0.0,0.778886113051073,6.19,57.17,0.0
2403,0.0,0.807515901176007,8.99,57.17,0.0
2404,0.0,0.771321871675049,26.3,57.17,457630.0
2405,0.0003532536980558,0.805080142552031,50.03,57.17,457630.0
2406,0.0293139320144136,0.763481088107592,75.91,57.17,457630.0
2407,0.0743190952493936,0.789206402029851,99.63,57.17,457630.0
2408,0.098760921936208,0.791642160653827,106.02,57.17,457630.0
2409,0.195800791594875,0.776525348919689,80.46,57.17,457630.0
2410,0.124808340119108,0.746237135710346,67.66,57.17,457630.0
2411,0.146303961633031,0.691733607063231,56.05,57.17,457630.0
2412,0.128374848019269,0.618295625165027,55.62,57.17,457630.0
2413,0.139852092906714,0.627607347585412,30.32,57.17,228815.0
2414,0.139663914014441,0.595177932245601,31.29,57.17,0.0
2415,0.113910441822481,0.424863986550988,55.35,57.17,0.0
2416,0.0793665096742339,0.375385823228607,62.91,57.17,0.0
2417,0.0655494993356228,0.301579852729565,75.32,57.17,0.0
2418,0.0113538675351439,0.269458039800202,100.83,57.17,0.0
2419,0.0,0.103535771591774,191.15,57.17,0.0
2420,0.0,0.0511569931583149,191.19,57.17,0.0
2421,0.0,0.0587212345343389,115.59,57.17,0.0
2422,0.0,0.0925272050333803,86.1,57.17,0.0
2423,0.0,0.110097789693569,76.1,57.17,0.0
2424,0.0,0.0241519919630902,72.58,57.17,0.0
2425,0.0,0.0,67.36,57.17,0.0
2426,0.0,0.03,62.24,57.17,0.0
2427,0.0,0.357490168690737,58.81,57.17,0.0
2428,0.0,0.139089223135176,59.08,57.17,0.0
2429,0.0004628914017777,0.0387212345343389,55.57,57.17,0.0
2430,0.0294381169345959,0.0065620181017956,74.63,57.17,0.0
2431,0.0840676251969025,0.0,68.8,57.17,0.0
2432,0.361438683135247,0.02,52.2,57.17,0.0
2433,0.422059916798191,0.0465620181017956,30.0,57.17,0.0
2434,0.29628437964089,0.0745949750565193,10.05,57.17,0.0
2435,0.25973191617791,0.0852511768666988,0.86,57.17,0.0
2436,0.386849816339642,0.178400945555561,0.91,57.17,0.0
2437,0.472781271688663,0.104274686077741,1.1,57.17,0.0
2438,0.320449816019719,0.0365620181017956,0.57,57.17,0.0
2439,0.199018170996914,0.0938059704990415,29.57,57.17,0.0
2440,0.207567975742946,0.0638059704990415,59.74,57.17,0.0
2441,0.143157277105884,0.0265620181017956,76.74,57.17,0.0
2442,0.0314261020830755,0.0241262594778196,100.7,57.17,0.0
2443,7.423380973991141e-09,0.0,134.36,57.17,0.0
2444,0.0,0.0,137.82,57.17,0.0
2445,0.0,0.0,98.79,57.17,0.0
2446,0.0,0.0,82.42,57.17,0.0
2447,0.0,0.0,76.51,57.17,0.0
2448,0.0,0.0080329569547236,75.71,57.17,0.0
2449,0.0,0.0341262594778196,71.74,57.17,0.0
2450,0.0,0.0241262594778196,68.89,57.17,0.0
2451,0.0,0.0421592164325432,69.26,57.17,0.0
2452,0.0,0.0065620181017956,69.52,57.17,0.0
2453,0.0004794933616769,0.0065620181017956,77.53,57.17,0.0
2454,0.0208578849160543,0.0141262594778196,91.23,57.17,0.0
2455,0.180237711273138,0.0,97.0,57.17,0.0
2456,0.346702235587899,0.0,86.83,57.17,0.0
2457,0.345474749340731,0.0,70.98,57.17,0.0
2458,0.379366502731217,0.0080329569547236,42.86,57.17,0.0
2459,0.457459715855793,0.03,18.86,65.3,0.0
2460,0.281176068080598,0.0375642413760239,0.0,68.01,0.0
2461,0.12466444182791,0.0286891587649032,-0.07,68.01,0.0
2462,0.2398435712222,0.01,0.01,68.01,0.0
2463,0.133860106186954,0.0,0.18,68.01,0.0
2464,0.118271260450128,0.0,0.22,68.01,0.0
2465,0.0838237098337571,0.0,57.37,68.01,0.0
2466,0.0126798936421047,0.02,81.93,68.01,0.0
2467,5.16290030471034e-10,0.0,125.95,68.01,0.0
2468,0.0,0.0,124.13,68.01,0.0
2469,0.0,0.0,86.6,68.01,0.0
2470,0.0,0.0,77.99,68.01,0.0
2471,0.0,0.0075642413760239,68.1,68.01,0.0
2472,0.0,0.0362417291230175,60.22,68.01,0.0
2473,0.0,0.115308985121405,49.07,68.01,275860.0
2474,0.0,0.21146165828447,24.41,68.01,275860.0
2475,0.0,0.312932597137398,19.41,68.01,275860.0
2476,0.0,0.326353392797716,19.95,68.01,275860.0
2477,0.0020191024571629,0.191519466539176,25.32,68.01,275860.0
2478,0.0614359219543134,0.106999485975249,30.18,68.01,275860.0
2479,0.214764370648136,0.0472502956814109,35.26,68.01,275860.0
2480,0.398120304987702,0.0580329569547236,22.6,68.01,68965.0
2481,0.328483446550581,0.104594975056519,8.8,68.01,0.0
2482,0.201674793887884,0.104594975056519,-0.02,68.01,0.0
2483,0.181786245592346,0.115251176866699,-9.97,68.01,0.0
2484,0.174878247865746,0.190836704179537,-25.96,68.01,0.0
2485,0.240118506480319,0.164274686077741,-50.0,68.01,0.0
2486,0.223778090640724,0.170836704179537,-55.01,68.01,0.0
2487,0.185601189261767,0.141813194968494,-49.91,68.01,0.0
2488,0.245854345311666,0.124274686077741,-19.16,68.01,0.0
2489,0.172035495827098,0.0545949750565193,-0.16,68.01,0.0
2490,0.0409049526755184,0.0859651869315847,39.91,68.01,0.0
2491,4.56434463622255e-05,0.0587212345343389,73.44,68.01,0.0
2492,0.0,0.0241262594778196,65.78,68.01,0.0
2493,0.0,0.0065620181017956,39.35,68.01,0.0
2494,0.0,0.0,21.11,68.01,0.0
2495,0.0,0.0,7.05,68.01,0.0
2496,0.0,0.0,0.43,68.01,0.0
2497,0.0,0.0,0.83,68.01,0.0
2498,0.0,0.0,0.93,68.01,0.0
2499,0.0,0.0,1.13,68.01,0.0
2500,0.0,0.0,2.34,68.01,0.0
2501,0.0014309994553081,0.0,5.95,68.01,0.0
2502,0.0394551436911731,0.0,12.86,68.01,0.0
2503,0.191349314809118,0.0,13.0,68.01,0.0
2504,0.330164718135783,0.0,7.41,68.01,0.0
2505,0.549749395771985,0.0,0.0,68.01,0.0
2506,0.460556952781217,0.0,-2.37,68.01,0.0
2507,0.445423626131855,0.0,-12.17,68.01,0.0
2508,0.417809007065114,0.0,-42.27,68.01,0.0
2509,0.290783111960933,0.0,-60.05,68.01,0.0
2510,0.277125547028489,0.0,-60.07,68.01,0.0
2511,0.307601072432122,0.03,-40.05,68.01,0.0
2512,0.177601167806451,0.04,-6.25,68.01,0.0
2513,0.14141218931538,0.0721271406631075,1.57,68.01,0.0
2514,0.0266280751773977,0.0872439523972458,67.23,68.01,0.0
2515,3.98738430897785e-06,0.10252720503338,87.8,68.01,0.0
2516,0.0,0.0859651869315847,119.91,68.01,0.0
2517,0.0,0.0552832526361345,112.61,68.01,0.0
2518,0.0,0.0840886684884079,103.95,68.01,0.0
2519,0.0,0.0448831882658617,87.24,68.01,0.0
2520,0.0,0.0749089207511323,81.96,68.01,0.0
2521,0.0,0.0745886317723542,81.26,68.01,0.0
2522,0.0,0.0970243903963303,77.54,68.01,0.0
2523,0.0,0.174588631772354,78.18,68.01,0.0
2524,0.0,0.217750071479126,75.23,68.01,0.0
2525,0.0009009765427501,0.116967410205813,86.74,68.01,0.0
2526,0.0242442785501963,0.112873226497429,115.73,68.01,0.0
2527,0.0693808898916222,0.103561504077044,169.15,68.01,0.0
2528,0.155287932750196,0.0934983680885935,153.24,68.01,0.0
2529,0.249000729755312,0.0465620181017956,91.56,68.01,0.0
2530,0.295612058111084,0.0480329569547236,80.55,68.01,0.0
2531,0.440028991120639,0.0845949750565193,63.15,68.01,0.0
2532,0.19617890871707,0.0838059704990415,44.15,68.01,0.0
2533,0.15416460906693,0.0386891587649032,31.74,68.01,0.0
2534,0.108861701707413,0.04,12.96,68.01,0.0
2535,0.145893663695909,0.0552511768666989,7.8,68.01,0.0
2536,0.228324879430382,0.136754191489062,7.99,68.01,0.0
2537,0.114491673696983,0.496136408732484,46.3,68.01,0.0
2538,0.0207849424997266,0.75448331138182,69.2,68.01,0.0
2539,2.22464677035898e-06,0.744094371194615,78.92,68.01,0.0
2540,0.0,0.603755521078921,77.02,68.01,0.0
2541,0.0,0.677901169757846,66.31,68.01,0.0
2542,0.0,0.669994672266255,53.77,68.01,0.0
2543,0.0,0.588221458736624,34.17,68.01,0.0
2544,0.0,0.405109281037174,2.02,68.01,0.0
2545,0.0,0.383952287878859,0.04,68.01,0.0
2546,0.0,0.251179788359292,0.14,68.01,0.0
2547,0.0,0.179489287505449,0.73,68.01,0.0
2548,0.0,0.159020571926749,17.47,68.01,0.0
2549,0.004672440972538,0.22215627914825,36.22,68.01,0.0
2550,0.0783044869223365,0.210177565085064,63.14,68.01,0.0
2551,0.25310580126558,0.269118361620319,74.26,68.01,0.0
2552,0.429039863552239,0.370646936865574,74.26,68.01,0.0
2553,0.507278633016828,0.495811338854803,64.81,68.01,0.0
2554,0.623476403798312,0.334120838000959,51.03,68.01,0.0
2555,0.532575209405621,0.503087367021484,42.64,68.01,0.0
2556,0.612854374178879,0.599249320753007,40.0,68.01,0.0
2557,0.670844695594058,0.581685079376983,40.22,68.01,0.0
2558,0.529863998752477,0.640708588588026,42.08,68.01,0.0
2559,0.408011087737059,0.636280054433503,48.53,68.01,0.0
2560,0.353247588155965,0.592767078042706,62.84,68.01,0.0
2561,0.207616213552093,0.651019596998345,79.67,68.01,0.0
2562,0.0491436914100789,0.471985244833582,92.92,68.01,0.0
2563,0.0011912597889256,0.55650522539751,113.99,68.01,0.0
2564,0.0,0.506197622987062,124.52,68.01,0.0
2565,0.0,0.447790334147336,104.46,68.01,0.0
2566,0.0,0.385109281037174,90.1,68.01,0.0
2567,0.0,0.221179788359292,84.1,68.01,0.0
2568,0.0,0.160465778294406,83.84,68.01,0.0
2569,0.0,0.190465778294406,83.84,68.01,0.0
2570,0.0,0.175582590028545,81.35,68.01,0.0
2571,0.0,0.0894095121139541,82.4,68.01,0.0
2572,0.0,0.0818452707379302,82.96,68.01,0.0
2573,0.0035350935440372,0.258907064637441,83.73,68.01,0.0
2574,0.063754024481628,0.510277276512506,109.39,68.01,0.0
2575,0.1164539302097,0.515676879979127,169.97,68.01,0.0
2576,0.381551625741057,0.311685079376983,155.17,68.01,0.0
2577,0.489583682654977,0.266087881046236,104.62,68.01,0.0
2578,0.43923373996107,0.257410393299242,83.9,68.01,0.0
2579,0.430652472071897,0.20952586294444,79.9,68.01,0.0
2580,0.531696242066202,0.227410393299242,82.98,68.01,0.0
2581,0.655765885773878,0.431364790398205,80.82,68.01,0.0
2582,0.618131619252641,0.378247097478779,77.71,68.01,0.0
2583,0.510205811646668,0.367490168690737,77.03,68.01,0.0
2584,0.286394931210551,0.424463922180715,80.0,68.01,0.0
2585,0.166628926103792,0.441671299138969,86.9,68.01,0.0
2586,0.0263965586954036,0.603067243499305,114.97,68.01,0.0
2587,8.18302363535846e-08,0.46122831604554,159.92,68.01,0.0
2588,0.0,0.203615546983268,169.9,68.01,0.0
2589,0.0,0.0886205075564763,130.06,68.01,0.0
2590,0.0,0.435109281037174,99.04,68.01,0.0
2591,0.0,0.594152179449322,87.81,68.01,0.0
2592,0.0,0.434692030429015,91.83,68.01,0.0
2593,0.0,0.364980243638358,87.42,68.01,0.0
2594,0.0,0.472010977318853,88.53,68.01,0.0
2595,0.0,0.425135013522444,87.76,68.01,0.0
2596,0.0,0.461254048530811,89.61,68.01,0.0
2597,0.0008998409660881,0.50063148487533,93.47,68.01,0.0
2598,0.0181686536278944,0.503998237629424,121.88,68.01,0.0
2599,0.0690421114010776,0.343336254993774,155.8,68.01,0.0
2600,0.12997781160588,0.355811338854803,131.19,68.01,0.0
2601,0.193026842080849,0.246433902510284,101.12,68.01,0.0
2602,0.321472066555061,0.189846151923218,90.21,68.01,0.0
2603,0.552666125815532,0.134274686077741,83.87,68.01,0.0
2604,0.475726898547139,0.0852511768666988,80.64,68.01,0.0
2605,0.306816089123603,0.0967104447017172,77.2,68.01,0.0
2606,0.278554620931097,0.124274686077741,73.01,68.01,0.0
2607,0.347216802386788,0.225431679236056,70.7,68.01,0.0
2608,0.383141387332988,0.506525348919689,70.88,68.01,0.0
2609,0.201694643927103,0.663481088107592,81.33,68.01,0.0
2610,0.0492012129407116,0.744094371194615,94.03,68.01,0.0
2611,0.0007261348151882,0.644563914837504,125.24,68.01,0.0
2612,0.0,0.621659440634828,128.83,68.01,0.0
2613,0.0,0.629968939780985,105.92,68.01,0.0
2614,0.0,0.603849904772618,89.89,68.01,0.0
2615,0.0,0.657590161347526,79.37,68.01,0.0
2616,0.0,0.689061100200454,77.21,68.01,0.0
2617,0.0,0.711053875731001,60.83,68.01,0.0
2618,0.0,0.744902764953199,50.53,68.01,0.0
2619,0.0,0.782743548520655,49.47,68.01,0.0
2620,0.0,0.748347090135568,47.97,68.01,0.0
2621,0.0056570195196431,0.730339865666115,49.08,68.01,0.0
2622,0.0800452296850309,0.785944782180059,60.12,68.01,0.0
2623,0.246253655297193,0.752106829654697,69.04,68.01,0.0
2624,0.419219349847688,0.596182733455512,76.0,68.01,0.0
2625,0.565984331411444,0.49552312564546,68.3,68.01,0.0
2626,0.669583822379645,0.646525348919689,60.2,68.01,0.0
2627,0.704528035389937,0.62205306797782,56.08,67.83,0.0
2628,0.656052685026296,0.588247097478779,50.91,67.77,0.0
2629,0.486366969057153,0.546525348919689,47.0,67.77,0.0
2630,0.360405703404811,0.379137750821424,44.94,67.77,0.0
2631,0.214801837844706,0.0365620181017956,44.56,67.77,0.0
2632,0.1352886767714,0.0,50.91,67.77,0.0
2633,0.065367033043227,0.0511569931583149,58.77,67.77,0.0
2634,0.0194782395914722,0.127341742090815,63.49,67.77,0.0
2635,7.55544067851785e-05,0.233860841469455,65.32,67.77,0.0
2636,0.0,0.0483752130702901,66.28,67.77,0.0
2637,0.0,0.0,66.2,67.77,0.0
2638,0.0,0.0494344165350357,65.27,67.77,0.0
2639,0.0,0.184999539096348,63.15,67.77,0.0
2640,0.0,0.404115322780983,60.24,67.77,0.0
2641,0.0,0.466230792426181,57.97,67.77,0.0
2642,0.0,0.288763418936422,57.33,67.77,0.0
2643,0.0,0.122873226497429,57.75,67.77,0.0
2644,0.0,0.0687212345343389,61.04,67.77,0.0
2645,0.0060083269846824,0.0580329569547236,62.83,67.77,0.0
2646,0.0675745110188952,0.0517162333391142,63.92,67.77,0.0
2647,0.0957238953661754,0.0316905008538435,67.98,67.77,0.0
2648,0.250247795465118,0.0,65.04,67.77,0.0
2649,0.534909065019812,0.0,59.9,67.77,0.0
2650,0.478847641996439,0.01,50.05,67.77,0.0
2651,0.24558355732895,0.0,38.43,67.77,0.0
2652,0.256537051771185,0.04,28.97,67.77,0.0
2653,0.267698045052057,0.05,12.33,67.77,0.0
2654,0.159616444374703,0.0370307336804953,10.55,67.77,0.0
2655,0.157783204163299,0.0486891587649032,18.33,67.77,0.0
2656,0.221159564039575,0.02,37.41,67.77,0.0
2657,0.129193142120531,0.0070307336804953,62.83,67.77,0.0
2658,0.0454243128900725,0.0480329569547236,78.9,67.77,0.0
2659,0.0010969962923983,0.0572502956814109,89.61,67.77,0.0
2660,0.0,0.135214601427708,97.04,67.77,0.0
2661,0.0,0.294926200732134,90.31,67.77,0.0
2662,0.0,0.349452524580226,86.07,67.77,0.0
2663,0.0,0.296302755891364,82.9,67.77,0.0
2664,0.0,0.166704929481741,81.85,67.77,0.0
2665,0.0,0.0949629636573564,70.59,67.77,0.0
2666,0.0,0.286013714617833,69.53,67.77,0.0
2667,0.0,0.462313064509325,64.4,67.77,0.0
2668,0.0,0.209183606828874,63.88,67.77,0.0
2669,0.003052296897508,0.219803233200062,63.62,67.77,0.0
2670,0.0419802042883738,0.239080958117138,64.43,67.77,0.0
2671,0.216988854634747,0.101062609464617,60.53,67.77,0.0
2672,0.373754418003643,0.105251176866699,60.88,67.77,0.0
2673,0.408185909937109,0.114594975056519,55.38,67.77,0.0
2674,0.505079536979582,0.105251176866699,32.99,67.77,0.0
2675,0.467674927270895,0.131813194968494,36.96,67.77,0.0
2676,0.310693586598263,0.571396866167641,6.06,67.77,0.0
2677,0.326592124551836,0.240214140524055,0.28,67.77,0.0
2678,0.146673743639742,0.0645949750565193,-0.9,67.77,0.0
2679,0.193683723929894,0.03,0.75,67.77,0.0
2680,0.104943766791189,0.185651241236972,6.01,67.77,0.0
2681,0.078838178580628,0.125283252636135,58.22,67.77,0.0
2682,0.0235918017874267,0.0779322299768611,74.6,67.77,0.0
2683,0.0005522619411462,0.1166534645112,89.36,67.77,0.0
2684,0.0,0.105965186931585,95.26,67.77,0.0
2685,0.0,0.1266534645112,91.07,67.77,0.0
2686,0.0,0.0879385732610261,89.41,67.77,0.0
2687,0.0,0.107650360051684,88.46,67.77,0.0
2688,0.0,0.233609203699103,78.97,67.77,0.0
2689,0.0,0.174243438372495,78.05,67.77,0.0
2690,0.0,0.122552937518651,78.44,67.77,0.0
2691,0.0,0.121402287644501,79.92,67.77,0.0
2692,0.0,0.104962963657356,79.79,67.77,0.0
2693,0.0040073894272239,0.174217705887224,87.5,67.77,0.0
2694,0.0428278787281412,0.165484612848744,105.9,67.77,0.0
2695,0.194172800321671,0.0552511768666989,130.79,67.77,0.0
2696,0.353402981935597,0.0586891587649032,117.46,67.77,0.0
2697,0.268528521393015,0.0945949750565193,97.05,67.77,0.0
2698,0.330079831598246,0.0977126679759455,81.86,67.77,0.0
2699,0.397543107117869,0.115719892445399,81.24,67.77,0.0
2700,0.25292375112658,0.119377436344518,77.05,67.77,0.0
2701,0.200731296923534,0.258744029735316,73.67,67.77,0.0
2702,0.218068319145732,0.134962963657356,74.17,67.77,0.0
2703,0.215363188502303,0.102815418242723,78.48,67.77,0.0
2704,0.287680798717861,0.0465620181017956,81.57,67.77,0.0
2705,0.0518068278453368,0.0386891587649032,96.79,67.77,0.0
2706,0.0152320351900392,0.0852832526361345,118.2,67.77,0.0
2707,0.0003937205577287,0.136993142691084,164.05,67.77,0.0
2708,0.0,0.289571812695005,170.96,67.77,0.0
2709,0.0,0.2490837079152,130.05,67.77,0.0
2710,0.0,0.305048894846785,105.77,67.77,0.0
2711,0.0,0.323537787068762,96.99,67.77,0.0
2712,0.0,0.261887455140013,88.32,67.77,0.0
2713,0.0,0.141770276245338,86.69,67.77,0.0
2714,0.0,0.288455816525974,85.95,67.77,0.0
2715,0.0,0.363978020364129,85.42,67.77,0.0
2716,0.0,0.373258495079268,86.35,67.77,0.0
2717,0.0037450239973331,0.404203738162979,97.69,67.77,0.0
2718,0.0354119869100405,0.202279988813322,121.4,67.77,0.0
2719,0.169668007341203,0.217410393299242,181.26,67.77,0.0
2720,0.251397395528537,0.143284133821422,136.28,67.77,0.0
2721,0.346039029828707,0.227410393299242,98.38,67.77,0.0
2722,0.416002634684997,0.301216363798284,82.87,67.77,0.0
2723,0.349462444228923,0.159846151923218,77.26,67.77,0.0
2724,0.167419745400417,0.233929492677881,77.46,67.77,0.0
2725,0.17510745253799,0.101156993158315,79.38,67.77,0.0
2726,0.352382015752592,0.0813765551592305,78.62,67.77,0.0
2727,0.323621607790528,0.310896902883694,80.02,67.77,0.0
2728,0.359302083874817,0.0380329569547236,83.02,67.77,0.0
2729,0.20488114272222,0.0,89.97,67.77,0.0
2730,0.0525742867538144,0.0075642413760239,102.4,67.77,0.0
2731,0.0020581245571312,0.012435758623976,123.01,67.77,0.0
2732,0.0,0.0580329569547236,125.07,67.77,0.0
2733,0.0,0.284643502742767,105.1,67.77,0.0
2734,0.0,0.458437614737668,92.73,67.77,0.0
2735,0.0,0.437484653470761,81.55,67.77,0.0
2736,0.0,0.480288400695574,81.8,67.77,0.0
2737,0.0,0.554760681637442,77.97,67.77,0.0
2738,0.0,0.612004634034688,77.16,67.77,0.0
2739,0.0,0.646651074061749,74.86,67.77,0.0
2740,0.0,0.656922101033205,77.37,67.77,0.0
2741,0.0026232830704087,0.692024023235794,81.83,67.77,0.0
2742,0.0225290293876235,0.603390938477955,101.66,67.77,0.0
2743,0.0722907768255969,0.504490310867796,128.17,67.77,0.0
2744,0.0710815975399358,0.617251686204294,107.07,67.77,0.0
2745,0.0827048873906398,0.329249320753007,91.81,67.77,0.0
2746,0.159898911582181,0.200836704179537,90.74,67.77,0.0
2747,0.332539103904768,0.154274686077741,88.35,67.77,0.0
2748,0.316306102773199,0.153284133821422,82.6,67.77,0.0
2749,0.281006595277794,0.129846151923218,80.09,67.77,0.0
2750,0.414256607767887,0.0752511768666988,76.53,67.77,0.0
2751,0.373115618010333,0.0638059704990415,80.71,67.77,0.0
2752,0.0923288181965468,0.0418131949684945,81.12,67.77,0.0
2753,0.104411266490418,0.0538059704990415,86.6,67.77,0.0
2754,0.0178926222552386,0.118646240041747,101.54,67.77,0.0
2755,0.0006245210152106,0.107964305746297,135.2,67.77,0.0
2756,0.0,0.0497117867906576,143.44,67.77,0.0
2757,0.0,0.02,121.16,67.77,0.0
2758,0.0,0.02,105.31,67.77,0.0
2759,0.0,0.0587212345343389,90.21,67.77,0.0
2760,0.0,0.0613702118750654,83.5,67.77,0.0
2761,0.0,0.0445949750565193,80.0,67.77,0.0
2762,0.0,0.159121298904612,77.37,67.77,0.0
2763,0.0,0.432004634034688,76.05,67.77,0.0
2764,0.0,0.469229197230828,75.24,67.77,0.0
2765,0.0098630537555585,0.323270353583409,84.02,67.77,0.0
2766,0.0791058159401061,0.329112846400343,102.44,67.77,0.0
2767,0.142526477099377,0.158400945555561,129.05,67.77,0.0
2768,0.283760165738897,0.22886966113426,112.71,67.77,0.0
2769,0.309564010883556,0.239846151923218,92.1,67.77,0.0
2770,0.382814227462057,0.407270606689821,80.01,67.77,0.0
2771,0.201048199485452,0.173284133821422,78.2,67.77,0.0
2772,0.184990112740918,0.0562417291230175,73.92,67.77,0.0
2773,0.266617634761517,0.0465620181017956,68.67,67.77,0.0
2774,0.338694444684071,0.0386891587649032,66.41,67.77,0.0
2775,0.498417629244644,0.0552511768666989,69.32,67.77,0.0
2776,0.312663879370022,0.219089223135176,72.81,67.77,0.0
2777,0.169965787519422,0.454734949152172,79.88,67.77,0.0
2778,0.054540958395251,0.502385309203855,95.17,67.77,0.0
2779,0.0028602024834923,0.641068124684593,141.09,67.77,0.0
2780,0.0,0.637564428862255,152.29,67.77,0.0
2781,0.0,0.661690688340075,113.71,67.77,0.0
2782,0.0,0.687287886670823,91.35,67.77,0.0
2783,0.0,0.660379847104978,79.74,67.77,0.0
2784,0.0,0.646941865206774,79.87,67.77,0.0
2785,0.0,0.730405579590249,74.0,67.77,0.0
2786,0.0,0.755597385816979,74.7,67.77,0.0
2787,0.0,0.768009614918904,74.07,67.77,0.0
2788,0.0,0.809232134515121,77.1,67.77,0.0
2789,0.0025089376692552,0.793726382593778,83.69,67.77,0.0
2790,0.0211924080915947,0.779206402029851,93.5,67.77,0.0
2791,0.0494459276052539,0.775080142552031,104.06,67.77,0.0
2792,0.0898902531517736,0.763769301316935,96.06,67.77,0.0
2793,0.10534176305075,0.74620505994091,81.08,67.77,0.0
2794,0.130251654636248,0.850239873009326,77.81,67.77,0.0
2795,0.190213395934307,0.775491049876025,72.95,66.1875,0.0
2796,0.286105339254561,0.800560161988104,70.35,65.66,0.0
2797,0.299941317079268,0.80780411438535,68.74,65.66,0.0
2798,0.35322320006023,0.800953883074212,65.37,65.66,0.0
2799,0.214632155678194,0.490269011494468,69.92,65.66,0.0
2800,0.119378685980281,0.682447617128117,71.7,65.66,0.0
2801,0.14296518669097,0.693161627193003,80.46,65.66,0.0
2802,0.0386439100353223,0.563099319268741,94.78,65.66,0.0
2803,0.0015828148608797,0.620411922874414,131.9,65.66,0.0
2804,0.0,0.589943207295714,141.58,65.66,0.0
2805,0.0,0.526511568681675,110.0,65.66,0.0
2806,0.0,0.595528734608552,92.71,65.66,0.0
2807,0.0,0.623849904772618,88.26,65.66,0.0
2808,0.0,0.662372622635525,90.29,65.66,0.0
2809,0.0,0.69515440272355,88.9,65.66,0.0
2810,0.0,0.717526837872844,86.59,65.66,0.0
2811,0.0,0.674192160888185,89.03,65.66,0.0
2812,0.0,0.587262154185552,87.69,65.66,0.0
2813,0.0146078449625056,0.626285663396594,85.68,65.66,0.0
2814,0.102611617686607,0.61235323343442,86.08,65.66,0.0
2815,0.217248821783766,0.538892456335238,79.04,65.66,0.0
2816,0.226198276050916,0.741930373863169,68.65,65.66,0.0
2817,0.219486132885752,0.505891114246298,59.07,65.66,0.0
2818,0.513139840164767,0.485491049876025,36.02,65.66,0.0
2819,0.307060685081769,0.437270606689821,8.43,65.66,0.0
2820,0.186971604500452,0.26299592061208,0.03,65.66,0.0
2821,0.399426137646663,0.340928150588941,-0.06,65.66,0.0
2822,0.360979005546473,0.415454474437034,0.0,65.66,0.0
2823,0.121264500004558,0.57410071447878,0.0,65.66,0.0
2824,0.113484059528796,0.201248439567719,19.95,65.66,0.0
2825,0.0734939241194683,0.406046446589079,62.18,65.66,0.0
2826,0.0272693665326652,0.233996222152436,86.18,65.66,0.0
2827,0.0016402100949917,0.122090565224116,119.9,65.66,0.0
2828,0.0,0.131776619529503,112.27,65.66,0.0
2829,0.0,0.0694095121139541,85.0,65.66,0.0
2830,0.0,0.0206882775796152,75.9,65.66,0.0
2831,0.0,0.0282525189556392,65.23,65.66,50000.0
2832,0.0,0.0131240362035913,56.39,65.66,100000.0
2833,0.0,0.0131240362035913,46.14,65.66,138890.0
2834,0.0,0.0065620181017956,39.6,65.66,138890.0
2835,0.0,0.0,31.55,65.66,34722.5
2836,0.0,0.0065620181017956,27.6,65.66,0.0
2837,0.0025723627415289,0.0538059704990415,26.05,65.66,0.0
2838,0.0198918222360883,0.146993142691084,9.92,65.66,0.0
2839,0.0340454523030329,0.202552937518651,0.1,65.66,0.0
2840,0.0604602494776382,0.317515901176007,-0.07,65.66,0.0
2841,0.118811538987292,0.2371221800899,-1.02,65.66,0.0
2842,0.331332342089389,0.491685079376983,-16.63,65.66,0.0
2843,0.569822904734442,0.651685079376983,-36.72,65.66,0.0
2844,0.694072455018233,0.730239873009326,-60.05,65.66,0.0
2845,0.425990787755679,0.711685079376983,-60.09,65.66,0.0
2846,0.465195665497707,0.655123061275188,-65.06,65.66,0.0
2847,0.415244124273202,0.622809996765863,-52.43,65.66,0.0
2848,0.136330500556823,0.680239873009326,-23.45,65.66,0.0
2849,0.120222511473717,0.74552312564546,-0.02,65.66,0.0
2850,0.0452015976709232,0.753087367021484,25.38,65.66,0.0
2851,0.0028605225251077,0.485148793760458,69.36,65.66,0.0
2852,0.0,0.727613690869577,77.45,65.66,0.0
2853,0.0,0.775768420131647,78.56,65.66,0.0
2854,0.0,0.782298362464007,72.21,65.66,0.0
2855,0.0,0.793389641698188,66.94,65.66,0.0
2856,0.0,0.775859866541051,63.15,65.66,0.0
2857,0.0,0.656234198426053,60.05,65.66,0.0
2858,0.0,0.765045957562491,58.93,65.66,0.0
2859,0.0,0.794000159363297,62.46,65.66,0.0
2860,0.0,0.83976564221065,76.82,65.66,0.0
2861,0.0044961427263482,0.772644383928055,85.18,65.66,0.0
2862,0.0591322061834147,0.844988696142627,102.38,65.66,0.0
2863,0.261137594901661,0.87365212242226,117.95,65.66,0.0
2864,0.404351322009912,0.827090104320464,100.69,65.66,0.0
2865,0.524519516277751,0.872815418242723,75.17,65.66,0.0
2866,0.618110045346763,0.851838927453765,59.21,65.66,0.0
2867,0.535783085367111,0.81952586294444,36.46,65.66,0.0
2868,0.500548879711736,0.821838927453765,36.18,65.66,0.0
2869,0.449415233110012,0.767090104320464,35.59,65.66,0.0
2870,0.157200119424766,0.71433405671771,33.63,65.66,0.0
2871,0.215640015054152,0.482341281187163,35.57,65.66,0.0
2872,0.114650137398976,0.391685079376983,47.68,65.66,0.0
2873,0.0867859834208491,0.105251176866699,85.75,65.66,0.0
2874,0.0151274777045036,0.0486891587649032,104.73,65.66,75000.0
2875,0.0005287605005085,0.0611569931583149,180.04,65.66,150000.0
2876,0.0,0.260774208769043,204.57,65.66,0.0
2877,0.0,0.210085931189428,108.55,65.66,0.0
2878,0.0,0.0662738048924532,87.29,65.66,0.0
2879,0.0,0.0941803023840437,81.15,65.66,0.0
2880,0.0,0.118994839441479,73.76,65.66,0.0
2881,0.0,0.0983065618618633,66.77,65.66,0.0
2882,0.0,0.116339518816587,70.41,65.66,0.0
2883,0.0,0.0869620824720685,70.0,65.66,0.0
2884,0.0,0.0306882775796152,70.0,65.66,0.0
2885,0.0146390099653754,0.0341262594778196,78.77,65.66,0.0
2886,0.100921339451963,0.0780329569547236,94.95,65.66,0.0
2887,0.277318787670047,0.0607140100648859,101.95,65.66,0.0
2888,0.440459119721149,0.0834983680885935,88.46,65.66,0.0
2889,0.579614744509188,0.02,77.0,65.66,0.0
2890,0.637721921176624,0.02,62.06,65.66,0.0
2891,0.582084912573224,0.124594975056519,47.1,65.66,0.0
2892,0.691722229674269,0.144594975056519,28.05,65.66,0.0
2893,0.3752101257346,0.134274686077741,11.3,65.66,0.0
2894,0.557807721343364,0.145719892445399,10.0,65.66,0.0
2895,0.541421557120767,0.125251176866699,19.14,65.66,0.0
2896,0.390974583693472,0.0945949750565193,45.84,65.66,0.0
2897,0.221643265885287,0.122159216432543,66.95,65.66,0.0
2898,0.0702521140708622,0.237079261366743,86.2,65.66,0.0
2899,0.0065633203366905,0.252870289213136,122.01,65.66,0.0
2900,0.0,0.373044448298328,132.41,65.66,0.0
2901,0.0,0.627898591822163,88.37,65.66,0.0
2902,0.0,0.706625341576478,77.97,65.66,0.0
2903,0.0,0.73149906178765,75.69,65.66,0.0
2904,0.0,0.684854331010066,66.81,65.66,0.0
2905,0.0,0.640255043770223,55.09,65.66,0.0
2906,0.0,0.744914342227993,50.31,65.66,0.0
2907,0.0,0.806092286972675,43.99,65.66,0.0
2908,0.0,0.756586828779761,47.81,65.66,0.0
2909,0.014611182368299,0.733004748088812,44.69,65.66,0.0
2910,0.0910245900009652,0.686380797035218,42.48,65.66,0.0
2911,0.211486398531485,0.666525348919689,28.08,65.66,0.0
2912,0.359795218197156,0.643055291252049,8.45,65.66,0.0
2913,0.379920279570602,0.690239873009326,0.01,65.66,0.0
2914,0.543909545093831,0.677926808500001,-0.97,65.66,0.0
2915,0.692725600702683,0.509372014867658,-40.05,65.66,0.0
2916,0.709866792970118,0.404120838000959,-91.9,65.66,0.0
2917,0.6846135257756,0.615123061275188,-120.0,65.66,0.0
2918,0.632121374837047,0.644120838000959,-120.07,65.66,0.0
2919,0.526408473190125,0.681685079376983,-79.98,65.66,0.0
2920,0.377598552241328,0.571685079376983,-30.01,65.66,0.0
2921,0.211258585552032,0.608640818564886,-1.14,65.66,0.0
2922,0.0667828913788266,0.69755588261487,15.32,65.66,43182.5
2923,0.0062546210261271,0.701369024462266,50.4,65.66,172730.0
2924,0.0,0.66782067566913,50.0,65.66,172730.0
2925,0.0,0.620718806587641,34.01,65.66,86365.0
2926,0.0,0.654172771687079,29.92,65.66,0.0
2927,0.0,0.616489242196276,22.0,65.66,0.0
2928,0.0,0.645138419522316,14.56,65.66,0.0
2929,0.0,0.49719984626129,10.94,65.66,0.0
2930,0.0,0.624786882838292,10.0,65.66,0.0
2931,0.0,0.634022235867053,7.8,65.66,0.0
2932,2.89472468755207e-06,0.714091887002048,10.63,65.66,0.0
2933,0.020556479913272,0.629936145314328,32.06,65.66,0.0
2934,0.113634060743349,0.566596140595925,72.72,65.66,0.0
2935,0.274786101507864,0.252963844842644,78.28,65.66,0.0
2936,0.437789030085544,0.125251176866699,62.9,65.66,0.0
2937,0.577533177224884,0.183284133821423,31.45,65.66,0.0
2938,0.670870657669642,0.22952586294444,5.1,65.66,0.0
2939,0.721145306977762,0.31952586294444,-0.08,65.66,0.0
2940,0.733615863702994,0.397558819899164,-1.73,65.66,0.0
2941,0.711510861038295,0.407558819899164,-4.19,65.66,0.0
2942,0.651876370260249,0.527558819899164,-0.05,65.66,0.0
2943,0.541613759031457,0.572809996765863,-1.39,65.66,0.0
2944,0.389024767280955,0.598247097478779,4.04,65.66,0.0
2945,0.220892483219259,0.572399089441869,55.16,65.66,0.0
2946,0.0708306214568108,0.48380137708637,81.22,65.66,0.0
2947,0.0073856580068629,0.565426632731659,87.96,65.66,0.0
2948,0.0,0.623730616657839,85.14,65.66,0.0
2949,0.0,0.646556690368051,82.31,65.66,0.0
2950,0.0,0.634883375752093,78.21,65.66,0.0
2951,0.0,0.471051672767781,71.02,65.66,0.0
2952,0.0,0.376701992197448,61.9,65.66,0.0
2953,0.0,0.310582957189081,59.14,65.66,0.0
2954,0.0,0.244617770257497,57.95,65.66,0.0
2955,0.0,0.279425964030766,58.5,65.66,0.0
2956,0.0,0.283577955993857,59.14,65.66,0.0
2957,0.0209122238745597,0.370608689674352,69.17,65.66,0.0
2958,0.113992293691774,0.26677698669004,83.76,65.66,0.0
2959,0.275875509012928,0.16205931751887,85.47,65.66,0.0
2960,0.390168819239553,0.01,92.31,65.66,0.0
2961,0.536763130378662,0.01,88.25,65.66,0.0
2962,0.54063469106982,0.01,77.95,65.66,0.0
2963,0.398972179903039,0.0,72.58,69.8,0.0
2964,0.264943434690822,0.0,64.11,71.18,0.0
2965,0.599157000871063,0.0411249173888793,59.33,71.18,0.0
2966,0.56605323362535,0.0296797110212219,60.05,71.18,0.0
2967,0.347776771230282,0.0145628992870836,64.69,71.18,0.0
2968,0.223226410163664,0.0697171145244021,72.29,71.18,0.0
2969,0.155705466861707,0.14597153021575,79.55,71.18,0.0
2970,0.0575276697093987,0.139089223135176,88.89,71.18,0.0
2971,0.004955137852112,0.270558240254231,105.49,71.18,0.0
2972,0.0,0.250558240254231,119.94,71.18,0.0
2973,0.0,0.318150792051209,107.95,71.18,0.0
2974,0.0,0.1971221800899,93.46,71.18,0.0
2975,0.0,0.125651241236972,85.56,71.18,0.0
2976,0.0,0.295334358258065,90.8,71.18,0.0
2977,0.0,0.228744029735316,87.79,71.18,0.0
2978,0.0,0.231173445075127,86.26,71.18,0.0
2979,0.0,0.202927269403653,87.72,71.18,0.0
2980,0.0,0.17077972398902,90.64,71.18,0.0
2981,0.0144155094360166,0.25495744843738,98.34,71.18,0.0
2982,0.0352832048001681,0.195645726016996,94.19,71.18,0.0
2983,0.0719543127004973,0.104594975056519,90.02,71.18,0.0
2984,0.133182053691349,0.121838927453765,78.48,71.18,0.0
2985,0.170872431183801,0.190848375197446,62.38,71.18,0.0
2986,0.229724864014827,0.24365212242226,41.17,71.18,0.0
2987,0.138315732239542,0.227090104320464,31.18,71.18,0.0
2988,0.126310612699829,0.169846151923218,24.93,71.18,0.0
2989,0.102289575424644,0.230848375197446,14.53,71.18,0.0
2990,0.10581178041457,0.189846151923218,13.34,71.18,0.0
2991,0.0983697994814785,0.140836704179537,26.03,71.18,0.0
2992,0.0866470156665109,0.0652511768666989,63.62,71.18,0.0
2993,0.0625523023367346,0.0680329569547236,79.36,71.18,0.0
2994,0.0277942614481133,0.0945949750565193,98.01,71.18,0.0
2995,0.0026838253385661,0.144962963657356,121.92,71.18,0.0
2996,0.0,0.0928154182427228,135.4,71.18,0.0
2997,0.0,0.17146267383489,113.56,71.18,96430.0
2998,0.0,0.263650200688387,90.26,71.18,192860.0
2999,0.0,0.358492391964965,83.6,71.18,192860.0
3000,0.0,0.1366534645112,90.58,71.18,192860.0
3001,0.0,0.158332294347134,84.82,71.18,25000.0
3002,0.0,0.121088341949888,83.52,71.18,0.0
3003,0.0,0.0879385732610261,80.49,71.18,0.0
3004,4.887810318691e-06,0.0397117867906576,74.74,71.18,0.0
3005,0.024417814191604,0.119095566419341,71.13,71.18,0.0
3006,0.119297161217702,0.0959394544463141,62.16,71.18,0.0
3007,0.292114839723847,0.123284133821422,55.08,71.18,0.0
3008,0.428910705680068,0.0680329569547236,41.33,71.18,0.0
3009,0.583331090248045,0.0870307336804953,26.12,71.18,0.0
3010,0.632061053509567,0.0752511768666988,8.85,71.18,0.0
3011,0.683661158714339,0.0952511768666989,0.44,71.18,0.0
3012,0.712041765555753,0.0880329569547236,0.0,71.18,0.0
3013,0.694968972207465,0.0886891587649032,-0.04,71.18,0.0
3014,0.607665944441007,0.184930887887921,-0.97,71.18,0.0
3015,0.497851272561257,0.27952586294444,-0.1,71.18,0.0
3016,0.389655099514902,0.249846151923218,0.0,71.18,0.0
3017,0.233950277813061,0.321685079376983,32.0,71.18,0.0
3018,0.0771469198890968,0.424046671572556,86.5,71.18,0.0
3019,0.00886680459954,0.638321357650298,96.24,71.18,0.0
3020,0.0,0.420269011494468,111.92,71.18,0.0
3021,0.0,0.480295400181549,107.53,71.18,0.0
3022,0.0,0.395087142038007,98.74,71.18,0.0
3023,0.0,0.167655687785428,88.67,71.18,0.0
3024,0.0,0.235086485836196,82.86,71.18,0.0
3025,0.0,0.159803233200062,79.59,71.18,0.0
3026,0.0,0.120774396255275,80.41,71.18,0.0
3027,0.0,0.122901536918383,79.95,71.18,0.0
3028,0.0001138707583633,0.173929492677881,81.69,71.18,0.0
3029,0.0257339402993073,0.193241215098266,88.78,71.18,0.0
3030,0.114704556905471,0.172521689813404,107.09,71.18,0.0
3031,0.272327300982489,0.0583752130702901,130.26,71.18,0.0
3032,0.446178391652839,0.0570307336804953,101.35,71.18,0.0
3033,0.586078532107383,0.03,89.0,71.18,0.0
3034,0.62045296591634,0.02,81.11,71.18,0.0
3035,0.514348989160708,0.01,76.23,71.18,0.0
3036,0.57900406933232,0.0186891587649032,76.26,71.18,0.0
3037,0.31555250053587,0.01,74.71,71.18,0.0
3038,0.301684575969437,0.01,74.89,71.18,0.0
3039,0.213614335635959,0.01,81.11,71.18,0.0
3040,0.14660371548766,0.01,81.62,71.18,0.0
3041,0.0934598402297097,0.0,93.36,71.18,0.0
3042,0.0296486409958689,0.01,108.37,71.18,0.0
3043,0.0032158252911189,0.0296797110212219,136.65,71.18,0.0
3044,0.0,0.0380329569547236,143.99,71.18,0.0
3045,0.0,0.0204687155786997,107.98,71.18,0.0
3046,0.0,0.01,94.58,71.18,0.0
3047,0.0,0.0221271406631076,84.42,71.18,0.0
3048,0.0,0.145676973722242,81.73,71.18,0.0
3049,0.0,0.0856229308160182,79.17,71.18,0.0
3050,0.0,0.0548081937732698,77.23,71.18,0.0
3051,0.0,0.0265877505870663,79.99,71.18,0.0
3052,0.0,0.0365877505870663,80.08,71.18,0.0
3053,0.0085559307290276,0.0275642413760239,82.06,71.18,0.0
3054,0.0357961413036713,0.01,98.84,71.18,0.0
3055,0.0774619852095608,0.02,121.7,71.18,0.0
3056,0.109420482330807,0.0286891587649032,112.66,71.18,0.0
3057,0.139246647946584,0.03,91.75,71.18,0.0
3058,0.162508044840346,0.03,85.21,71.18,0.0
3059,0.182219757409185,0.05,81.08,71.18,0.0
3060,0.190145392560011,0.0386891587649032,74.73,71.18,0.0
3061,0.259556690652858,0.02,70.43,71.18,0.0
3062,0.173881984178672,0.0286891587649032,65.53,71.18,0.0
3063,0.128185517178712,0.0286891587649032,74.05,71.18,0.0
3064,0.108195304325661,0.01,83.12,71.18,0.0
3065,0.0897076869827042,0.01,90.82,71.18,0.0
3066,0.0500283948976337,0.0480329569547236,105.86,71.18,0.0
3067,0.0064989437683646,0.0755971983307476,133.85,71.18,0.0
3068,0.0,0.0480329569547236,151.05,71.18,0.0
3069,0.0,0.0472439523972458,122.04,71.18,0.0
3070,0.0,0.0441262594778196,101.7,71.18,0.0
3071,0.0,0.0445949750565193,88.22,71.18,0.0
3072,0.0,0.0441262594778196,83.97,71.18,0.0
3073,0.0,0.0380329569547236,80.84,71.18,0.0
3074,0.0,0.0596797110212219,80.88,71.18,0.0
3075,0.0,0.0752769093519694,82.47,71.18,0.0
3076,7.5534203562481e-05,0.121838927453765,82.48,71.18,0.0
3077,0.0197822146003917,0.346125284549416,89.59,71.18,0.0
3078,0.109592559965113,0.464412082237711,107.48,71.18,0.0
3079,0.26827881189149,0.393396641184163,118.96,71.18,0.0
3080,0.445883083779614,0.20886966113426,110.12,71.18,0.0
3081,0.473737947938448,0.24952586294444,92.41,71.18,0.0
3082,0.66106248849738,0.321685079376983,85.4,71.18,0.0
3083,0.692202294952622,0.32365212242226,79.48,71.18,0.0
3084,0.575712393175104,0.346801891111122,72.93,71.18,0.0
3085,0.563029017402163,0.278812680943743,68.79,71.18,0.0
3086,0.558673568014292,0.468918188820508,66.58,71.18,0.0
3087,0.325719319189194,0.448983902744642,66.95,71.18,0.0
3088,0.273998262084208,0.467513791955903,75.72,71.18,0.0
3089,0.122997538640682,0.45122831604554,91.1,71.18,0.0
3090,0.052118927816153,0.415109281037174,106.5,71.18,0.0
3091,0.0054334472794995,0.39754503966115,127.54,71.18,0.0
3092,0.0,0.403638342184246,134.42,71.18,0.0
3093,0.0,0.352956407888796,114.65,71.18,0.0
3094,0.0,0.449235540514993,96.54,71.18,0.0
3095,0.0,0.404358695533297,87.96,71.18,0.0
3096,0.0,0.598152807528197,87.6,71.18,0.0
3097,0.0,0.620682949845871,88.06,71.18,0.0
3098,0.0,0.632404698404961,82.97,71.18,0.0
3099,0.0,0.43122831604554,82.95,71.18,0.0
3100,0.0001539278956059,0.525406040493901,88.83,71.18,0.0
3101,0.0181462130440567,0.655842680303165,90.39,71.18,0.0
3102,0.0726967959334135,0.672398355120796,88.13,71.18,0.0
3103,0.066088035274109,0.524095199258804,80.65,71.18,0.0
3104,0.180394248826081,0.293684198191695,65.53,71.18,0.0
3105,0.296278399240255,0.2871221800899,23.34,71.18,0.0
3106,0.152526176932936,0.630731383789003,5.07,71.18,0.0
3107,0.180176300321628,0.20252720503338,-0.52,71.18,0.0
3108,0.0982846139813986,0.21365212242226,-0.88,71.18,0.0
3109,0.336156605877995,0.485135013522444,-1.35,71.18,0.0
3110,0.520051367674287,0.374366132487146,-2.03,71.18,0.0
3111,0.391479271622445,0.182495129263945,-0.93,71.18,0.0
3112,0.335993387712065,0.153284133821422,0.68,71.18,0.0
3113,0.154044130966582,0.0834920248044284,64.48,71.18,0.0
3114,0.0335536326266531,0.077304338587635,89.72,71.18,0.0
3115,0.0039074351743418,0.0,107.85,71.18,0.0
3116,0.0,0.0096797110212218,132.79,71.18,0.0
3117,0.0,0.0141262594778196,123.67,71.18,0.0
3118,0.0,0.0487212345343389,99.94,71.18,0.0
3119,0.0,0.131088341949888,87.75,71.18,0.0
3120,0.0,0.248744029735316,92.13,71.18,0.0
3121,0.0,0.323018715813057,84.93,71.18,0.0
3122,0.0,0.311893798424178,77.07,71.18,0.0
3123,0.0,0.299425964030766,74.48,71.18,0.0
3124,2.61832722208354e-07,0.483758458363214,74.78,71.18,0.0
3125,0.0104227901284419,0.74549959612341,90.45,71.18,0.0
3126,0.0353019335165402,0.815107249936333,115.2,71.18,0.0
3127,0.0684989902136437,0.695889005026193,109.47,71.18,0.0
3128,0.134930123326552,0.767499730488542,95.6,71.18,0.0
3129,0.173104557106393,0.796525348919689,67.39,71.18,0.0
3130,0.131392179656232,0.873209139328831,20.84,71.18,0.0
3131,0.15104650482826,0.817515901176007,2.87,71.18,0.0
3132,0.191506789369496,0.848124403364128,0.52,71.18,0.0
3133,0.217276384246818,0.798886113051073,0.02,71.18,0.0
3134,0.128274366423537,0.728321357650298,0.02,71.18,0.0
3135,0.108545776300571,0.75687615128264,20.42,71.18,0.0
3136,0.091677859780348,0.788229911240893,65.46,71.18,0.0
3137,0.0598051658857216,0.621690688340075,85.88,71.18,0.0
3138,0.0223304784991943,0.601376742645462,105.91,71.18,0.0
3139,0.003151265133423,0.33511479625715,136.26,71.18,0.0
3140,0.0,0.234303824562884,170.72,71.18,0.0
3141,0.0,0.172490629594389,136.31,71.18,0.0
3142,0.0,0.4581674158304,104.87,71.18,0.0
3143,0.0,0.423264838363433,92.16,71.18,0.0
3144,0.0,0.727926902243117,96.76,71.18,0.0
3145,0.0,0.813038105014163,94.18,71.18,0.0
3146,0.0,0.759600123115959,90.03,71.18,0.0
3147,0.0,0.824391864972416,89.09,71.18,0.0
3148,1.24035109923538e-07,0.772644383928055,89.91,71.18,0.0
3149,0.0090011267179849,0.595545920846438,90.7,71.18,0.0
3150,0.0375188633811504,0.700262668210303,86.72,71.18,0.0
3151,0.0984896909354407,0.816827623596392,79.84,71.18,0.0
3152,0.187143307045092,0.813389641698188,56.47,71.18,0.0
3153,0.313325052920756,0.839771157430626,6.8,71.18,0.0
3154,0.388024277121945,0.855965186931585,0.0,71.18,0.0
3155,0.392960954474629,0.871838927453765,-10.47,71.18,0.0
3156,0.297832712072182,0.888032956954723,-21.21,71.18,0.0
3157,0.364309565727639,0.810239873009326,-21.99,71.18,0.0
3158,0.331736180772107,0.799249320753007,-24.23,71.18,0.0
3159,0.26622806419756,0.828080656576783,-11.46,71.18,0.0
3160,0.294854898061389,0.821216363798284,-0.41,71.18,0.0
3161,0.245266029294392,0.820239873009326,32.77,71.18,0.0
3162,0.0840539319008808,0.735080142552031,81.83,71.18,0.0
3163,0.0146742880546445,0.813389641698188,101.68,71.18,0.0
3164,0.0,0.78033131941873,122.5,71.18,0.0
3165,0.0,0.678641646629076,103.48,71.18,0.0
3166,0.0,0.65284768149839,86.26,71.18,0.0
3167,0.0,0.560386190389143,68.37,71.18,0.0
3168,0.0,0.563412436899165,65.49,71.18,0.0
3169,0.0,0.67998612601887,54.5,71.18,0.0
3170,0.0,0.706285663396594,44.52,71.18,0.0
3171,0.0,0.717287886670822,41.22,71.18,0.0
3172,0.0007162288756664,0.697976164250438,46.33,71.18,0.0
3173,0.0255681132644943,0.736967597692045,43.5,71.18,0.0
3174,0.106267024889478,0.714883375752093,17.61,71.18,0.0
3175,0.271134182151111,0.773389641698188,4.79,71.18,0.0
3176,0.371185853290989,0.858400945555561,2.35,71.18,0.0
3177,0.477977198964451,0.825644897952807,-2.8,71.18,0.0
3178,0.513328479362126,0.872815418242723,-25.0,71.18,0.0
3179,0.347641130624687,0.838400945555561,-69.64,71.18,0.0
3180,0.513215135428587,0.846433902510284,-100.06,71.18,0.0
3181,0.444233335738556,0.850528086218668,-135.45,71.18,0.0
3182,0.563933846702658,0.838080656576782,-132.85,71.18,0.0
3183,0.389580957602004,0.811216363798283,-85.08,71.18,0.0
3184,0.34281860384636,0.800239873009326,-30.0,71.18,0.0
3185,0.208757786232949,0.733087367021484,-1.33,71.18,0.0
3186,0.0788643109125199,0.706162141217754,22.5,71.18,0.0
3187,0.0145745900532187,0.681690688340075,67.94,71.18,0.0
3188,0.0,0.659943207295714,75.74,71.18,0.0
3189,0.0,0.561420489432807,58.26,71.18,0.0
3190,0.0,0.517167770491855,44.6,71.18,0.0
3191,0.0,0.52169703162424,35.61,71.18,0.0
3192,0.0,0.521376742645462,26.84,71.18,0.0
3193,0.0,0.578884003830969,25.88,71.18,0.0
3194,0.0,0.593092975984576,25.71,71.18,0.0
3195,0.0,0.485034286544582,24.7,71.18,0.0
3196,0.0018093824234737,0.388547262935378,27.0,71.18,0.0
3197,0.0348345874732152,0.378078547356678,39.68,71.18,0.0
3198,0.143798017146971,0.353610031763292,79.97,71.18,0.0
3199,0.301273985381812,0.19365212242226,106.6,71.18,0.0
3200,0.417768354579758,0.133284133821422,78.47,71.18,0.0
3201,0.380954925648278,0.104594975056519,43.51,71.18,0.0
3202,0.377595918328464,0.0952511768666989,10.38,71.18,0.0
3203,0.247959375806564,0.0952511768666989,-0.97,71.18,0.0
3204,0.37161819815072,0.105251176866699,-2.69,71.18,0.0
3205,0.339844892268132,0.125251176866699,-2.27,71.18,0.0
3206,0.14331990358416,0.163284133821422,-2.46,71.18,0.0
3207,0.344009006903719,0.153284133821422,-0.73,71.18,0.0
3208,0.414835234274066,0.0752511768666988,0.07,71.18,0.0
3209,0.259844536991758,0.0386891587649032,55.01,71.18,49137.5
3210,0.0951744578589099,0.0245949750565193,83.12,71.18,196550.0
3211,0.0174607707320054,0.0372439523972458,146.18,71.18,196550.0
3212,0.0,0.0372439523972458,139.0,71.18,196550.0
3213,0.0,0.0441262594778196,88.7,71.18,196550.0
3214,0.0,0.144526323848092,69.55,71.18,196550.0
3215,0.0,0.550637828159495,52.7,71.18,196550.0
3216,0.0,0.697558913642279,48.58,71.18,196550.0
3217,0.0,0.717615893832797,43.43,71.18,197560.0
3218,0.0,0.69411458845991,35.35,71.18,197560.0
3219,0.0,0.702367107415549,34.08,71.18,197560.0
3220,0.0008554254921092,0.729020384440518,28.89,71.18,197560.0
3221,0.020857756954129,0.756341534293575,52.35,71.18,197560.0
3222,0.0917038295573201,0.700203578799682,71.88,71.18,197560.0
3223,0.266579391443713,0.515891114246298,77.33,71.18,197560.0
3224,0.44888871679899,0.537650266308568,51.5,71.18,197560.0
3225,0.535119314705132,0.575202836666682,5.64,71.18,197560.0
3226,0.588949617603891,0.645491049876025,-2.33,71.18,197560.0
3227,0.590402937725464,0.602373356956598,-11.12,71.18,49390.0
3228,0.557052521171521,0.573055291252049,-36.33,71.18,0.0
3229,0.581290019295431,0.499617309353844,-42.95,71.18,0.0
3230,0.460493994855444,0.425811338854803,-39.66,71.18,277500.0
3231,0.314380438176754,0.29299592061208,-19.86,71.18,555000.0
3232,0.168517019718417,0.237778381900079,-2.93,71.18,555000.0
3233,0.083138566947228,0.0870307336804953,-0.04,71.18,555000.0
3234,0.0298969119355693,0.0821592164325432,43.74,71.18,555000.0
3235,0.0052762211587822,0.119403168829789,83.9,71.18,555000.0
3236,0.0,0.0738059704990415,93.47,71.18,555000.0
3237,0.0,0.0672439523972458,76.41,71.18,277500.0
3238,0.0,0.101838927453765,45.35,71.18,0.0
3239,0.0,0.122184948917814,27.71,71.18,0.0
3240,0.0,0.167655687785428,30.56,71.18,0.0
3241,0.0,0.281242096283554,32.34,71.18,0.0
3242,0.0,0.126999485975249,39.38,71.18,0.0
3243,0.0,0.102746767034296,41.8,71.18,0.0
3244,0.0005295346617317,0.0935357715917737,37.96,71.18,0.0
3245,0.0161038242267657,0.303577955993857,52.87,71.18,0.0
3246,0.0328083984491979,0.218989324221502,85.01,71.18,0.0
3247,0.124956620718474,0.0570307336804953,88.16,71.18,0.0
3248,0.322157473154943,0.100060386190389,84.45,71.18,0.0
3249,0.339845135790742,0.0745949750565193,48.42,71.18,0.0
3250,0.130111562797357,0.0652511768666989,7.36,71.18,0.0
3251,0.171282347287523,0.0486891587649032,-0.08,71.18,0.0
3252,0.233408046714734,0.0565620181017957,-9.95,71.18,238890.0
3253,0.202371029759242,0.04,-11.18,71.18,238890.0
3254,0.363273232561393,0.02,-9.91,71.18,238890.0
3255,0.373895601459302,0.0386891587649032,-0.09,71.18,238890.0
3256,0.184865992601611,0.0580329569547236,1.73,71.18,238890.0
3257,0.138916164374693,0.135251176866699,30.33,71.18,238890.0
3258,0.0362002561657894,0.210560161988104,73.66,71.18,238890.0
3259,0.004250974673389,0.190465778294406,101.24,71.18,238890.0
3260,0.0,0.317151318575042,110.2,71.18,238890.0
3261,0.0,0.166339518816587,83.8,71.18,0.0
3262,0.0,0.0587212345343389,63.64,71.18,0.0
3263,0.0,0.284303824562884,48.67,71.18,0.0
3264,0.0,0.481321871675049,51.14,71.18,0.0
3265,0.0,0.433018715813057,47.76,71.18,0.0
3266,0.0,0.392016492538829,39.62,71.18,0.0
3267,0.0,0.477231093966537,49.49,71.18,0.0
3268,0.0001204007838485,0.578983902744642,44.44,71.18,0.0
3269,0.0124868992959476,0.54754503966115,57.5,71.18,0.0
3270,0.0494873418097571,0.483018715813057,81.35,71.18,0.0
3271,0.131539473541808,0.446499616434418,95.81,71.18,0.0
3272,0.122464066766201,0.489937598332622,82.98,71.18,0.0
3273,0.27032978327192,0.608961107543665,53.1,71.18,0.0
3274,0.312203791166042,0.845644897952806,11.5,71.18,0.0
3275,0.281234221097654,0.833998143886308,0.08,71.18,0.0
3276,0.308029118984109,0.858400945555561,-0.02,71.18,280000.0
3277,0.198732279645139,0.853998143886308,-0.71,71.18,560000.0
3278,0.198831180960362,0.881838927453765,-0.16,71.18,560000.0
3279,0.291730320542407,0.868400945555561,0.01,71.18,560000.0
3280,0.249996857090224,0.82367785490753,10.0,71.18,560000.0
3281,0.179053749998224,0.804366132487146,44.95,71.18,560000.0
3282,0.0913512333201418,0.842552937518651,74.96,71.18,560000.0
3283,0.0196587757739064,0.736162141217754,96.06,71.18,560000.0
3284,8.841218260473e-06,0.646217012188167,109.91,71.18,0.0
3285,0.0,0.459923818094609,87.89,71.18,0.0
3286,0.0,0.600700136083756,82.57,71.18,0.0
3287,0.0,0.560418266158579,69.18,71.18,0.0
3288,0.0,0.451602647930543,69.52,71.18,0.0
3289,0.0,0.536197622987062,63.2,71.18,0.0
3290,0.0,0.548890347115134,63.22,71.18,0.0
3291,0.0,0.620343271665987,62.48,71.18,0.0
3292,0.0005483845642967,0.438452879241681,64.39,71.18,0.0
3293,0.0145466774742835,0.348830148410976,63.24,71.18,0.0
3294,0.0978823816523397,0.545109281037174,83.73,71.18,0.0
3295,0.294395659315029,0.708172102986187,99.94,71.18,0.0
3296,0.430645099532579,0.683055291252049,94.71,71.18,0.0
3297,0.575904319694866,0.566280054433502,73.9,71.18,0.0
3298,0.604239268502589,0.507926808500001,64.46,71.18,0.0
3299,0.335521365783683,0.527926808500001,57.41,69.89,0.0
3300,0.166106946700656,0.589249320753007,38.11,69.46,0.0
3301,0.31900827972443,0.587926808500001,28.24,69.46,0.0
3302,0.601189161295477,0.535811338854803,31.6,69.46,0.0
3303,0.560114022548059,0.361216363798284,37.5,69.46,0.0
3304,0.428896838235176,0.150836704179537,52.09,69.46,0.0
3305,0.20546511836022,0.0772439523972458,70.54,69.46,0.0
3306,0.0577646105703608,0.0341262594778196,69.88,69.46,0.0
3307,0.0098137815589148,0.0241262594778196,94.95,69.46,0.0
3308,0.0,0.0075642413760239,107.94,69.46,0.0
3309,0.0,0.0,95.22,69.46,0.0
3310,0.0,0.0,89.39,69.46,0.0
3311,0.0,0.0,80.65,69.46,0.0
3312,0.0,0.0265620181017956,67.55,69.46,0.0
3313,0.0,0.0506882775796152,63.61,69.46,0.0
3314,0.0,0.0959651869315847,63.82,69.46,0.0
3315,0.0,0.172238991824038,65.18,69.46,0.0
3316,0.0010796616507933,0.227367474576086,69.01,69.46,0.0
3317,0.02077720249309,0.410608689674352,72.51,69.46,0.0
3318,0.133184031228131,0.509563360190736,71.86,69.46,0.0
3319,0.308845423190731,0.250274526714444,70.39,69.46,0.0
3320,0.419859886570184,0.259557938713876,63.86,69.46,0.0
3321,0.55553545744044,0.39617932745564,47.36,69.46,0.0
3322,0.632418326807001,0.399249320753007,9.43,69.46,0.0
3323,0.706933323305178,0.438247097478779,0.71,69.46,0.0
3324,0.644942056203402,0.547926808500001,-0.02,69.46,0.0
3325,0.631444908130476,0.65827282996405,-1.3,69.46,0.0
3326,0.591379601361867,0.676801891111122,-2.79,69.46,0.0
3327,0.534908603641421,0.684834848065845,-1.92,69.46,0.0
3328,0.38938772476286,0.758929031774229,-0.04,69.46,0.0
3329,0.189380369387688,0.760953883074212,50.66,69.46,0.0
3330,0.0681182579793116,0.66273583033746,81.91,69.46,0.0
3331,0.0100928055038319,0.689986126018871,109.94,69.46,0.0
3332,0.0,0.674138117981961,131.66,69.46,0.0
3333,0.0,0.50717411377602,122.78,69.46,0.0
3334,0.0,0.366074100808222,96.52,69.46,0.0
3335,0.0,0.418478611726951,86.6,69.46,0.0
3336,0.0,0.597829940613736,90.69,69.46,0.0
3337,0.0,0.407884717841034,89.06,69.46,0.0
3338,0.0,0.387416002262334,88.66,69.46,0.0
3339,0.0,0.311919530909449,86.91,69.46,0.0
3340,0.0007265051077189,0.335357512807653,86.13,69.46,0.0
3341,0.0163657240604494,0.369914068810572,80.56,69.46,0.0
3342,0.0562364724099389,0.329823450465357,75.57,69.46,0.0
3343,0.171445609792758,0.133872699973596,70.24,69.46,0.0
3344,0.438242613663323,0.0638123137832065,46.96,69.46,0.0
3345,0.576251277915018,0.0480329569547236,5.6,69.46,0.0
3346,0.594007383795181,0.0662417291230175,-0.03,69.46,0.0
3347,0.424120908448472,0.106710444701717,-0.18,69.46,0.0
3348,0.551256893541199,0.01,-2.06,69.46,0.0
3349,0.654614402764983,0.0,-7.41,69.46,0.0
3350,0.386178384117621,0.0265620181017956,-15.13,69.46,0.0
3351,0.229877659740893,0.02,-10.0,69.46,0.0
3352,0.140763637749212,0.01,-3.79,69.46,0.0
3353,0.1051077532562,0.0,-0.06,69.46,0.0
3354,0.0826291660297104,0.0,64.17,69.46,0.0
3355,0.0176516777149153,0.0572439523972458,89.59,69.46,0.0
3356,3.69668872155963e-07,0.258866723849967,113.66,69.46,0.0
3357,0.0,0.268459410012077,122.86,69.46,0.0
3358,0.0,0.130431124589288,101.93,69.46,0.0
3359,0.0,0.0493117224203848,86.14,69.46,0.0
3360,0.0,0.01,91.09,69.46,0.0
3361,0.0,0.011470938852928,82.64,69.46,0.0
3362,0.0,0.02,86.73,69.46,0.0
3363,0.0,0.0175642413760239,86.09,69.46,0.0
3364,0.0018683844306307,0.0462417291230175,88.21,69.46,0.0
3365,0.030927356451449,0.0921592164325432,91.46,69.46,0.0
3366,0.0694562937934356,0.135276909351969,104.72,69.46,0.0
3367,0.171872593685542,0.165000367160537,105.69,69.46,0.0
3368,0.27515205521608,0.301685079376983,72.24,69.46,0.0
3369,0.133956401827085,0.0165620181017956,32.8,69.46,0.0
3370,0.12671553118703,0.20493171595211,12.41,69.46,0.0
3371,0.261078042135486,0.0967104447017172,6.06,69.46,0.0
3372,0.519351351295482,0.212963844842644,2.41,69.46,157500.0
3373,0.489153576304363,0.193284133821422,0.0,69.46,210000.0
3374,0.589412731688797,0.273684198191695,-0.33,69.46,210000.0
3375,0.499587795229162,0.505797558616789,-0.07,69.46,210000.0
3376,0.262191852040627,0.466825514376288,0.89,69.46,273890.0
3377,0.187917088076558,0.546819171092123,64.17,69.46,465560.0
3378,0.0509609133994556,0.798592384621754,85.94,69.46,360560.0
3379,0.0101683607853753,0.749372108610774,113.63,69.46,255560.0
3380,0.0,0.776315801808305,135.9,69.46,255560.0
3381,0.0,0.828406273289305,120.33,69.46,63890.0
3382,0.0,0.822375559919818,96.63,69.46,0.0
3383,0.0,0.71930639468664,79.86,69.46,0.0
3384,0.0,0.731759339548502,81.46,69.46,0.0
3385,0.0,0.637307275871928,76.4,69.46,0.0
3386,0.0,0.643138831992026,76.21,69.46,100000.0
3387,0.0,0.639225791230956,77.92,69.46,100000.0
3388,0.0044654635031038,0.641736544347525,74.93,69.46,100000.0
3389,0.0411371560961376,0.706151017034686,79.58,69.46,100000.0
3390,0.152502297077557,0.756207262904131,112.26,69.46,100000.0
3391,0.310294217396791,0.701495749530894,122.98,69.46,0.0
3392,0.463947221291095,0.486967066481055,97.35,69.46,0.0
3393,0.586576345200887,0.170836704179537,81.86,69.46,0.0
3394,0.666618615963758,0.213284133821422,66.98,69.46,0.0
3395,0.70704875583391,0.317879108877942,54.42,69.46,0.0
3396,0.682930068281356,0.417558819899164,28.47,69.46,0.0
3397,0.678408583152896,0.546568267642845,31.34,69.46,0.0
3398,0.585739034636954,0.644120838000959,54.09,69.46,0.0
3399,0.46928723738017,0.559718036331707,69.65,69.46,0.0
3400,0.367553994073371,0.421685079376983,79.61,69.46,0.0
3401,0.220513409554975,0.19539960346662,87.98,69.46,0.0
3402,0.0934332942927597,0.47339304769806,103.44,69.46,0.0
3403,0.0205215313950089,0.646879557282512,126.98,69.46,0.0
3404,1.8674481612982102e-09,0.730762350264902,99.07,69.46,0.0
3405,0.0,0.776921272969016,83.58,69.46,0.0
3406,0.0,0.812972391090029,83.05,69.46,0.0
3407,0.0,0.781349807123539,65.91,69.46,0.0
3408,0.0,0.698249300441999,70.03,69.46,0.0
3409,0.0,0.659668774324386,66.4,69.46,0.0
3410,0.0,0.722375559919818,64.9,69.46,0.0
3411,0.0,0.666232995389401,54.12,69.46,0.0
3412,0.0030053897882349,0.741687282340203,62.66,69.46,0.0
3413,0.0355639083628123,0.798249300441999,70.2,69.46,0.0
3414,0.113255986725417,0.813491009254008,98.14,69.46,0.0
3415,0.220601641354083,0.61437467873453,103.12,69.46,0.0
3416,0.404041513112728,0.255118389743253,94.98,69.46,0.0
3417,0.528926967022067,0.0686891587649032,81.21,69.46,0.0
3418,0.611921106604717,0.105251176866699,70.0,69.46,0.0
3419,0.66036559743039,0.163284133821422,69.78,69.46,0.0
3420,0.672020457307066,0.193284133821422,65.65,69.46,0.0
3421,0.647328978709813,0.387558819899164,56.91,69.46,0.0
3422,0.593039222299864,0.557558819899164,56.14,69.46,0.0
3423,0.477947950792147,0.644120838000959,67.17,69.46,0.0
3424,0.348808805484851,0.601364790398205,77.61,69.46,0.0
3425,0.222926995699654,0.543055291252049,92.45,69.46,0.0
3426,0.0930592903882178,0.664089590295713,99.98,69.46,0.0
3427,0.0213609472409878,0.67033131941873,147.02,69.46,0.0
3428,1.27180453770259e-05,0.665149262476037,154.88,69.46,0.0
3429,0.0,0.726334284825958,135.99,69.46,0.0
3430,0.0,0.733235981107637,107.71,69.46,0.0
3431,0.0,0.75574259390326,93.22,69.46,0.0
3432,0.0,0.735407056044322,79.27,69.46,0.0
3433,0.0,0.625446021932764,78.45,69.46,0.0
3434,0.0,0.531019596998345,74.93,69.46,0.0
3435,0.0,0.561714217862126,76.68,69.46,0.0
3436,0.0041765594345715,0.694463922180715,78.65,69.46,0.0
3437,0.0422494880264666,0.576893337520526,84.8,69.46,0.0
3438,0.108948655094034,0.589617309353844,107.98,69.46,0.0
3439,0.205740365645652,0.378172102986187,118.0,69.46,0.0
3440,0.383334379684519,0.488247097478779,97.84,69.46,0.0
3441,0.560888189162622,0.418935375058394,75.65,69.46,0.0
3442,0.651626794705083,0.357558819899164,74.89,69.46,0.0
3443,0.700604318107431,0.357558819899164,64.1,69.46,0.0
3444,0.712781095342353,0.32999457852314,52.5,69.46,0.0
3445,0.689853783253525,0.551685079376983,45.31,69.46,0.0
3446,0.620738393676529,0.531685079376983,56.98,69.46,0.0
3447,0.52832363646351,0.531685079376983,71.4,69.46,0.0
3448,0.393802491705256,0.667926808500001,83.77,69.46,0.0
3449,0.240576389267422,0.718929031774229,96.64,69.46,0.0
3450,0.0988663438214533,0.756205059940911,111.49,69.46,0.0
3451,0.0233502639767557,0.745145856476165,156.28,69.46,0.0
3452,0.0002537427151114,0.685743984426144,180.06,69.46,0.0
3453,0.0,0.727447156224465,155.98,69.46,0.0
3454,0.0,0.725934126712569,126.15,69.46,0.0
3455,0.0,0.723055384995164,105.03,69.46,0.0
3456,0.0,0.753112365185682,103.17,69.46,0.0
3457,0.0,0.720682949845871,94.12,69.46,0.0
3458,0.0,0.740020404751526,89.79,69.46,0.0
3459,0.0,0.696236401389273,88.22,69.46,0.0
3460,0.0055092841705281,0.699994672266255,91.8,69.46,0.0
3461,0.0435806063334791,0.744534042031288,103.23,69.46,0.0
3462,0.157250864855512,0.746499710177534,123.84,69.46,0.0
3463,0.318256669585121,0.300528086218668,122.07,69.46,0.0
3464,0.473540037785383,0.307879108877942,115.9,69.46,0.0
3465,0.600108939127488,0.451685079376983,106.1,69.46,0.0
3466,0.685789077739535,0.601685079376983,96.16,69.46,0.0
3467,0.73261273667524,0.611685079376983,90.07,71.965,0.0
3468,0.745593347931924,0.645123061275188,88.98,72.8,0.0
3469,0.72156204451591,0.681685079376983,87.74,72.8,0.0
3470,0.66129171949152,0.703652122422259,88.12,72.8,0.0
3471,0.561023110756938,0.621364790398205,88.18,72.8,0.0
3472,0.418866431738971,0.557926808500001,84.27,72.8,0.0
3473,0.260143266372358,0.524834848065845,98.79,72.8,0.0
3474,0.10761237531836,0.526237135710346,111.77,72.8,0.0
3475,0.0252697649779364,0.536485836196404,129.99,72.8,0.0
3476,0.0005745663797306,0.536725615462614,125.0,72.8,0.0
3477,0.0,0.420508790760678,115.84,72.8,0.0
3478,0.0,0.223615546983268,109.67,72.8,0.0
3479,0.0,0.148332294347134,99.84,72.8,0.0
3480,0.0,0.0979643057462967,94.88,72.8,0.0
3481,0.0,0.0904000643702728,91.83,72.8,0.0
3482,0.0,0.0311569931583149,90.43,72.8,0.0
3483,0.0,0.0241262594778196,89.16,72.8,0.0
3484,0.0056502466923199,0.0221475454146336,89.03,72.8,0.0
3485,0.0439821326358391,0.0141262594778196,90.26,72.8,0.0
3486,0.152427839391158,0.0141262594778196,90.68,72.8,0.0
3487,0.306377727931917,0.0216905008538435,86.23,72.8,0.0
3488,0.457364493544481,0.0165620181017956,78.58,72.8,0.0
3489,0.582069173108794,0.03,74.75,72.8,0.0
3490,0.668159527524136,0.0570307336804953,54.23,72.8,0.0
3491,0.718527099580981,0.105251176866699,9.34,72.8,0.0
3492,0.731768672940161,0.0670307336804953,3.24,72.8,0.0
3493,0.709123385837474,0.0862417291230175,0.04,72.8,0.0
3494,0.649537052896504,0.115719892445399,0.0,72.8,0.0
3495,0.552052636782212,0.193284133821422,0.02,72.8,0.0
3496,0.412717898468146,0.318535310688121,14.23,72.8,0.0
3497,0.25852791554124,0.371685079376983,76.04,72.8,0.0
3498,0.108437728242674,0.358272829964049,96.23,72.8,0.0
3499,0.0259080168178569,0.356142752016649,115.77,72.8,0.0
3500,0.0007271597400048,0.507470873232747,131.92,72.8,0.0
3501,0.0,0.514466125143935,136.95,72.8,0.0
3502,0.0,0.44032047646501,115.77,72.8,0.0
3503,0.0,0.404421003457559,104.54,72.8,0.0
3504,0.0,0.391985244833583,107.36,72.8,0.0
3505,0.0,0.315706112207385,98.3,72.8,0.0
3506,0.0,0.238430084040703,90.77,72.8,0.0
3507,0.0,0.188062095439866,90.1,72.8,0.0
3508,0.0062875050740271,0.131776619529503,91.16,72.8,0.0
3509,0.0447698329231399,0.112090565224116,88.61,72.8,0.0
3510,0.157472776881652,0.0828474940121585,83.49,72.8,0.0
3511,0.314233594651352,0.0348145370574348,71.9,72.8,0.0
3512,0.466732409257286,0.0,13.25,72.8,0.0
3513,0.588932620410185,0.01,0.02,72.8,0.0
3514,0.674664735559914,0.0365620181017956,0.0,72.8,0.0
3515,0.723559581613776,0.0486891587649032,-0.09,72.8,0.0
3516,0.736518072356961,0.0665620181017956,-2.12,72.8,0.0
3517,0.708304463579281,0.125251176866699,-10.66,72.8,0.0
3518,0.652109142423496,0.125251176866699,-23.88,72.8,0.0
3519,0.552127728873748,0.124274686077741,-9.91,72.8,0.0
3520,0.409376101046417,0.0662417291230175,-0.6,72.8,0.0
3521,0.227829130291906,0.116285475910363,57.0,72.8,0.0
3522,0.0678936503210519,0.105308985121405,93.26,72.8,0.0
3523,0.0219335285901375,0.0441262594778196,118.08,72.8,0.0
3524,0.0003487907307698,0.0296797110212219,118.74,72.8,0.0
3525,0.0,0.0175642413760239,121.1,72.8,0.0
3526,0.0,0.01,106.94,72.8,0.0
3527,0.0,0.01,87.5,72.8,0.0
3528,0.0,0.116967410205813,78.34,72.8,0.0
3529,0.0,0.114217705887224,75.07,72.8,0.0
3530,0.0,0.186713850701589,74.44,72.8,0.0
3531,0.0,0.171050750960476,74.43,72.8,0.0
3532,0.0016584629602858,0.216959145187775,77.87,72.8,0.0
3533,0.0205201480869563,0.241868065938908,84.04,72.8,0.0
3534,0.110262350121422,0.162490629594389,112.94,72.8,0.0
3535,0.264000892526133,0.0614992492738814,128.74,72.8,0.0
3536,0.390287428311207,0.02,124.55,72.8,0.0
3537,0.576117552307864,0.0265620181017956,107.22,72.8,0.0
3538,0.663296289419432,0.0380329569547236,88.44,72.8,0.0
3539,0.72072892093838,0.0486891587649032,86.26,72.8,0.0
3540,0.732889488792102,0.0570307336804953,77.34,72.8,0.0
3541,0.667533557248059,0.0870307336804953,74.46,72.8,0.0
3542,0.571727345325868,0.0686891587649032,72.96,72.8,0.0
3543,0.529529880673187,0.0870307336804953,77.78,72.8,0.0
3544,0.413641774193972,0.145719892445399,84.66,72.8,0.0
3545,0.258463984851078,0.190560161988104,111.04,72.8,0.0
3546,0.109817292954793,0.207341742090815,131.4,72.8,0.0
3547,0.0273132402584126,0.258769762220587,186.68,72.8,0.0
3548,0.0010090415777299,0.281205520844563,221.46,72.8,0.0
3549,0.0,0.223929492677881,169.86,72.8,0.0
3550,0.0,0.162559280802816,131.4,72.8,0.0
3551,0.0,0.0582525189556392,113.78,72.8,0.0
3552,0.0,0.0238059704990415,97.78,72.8,0.0
3553,0.0,0.0,90.5,72.8,0.0
3554,0.0,0.0,87.64,72.8,0.0
3555,0.0,0.002435758623976,85.22,72.8,0.0
3556,0.0070188682428788,0.0,83.96,72.8,0.0
3557,0.0449083710937514,0.0,88.04,72.8,0.0
3558,0.159820194775643,0.0,110.34,72.8,0.0
3559,0.317444106405385,0.0,120.1,72.8,0.0
3560,0.46871097750095,0.0086891587649032,102.23,72.8,0.0
3561,0.590260228902363,0.01,85.43,72.8,0.0
3562,0.676372594954722,0.0286891587649032,72.52,72.8,0.0
3563,0.726589546910668,0.0396797110212219,69.17,72.8,0.0
3564,0.740172227458355,0.0862417291230175,61.1,72.8,0.0
3565,0.717010146410591,0.213284133821422,55.25,72.8,0.0
3566,0.659207387341139,0.32952586294444,55.27,72.8,0.0
3567,0.560583721430552,0.28952586294444,65.66,72.8,0.0
3568,0.420108992712358,0.277879108877942,72.52,72.8,0.0
3569,0.264184327345768,0.32299592061208,85.8,72.8,0.0
3570,0.112574015959545,0.27780411438535,102.28,72.8,0.0
3571,0.0282408163739574,0.307515901176007,130.05,72.8,0.0
3572,0.0012038537191483,0.284334884781899,144.31,72.8,0.0
3573,0.0,0.33226813030918,124.0,72.8,0.0
3574,0.0,0.402019898538701,100.09,72.8,0.0
3575,0.0,0.421542261740153,88.78,72.8,0.0
3576,0.0,0.48237896591969,72.22,72.8,0.0
3577,0.0,0.5482269739566,57.54,72.8,0.0
3578,0.0,0.532353233434419,54.28,72.8,0.0
3579,0.0,0.610386190389143,50.59,72.8,0.0
3580,0.0042287771342687,0.614538182352234,49.83,72.8,0.0
3581,0.0402556285853007,0.60410071447878,45.91,72.8,0.0
3582,0.148368874397486,0.646205059940911,72.15,72.8,0.0
3583,0.316203370252381,0.664834848065845,86.45,72.8,0.0
3584,0.456721409991642,0.528247097478779,91.52,72.8,0.0
3585,0.491126343776528,0.479249320753007,69.11,72.8,0.0
3586,0.580201563400616,0.287879108877942,67.85,72.8,0.0
3587,0.60693622606827,0.133284133821422,62.12,72.8,0.0
3588,0.47799043938182,0.161813194968494,59.07,72.8,0.0
3589,0.374654536465132,0.134274686077741,62.25,72.8,0.0
3590,0.212685856092672,0.0952511768666989,62.18,72.8,0.0
3591,0.112385046167294,0.0967104447017172,69.49,72.8,0.0
3592,0.0869772314624125,0.168400945555561,72.67,72.8,0.0
3593,0.0565409792209718,0.0365620181017956,89.23,72.8,0.0
3594,0.0319522222652863,0.0175642413760239,94.66,72.8,0.0
3595,0.0102123892589151,0.0,111.44,72.8,0.0
3596,9.57200772926879e-05,0.0,140.5,72.8,0.0
3597,0.0,0.0541262594778196,143.26,72.8,0.0
3598,0.0,0.305294189332971,120.39,72.8,0.0
3599,0.0,0.263898244972635,95.53,72.8,0.0
3600,0.0,0.235619993531725,100.43,72.8,0.0
3601,0.0,0.245994325416727,96.2,72.8,0.0
3602,0.0,0.260865842664679,91.21,72.8,0.0
3603,0.0,0.369212745314016,93.63,72.8,0.0
3604,0.0015493731928634,0.440643343379471,94.56,72.8,0.0
3605,0.0187922553150495,0.440737727073168,100.79,72.8,0.0
3606,0.0482821881743601,0.336211403225076,103.37,72.8,0.0
3607,0.087050837701863,0.4537756446011,106.67,72.8,0.0
3608,0.169245566465691,0.339937598332622,97.71,72.8,0.0
3609,0.171364232475014,0.31365212242226,93.9,72.8,0.0
3610,0.204113206911108,0.264441126979737,85.0,72.8,0.0
3611,0.180152662311717,0.277090104320464,80.0,72.8,0.0
3612,0.267971144923376,0.401685079376983,70.92,72.8,0.0
3613,0.388300189481398,0.371685079376983,62.97,72.8,0.0
3614,0.313929688803953,0.441685079376983,62.97,72.8,0.0
3615,0.322072989857897,0.327558819899164,67.69,72.8,0.0
3616,0.37831950583814,0.334120838000959,83.75,72.8,0.0
3617,0.268861785933557,0.236433902510284,90.13,72.8,0.0
3618,0.118964055238114,0.199089223135176,110.67,72.8,0.0
3619,0.0302184575266118,0.0838380462684771,135.23,72.8,0.0
3620,0.0015803298196081,0.0521592164325432,154.73,72.8,0.0
3621,0.0,0.0818389274537651,143.45,72.8,0.0
3622,0.0,0.0521592164325432,112.11,72.8,0.0
3623,0.0,0.0810562661804524,100.71,72.8,0.0
3624,0.0,0.0804000643702728,96.21,72.8,0.0
3625,0.0,0.0587212345343389,80.71,72.8,0.0
3626,0.0,0.0316905008538435,79.49,72.8,0.0
3627,0.0,0.0914022876445011,73.71,72.8,0.0
3628,0.0014804659649961,0.0679322299768611,74.53,72.8,0.0
3629,0.0180442355544603,0.0587212345343389,90.06,72.8,0.0
3630,0.076717221238505,0.0472760281666815,106.27,72.8,0.0
3631,0.146264806890452,0.0921592164325432,109.11,72.8,0.0
3632,0.218500612858963,0.0938059704990415,108.72,72.8,0.0
3633,0.19396625714588,0.0165620181017956,102.36,72.8,0.0
3634,0.22858062962481,0.0280329569547236,91.97,72.8,0.0
3635,0.241447397175434,0.0375642413760239,82.02,74.0675,0.0
3636,0.177956897343725,0.0365620181017956,74.91,74.49,0.0
3637,0.175726052441219,0.02,68.5,74.49,0.0
3638,0.122153242971222,0.0,65.3,74.49,0.0
3639,0.105773351162361,0.0,66.94,74.49,0.0
3640,0.0784451368715529,0.0134379818982043,75.07,74.49,0.0
3641,0.0484922558407532,0.03,84.1,74.49,0.0
3642,0.0278170462592001,0.0689344532510894,94.46,74.49,0.0
3643,0.0083336112572647,0.0834920248044284,107.94,74.49,0.0
3644,1.62028496794574e-06,0.100836704179537,115.0,74.49,0.0
3645,0.0,0.185965186931585,107.91,74.49,0.0
3646,0.0,0.159377436344518,101.74,74.49,0.0
3647,0.0,0.199557938713876,84.18,74.49,0.0
3648,0.0,0.384395270972288,88.58,74.49,0.0
3649,0.0,0.342305533812361,88.82,74.49,0.0
3650,0.0,0.327056934881345,79.66,74.49,0.0
3651,0.0,0.37120258356027,72.14,74.49,0.0
3652,0.001591781876394,0.39707632408245,71.87,74.49,0.0
3653,0.0189739107791064,0.526925413289961,71.83,74.49,0.0
3654,0.0450627066173118,0.579329096144502,75.2,74.49,0.0
3655,0.19591574437645,0.51617932745564,74.4,74.49,0.0
3656,0.373720218726181,0.738929031774229,72.49,74.49,0.0
3657,0.341395023453258,0.792675631633302,61.35,74.49,0.0
3658,0.500095993770137,0.835965186931585,47.16,74.49,0.0
3659,0.546303025879994,0.859403168829789,41.86,74.49,0.0
3660,0.544610959931968,0.874274686077741,21.21,74.49,0.0
3661,0.435510566570769,0.858400945555561,7.44,74.49,0.0
3662,0.484446338427728,0.817090104320464,2.92,74.49,0.0
3663,0.39589043888067,0.816433902510284,5.8,74.49,0.0
3664,0.399096274470591,0.846433902510284,13.0,74.49,0.0
3665,0.238956505691397,0.820239873009326,52.08,74.49,0.0
3666,0.107842832930028,0.711045329483616,67.5,74.49,0.0
3667,0.0324675897795467,0.613824172287348,81.9,74.49,0.0
3668,0.0020644198162886,0.499261273000264,85.86,74.49,0.0
3669,0.0,0.410200360286041,81.76,74.49,0.0
3670,0.0,0.504050077572428,84.48,74.49,0.0
3671,0.0,0.468164666032338,65.39,74.49,0.0
3672,0.0,0.429609872399996,35.71,74.49,0.0
3673,0.0,0.36754503966115,31.12,74.49,0.0
3674,0.0,0.404326619763861,15.85,74.49,0.0
3675,0.0,0.597219235462396,7.22,74.49,0.0
3676,0.0079110716429395,0.397764601662065,8.96,74.49,0.0
3677,0.0483960931774801,0.466042853102975,5.13,74.49,0.0
3678,0.146584102861303,0.29673958318686,4.91,74.49,0.0
3679,0.319446923353567,0.179089223135176,4.11,74.49,0.0
3680,0.428754752027733,0.323363909212917,0.97,74.49,0.0
3681,0.574770779404005,0.427926808500001,0.0,74.49,0.0
3682,0.54054006635212,0.557926808500001,1.56,74.49,0.0
3683,0.401337616393244,0.597926808500001,0.77,74.49,0.0
3684,0.478699839227325,0.667270606689821,-0.1,74.49,0.0
3685,0.403615083236902,0.646493273150253,-4.01,74.49,0.0
3686,0.255504013071739,0.634834848065845,-15.93,74.49,0.0
3687,0.383399104688306,0.649249320753007,-19.58,74.49,0.0
3688,0.201412420980401,0.615491049876025,-8.98,74.49,0.0
3689,0.180774537839531,0.566525348919689,-1.27,74.49,0.0
3690,0.103806657045562,0.516168484501919,13.95,74.49,0.0
3691,0.0326015225109855,0.438547262935378,67.23,74.49,0.0
3692,0.0022242002767548,0.463361799992813,94.99,74.49,0.0
3693,0.0,0.324715559951066,106.93,74.49,0.0
3694,0.0,0.306362314017564,109.01,74.49,0.0
3695,0.0,0.250865842664679,99.16,74.49,0.0
3696,0.0,0.153903760192611,98.26,74.49,0.0
3697,0.0,0.129777500714791,84.58,74.49,0.0
3698,0.0,0.150465778294407,83.67,74.49,0.0
3699,0.0,0.103535771591774,83.81,74.49,0.0
3700,0.0057649872409169,0.0703679886008371,82.17,74.49,0.0
3701,0.0418299879683071,0.125939454446314,96.17,74.49,0.0
3702,0.116367629270504,0.133284133821422,133.28,74.49,0.0
3703,0.241161133422169,0.176990392893022,193.06,74.49,0.0
3704,0.328557428333996,0.142815418242723,164.48,74.49,0.0
3705,0.264841958560085,0.105251176866699,128.08,74.49,0.0
3706,0.179620597713446,0.104594975056519,99.05,74.49,0.0
3707,0.268855491208576,0.0752511768666988,95.9,74.49,0.0
3708,0.248161622273097,0.0686891587649032,81.09,74.49,0.0
3709,0.229784719766988,0.0870307336804953,74.9,74.49,0.0
3710,0.303236613594529,0.0786891587649032,67.3,74.49,0.0
3711,0.332328248214561,0.0952511768666989,72.02,74.49,0.0
3712,0.170370290943902,0.125251176866699,78.0,74.49,0.0
3713,0.141173106215869,0.148400945555561,105.95,74.49,0.0
3714,0.0652994191647844,0.28742151748231,127.32,74.49,0.0
3715,0.0322882971495014,0.284027282371451,182.91,74.49,0.0
3716,0.0018566257655331,0.275017834627769,215.28,74.49,0.0
3717,0.0,0.221868065938908,198.79,74.49,0.0
3718,0.0,0.225306047837112,149.29,74.49,0.0
3719,0.0,0.174592037772226,116.04,74.49,0.0
3720,0.0,0.170465778294407,106.87,74.49,0.0
3721,0.0,0.143215482612996,99.98,74.49,0.0
3722,0.0,0.121524981759152,95.42,74.49,0.0
3723,0.0,0.200177565085064,92.94,74.49,0.0
3724,0.0027847323471645,0.210177565085064,92.25,74.49,0.0
3725,0.0261936947149714,0.200497854063842,104.69,74.49,0.0
3726,0.0772875643246439,0.160497854063842,162.0,74.49,0.0
3727,0.099682222890702,0.21299592061208,177.66,74.49,0.0
3728,0.225676210283959,0.226087881046236,141.68,74.49,0.0
3729,0.232116418004396,0.163284133821422,112.37,74.49,0.0
3730,0.264782536508103,0.22886966113426,91.6,74.49,93335.0
3731,0.254314839505543,0.210836704179537,81.31,74.49,186670.0
3732,0.265614302322969,0.24952586294444,67.34,74.49,186670.0
3733,0.437125018709429,0.219846151923218,55.27,74.49,186670.0
3734,0.321833866716215,0.212963844842644,43.86,74.49,46667.5
3735,0.256100677170656,0.209846151923218,47.06,74.49,0.0
3736,0.127856414750593,0.195431679236056,64.03,74.49,0.0
3737,0.091212125494467,0.141524981759152,84.88,74.49,0.0
3738,0.0721453750063829,0.139089223135176,116.22,74.49,0.0
3739,0.0218123408054153,0.148338637631299,176.78,74.49,0.0
3740,0.0008883086148934,0.336523427185816,235.52,74.49,0.0
3741,0.0,0.349832371685204,140.68,74.49,0.0
3742,0.0,0.203615546983268,107.34,74.49,0.0
3743,0.0,0.346394389787,75.81,74.49,0.0
3744,0.0,0.298804415925705,56.85,74.49,0.0
3745,0.0,0.184278092077613,43.93,74.49,0.0
3746,0.0,0.271554120244295,44.55,74.49,0.0
3747,0.0,0.308830148410976,50.05,74.49,0.0
3748,0.0080677273039329,0.311928452129297,48.09,74.49,0.0
3749,0.0483102188188699,0.360862905380386,71.19,74.49,0.0
3750,0.134298032877812,0.318464737745822,103.55,74.49,0.0
3751,0.233040363374956,0.419617309353844,142.76,74.49,0.0
3752,0.436197415042404,0.356801891111122,112.92,74.49,0.0
3753,0.394054921769179,0.364366132487145,84.16,74.49,0.0
3754,0.362875680735329,0.485811338854803,69.93,74.49,0.0
3755,0.449538300424119,0.316801891111122,62.03,74.49,0.0
3756,0.274598677024432,0.415811338854803,48.4,74.49,0.0
3757,0.412590406984769,0.471364790398205,30.17,74.49,0.0
3758,0.400612649480942,0.461685079376983,26.3,74.49,0.0
3759,0.494637462278008,0.408247097478779,30.06,74.49,0.0
3760,0.386367605796013,0.413055291252049,62.57,74.49,0.0
3761,0.254504999433039,0.260928150588941,80.43,74.49,0.0
3762,0.124584238957636,0.241868065938908,105.09,74.49,0.0
3763,0.0341974783334107,0.220517243264948,126.97,74.49,0.0
3764,0.0029310308179738,0.0238059704990415,155.9,74.49,0.0
3765,0.0,0.0,158.02,74.49,0.0
3766,0.0,0.0034379818982043,141.47,74.49,0.0
3767,0.0,0.025585527312838,105.99,74.49,0.0
3768,0.0,0.0445949750565193,93.24,74.49,0.0
3769,0.0,0.0787212345343389,89.92,74.49,0.0
3770,0.0,0.189803233200062,85.86,74.49,0.0
3771,0.0,0.366770643405875,85.35,74.49,0.0
3772,0.0062642737539142,0.40780411438535,88.25,74.49,0.0
3773,0.0407123866691496,0.559300785723548,98.97,74.49,0.0
3774,0.108464445330613,0.664785304829177,123.9,74.49,0.0
3775,0.223497122773283,0.284721075171042,127.92,74.49,0.0
3776,0.323348344865199,0.408961107543665,96.83,74.49,0.0
3777,0.252209306784276,0.365054410066761,71.89,74.49,0.0
3778,0.323123300720597,0.603055291252049,57.8,74.49,0.0
3779,0.335945937524488,0.187410393299242,30.25,74.49,0.0
3780,0.255093377302058,0.164962963657356,24.33,74.49,0.0
3781,0.248714738463467,0.350239873009326,19.5,74.49,0.0
3782,0.178909844463446,0.290928150588941,24.23,74.49,0.0
3783,0.11747528894999,0.305811338854803,37.65,74.49,0.0
3784,0.102555330480325,0.38964938512328,62.11,74.49,0.0
3785,0.07236325251297,0.427213626499304,80.67,74.49,0.0
3786,0.0322664354160636,0.305086485836196,89.92,74.49,0.0
3787,0.0109492033124462,0.442053896042009,115.69,74.49,0.0
3788,0.0002186849606782,0.178801009925834,163.98,74.49,0.0
3789,0.0,0.264678156447886,167.72,74.49,0.0
3790,0.0,0.217298823367659,132.45,74.49,0.0
3791,0.0,0.154243438372494,104.39,74.49,0.0
3792,0.0,0.11252720503338,101.0,74.49,0.0
3793,0.0,0.0918389274537651,96.13,74.49,0.0
3794,0.0,0.0352511768666989,91.7,74.49,0.0
3795,0.0,0.0386891587649032,87.53,74.49,0.0
3796,0.0024837769705297,0.0649372311720858,84.25,74.49,0.0
3797,0.0206006968071252,0.14143694134962,91.9,74.49,0.0
3798,0.0408175915831833,0.152247913043886,113.95,74.49,0.0
3799,0.0731339499149803,0.114281029361906,119.05,74.49,0.0
3800,0.118664674689638,0.0886891587649032,102.76,74.49,0.0
3801,0.193537745379082,0.0945949750565193,78.56,74.49,0.0
3802,0.284601119023368,0.114274686077741,60.66,74.49,0.0
3803,0.165135543237471,0.144274686077741,41.39,71.0475,0.0
3804,0.293094264639082,0.0565620181017957,33.91,69.9,0.0
3805,0.353586431267147,0.0780329569547236,25.36,69.9,0.0
3806,0.329557632261488,0.0,17.41,69.9,0.0
3807,0.374740042735048,0.0,13.08,69.9,0.0
3808,0.392209667032471,0.0,25.57,69.9,0.0
3809,0.254907338629615,0.0,64.56,69.9,0.0
3810,0.0745988026098645,0.0931497686888619,85.21,69.9,0.0
3811,0.0122956950234957,0.563381189193918,128.58,69.9,0.0
3812,0.0004297402326692,0.472944549384655,154.75,69.9,0.0
3813,0.0,0.519542767952978,153.85,69.9,0.0
3814,0.0,0.472344312214572,126.88,69.9,0.0
3815,0.0,0.523846498772746,97.45,69.9,0.0
3816,0.0,0.536205059940911,98.36,69.9,0.0
3817,0.0,0.620751601054297,90.04,69.9,0.0
3818,0.0,0.571022628025754,83.31,69.9,0.0
3819,0.0,0.616796469634261,83.53,69.9,0.0
3820,0.0045582450434472,0.47892159482038,79.64,69.9,0.0
3821,0.0324795444554228,0.179803233200062,82.11,69.9,0.0
3822,0.0352709671483135,0.215374699045539,79.38,69.9,0.0
3823,0.120836132023753,0.241216363798284,62.82,69.9,0.0
3824,0.425170511925108,0.0480329569547236,42.2,69.9,0.0
3825,0.575257655405294,0.201838927453765,12.24,69.9,0.0
3826,0.631658444832516,0.237090104320464,-0.13,69.9,0.0
3827,0.304830863320336,0.680043106209388,-2.27,69.9,0.0
3828,0.454709326953892,0.0645949750565193,-10.26,69.9,0.0
3829,0.634472079868157,0.628615914143805,-23.7,69.9,0.0
3830,0.267286704121604,0.0938059704990415,-30.03,69.9,0.0
3831,0.251404479012847,0.518961107543665,-20.62,69.9,0.0
3832,0.132575371375158,0.37687394831942,-8.25,69.9,0.0
3833,0.277187556120568,0.13597153021575,0.01,69.9,0.0
3834,0.125169099797509,0.193146831404569,44.91,69.9,0.0
3835,0.0351435244034548,0.0772760281666815,68.84,69.9,0.0
3836,0.0034056880020903,0.102847494012158,99.32,69.9,0.0
3837,0.0,0.35569976892322,93.01,69.9,0.0
3838,0.0,0.471008754044625,100.0,69.9,0.0
3839,0.0,0.501664955854804,78.79,69.9,0.0
3840,0.0,0.51169703162424,74.28,69.9,0.0
3841,0.0,0.51582329110206,63.59,69.9,0.0
3842,0.0,0.58650522539751,42.52,69.9,0.0
3843,0.0,0.556137236796673,15.57,69.9,0.0
3844,0.0079810663348667,0.643135894707732,18.19,69.9,0.0
3845,0.0468386016435914,0.731045329483616,11.56,69.9,0.0
3846,0.143984623775163,0.719206402029851,8.4,69.9,0.0
3847,0.319756715726353,0.723055291252049,2.22,69.9,0.0
3848,0.409162029755904,0.786827623596392,-0.08,69.9,0.0
3849,0.573556518308454,0.78367785490753,-2.01,69.9,0.0
3850,0.27447512728544,0.779249320753007,-7.6,69.9,0.0
3851,0.164786699613204,0.784366132487146,-15.0,69.9,0.0
3852,0.127471217090154,0.820560161988104,-25.0,69.9,0.0
3853,0.131674656906691,0.81780411438535,-32.69,69.9,0.0
3854,0.121675725590259,0.843998143886308,-37.14,69.9,0.0
3855,0.0944033292772756,0.648583838374369,-28.68,69.9,0.0
3856,0.0914890821072087,0.701077405253052,-5.84,69.9,0.0
3857,0.0853404448395673,0.768886113051073,-0.5,69.9,0.0
3858,0.0506209655613278,0.693726382593778,42.76,69.9,0.0
3859,0.0251248646243644,0.756162141217754,96.85,69.9,0.0
3860,0.0014392133403252,0.750314133180844,115.86,69.9,0.0
3861,0.0,0.751759339548502,111.24,69.9,0.0
3862,0.0,0.690011858504141,108.42,69.9,0.0
3863,0.0,0.705885599026321,97.21,69.9,0.0
3864,0.0,0.72687615128264,73.96,69.9,0.0
3865,0.0,0.768321357650297,71.59,69.9,0.0
3866,0.0,0.778566652136484,68.73,69.9,0.0
3867,0.0,0.742667179129033,68.27,69.9,0.0
3868,0.0020182314228702,0.767607347585412,69.0,69.9,0.0
3869,0.0191395847252873,0.782644383928055,78.32,69.9,0.0
3870,0.0375816820924451,0.777239358984575,117.4,69.9,0.0
3871,0.0930557581672556,0.844366132487145,185.18,69.9,0.0
3872,0.182602981346983,0.676548144120666,146.21,69.9,0.0
3873,0.190178365266953,0.609697912809528,107.25,69.9,0.0
3874,0.225575914999639,0.467512963891714,89.46,69.9,0.0
3875,0.162692954530661,0.566925413289962,85.04,69.9,0.0
3876,0.179843247028098,0.525891114246297,74.3,69.9,0.0
3877,0.277149488401937,0.489617309353844,73.59,69.9,0.0
3878,0.253180150136988,0.467926808500001,67.07,69.9,0.0
3879,0.277367740657168,0.374120838000959,65.88,69.9,0.0
3880,0.196323224401129,0.277090104320464,70.0,69.9,0.0
3881,0.164457995125058,0.139846151923218,81.2,69.9,0.0
3882,0.107368847966589,0.0911569931583149,98.53,69.9,0.0
3883,0.0365964519905954,0.0838059704990415,118.59,69.9,0.0
3884,0.0036584690834038,0.0441262594778196,124.45,69.9,0.0
3885,0.0,0.0441262594778196,113.32,69.9,0.0
3886,0.0,0.0265877505870663,98.41,69.9,0.0
3887,0.0,0.0238059704990415,77.76,69.9,0.0
3888,0.0,0.0241262594778196,60.07,69.9,0.0
3889,0.0,0.0065620181017956,56.96,69.9,0.0
3890,0.0,0.0,62.95,69.9,0.0
3891,0.0,0.0,55.82,69.9,0.0
3892,0.0104474407115505,0.0,60.06,69.9,0.0
3893,0.050857323471912,0.0,59.11,69.9,0.0
3894,0.163530018608612,0.0,81.83,69.9,0.0
3895,0.320578669130581,0.0,100.26,69.9,0.0
3896,0.460630194060351,0.0,91.5,69.9,0.0
3897,0.573347262506158,0.0,68.27,69.9,0.0
3898,0.682536910035354,0.0,49.92,69.9,0.0
3899,0.730147580329744,0.0,32.13,69.9,0.0
3900,0.715900136866251,0.01,11.12,69.9,0.0
3901,0.630381873733924,0.01,0.76,69.9,0.0
3902,0.565613154468186,0.0,0.0,69.9,135710.0
3903,0.310312815014349,0.0065620181017956,0.03,69.9,135710.0
3904,0.0736072939300471,0.0,13.89,69.9,135710.0
3905,0.0689272933752366,0.185651241236972,55.27,69.9,135710.0
3906,0.0640727346478426,0.0852832526361345,71.65,69.9,135710.0
3907,0.0209947090633253,0.0925272050333803,100.0,69.9,33927.5
3908,0.001194102235693,0.136679196996471,127.64,69.9,0.0
3909,0.0,0.112090565224116,122.37,69.9,0.0
3910,0.0,0.108338637631299,106.74,69.9,0.0
3911,0.0,0.0687212345343389,90.82,69.9,0.0
3912,0.0,0.141838927453765,88.85,69.9,0.0
3913,0.0,0.144557384067108,85.35,69.9,0.0
3914,0.0,0.126304865111468,80.29,69.9,0.0
3915,0.0,0.211556041978167,82.11,69.9,0.0
3916,0.0015362312508716,0.194237095088329,86.11,69.9,0.0
3917,0.0166421033554019,0.155559607341336,94.65,69.9,0.0
3918,0.0341107760684142,0.212453038604977,124.74,69.9,0.0
3919,0.0828415423330693,0.0662417291230175,136.4,69.9,0.0
3920,0.0931088473425376,0.04,114.62,69.9,0.0
3921,0.105075630783378,0.0686891587649032,78.65,69.9,0.0
3922,0.148074610916546,0.03,64.19,69.9,0.0
3923,0.152759345846637,0.04,58.0,69.9,0.0
3924,0.363409362115762,0.0465620181017956,42.09,69.9,0.0
3925,0.482657208351777,0.0370307336804953,40.72,69.9,0.0
3926,0.555264001211632,0.0680329569547236,39.68,69.9,0.0
3927,0.486693354038572,0.0780329569547236,45.34,69.9,0.0
3928,0.318209631103842,0.0855971983307476,63.0,69.9,0.0
3929,0.257341865476446,0.0945949750565193,81.2,69.9,0.0
3930,0.117908393969124,0.0880329569547236,99.95,69.9,0.0
3931,0.035850007101761,0.0565877505870663,135.7,69.9,0.0
3932,0.0033068034632149,0.23777028874442,154.34,69.9,0.0
3933,0.0,0.250177565085064,154.66,69.9,0.0
3934,0.0,0.334338478268002,130.88,69.9,0.0
3935,0.0,0.390960882560187,107.07,69.9,0.0
3936,0.0,0.46205455224382,99.0,69.9,0.0
3937,0.0,0.371234659329705,93.26,69.9,0.0
3938,0.0,0.439763532990546,84.19,69.9,0.0
3939,0.0,0.374666297943745,85.21,69.9,0.0
3940,0.0105146044286266,0.228055752155701,83.83,69.9,0.0
3941,0.0507706970300543,0.134206034869314,98.96,69.9,0.0
3942,0.164498663785748,0.130748663770004,122.41,69.9,0.0
3943,0.274322701743312,0.112815418242723,131.09,69.9,0.0
3944,0.329122800152521,0.132815418242723,115.02,69.9,0.0
3945,0.503591933052104,0.209846151923218,83.8,69.9,0.0
3946,0.486319713162902,0.19952586294444,69.01,69.9,0.0
3947,0.471155350565477,0.421685079376983,61.71,69.9,0.0
3948,0.450802134653741,0.421685079376983,53.36,69.9,0.0
3949,0.503320769883182,0.384120838000959,46.96,69.9,0.0
3950,0.418453190022729,0.395123061275188,43.35,69.9,0.0
3951,0.414124089251568,0.35365212242226,53.74,69.9,0.0
3952,0.407345913331412,0.311685079376983,77.42,69.9,0.0
3953,0.270534207626642,0.359249320753007,80.08,69.9,0.0
3954,0.11762562220466,0.165651241236972,106.91,69.9,0.0
3955,0.0186626075351459,0.334766196857418,139.66,69.9,0.0
3956,0.0014147576697518,0.284985758858334,188.35,69.9,0.0
3957,0.0,0.214303824562884,163.84,69.9,0.0
3958,0.0,0.16803001967043,108.37,69.9,0.0
3959,0.0,0.119777500714791,85.18,69.9,0.0
3960,0.0,0.0979643057462967,83.13,69.9,0.0
3961,0.0,0.0804000643702728,71.45,69.9,0.0
3962,0.0,0.0718452707379302,63.93,69.9,0.0
3963,0.0,0.0855028146370501,59.53,69.9,0.0
3964,0.0026850467172512,0.0552832526361345,55.82,69.9,0.0
3965,0.0223079553941607,0.0241262594778196,64.22,69.9,0.0
3966,0.0494592051681337,0.0210022232742283,85.01,69.9,0.0
3967,0.0798631211526896,0.02,100.95,69.9,0.0
3968,0.151432345692439,0.0365620181017956,104.99,69.9,0.0
3969,0.184904943567045,0.0786891587649032,102.54,69.9,0.0
3970,0.2457803270674,0.0880329569547236,82.18,69.9,0.0
3971,0.383627900253159,0.0845949750565193,68.1,68.7825,0.0
3972,0.353151798231935,0.0652511768666989,60.88,68.41,0.0
3973,0.395761422256928,0.153284133821422,47.46,68.41,0.0
3974,0.316716425054889,0.143284133821422,40.74,68.41,0.0
3975,0.336526982036625,0.0780329569547236,41.0,68.41,0.0
3976,0.401958069013267,0.0780329569547236,60.31,68.41,0.0
3977,0.257138701748012,0.0486891587649032,75.0,68.41,0.0
3978,0.129461789743285,0.0375642413760239,90.98,68.41,0.0
3979,0.0380356942383645,0.0372439523972458,136.0,68.41,0.0
3980,0.0047590527813078,0.0338059704990415,127.31,68.41,0.0
3981,0.0,0.0175642413760239,117.12,68.41,0.0
3982,0.0,0.0075642413760239,83.41,68.41,0.0
3983,0.0,0.0,59.42,68.41,0.0
3984,0.0,0.0,60.68,68.41,0.0
3985,0.0,0.0065620181017956,41.04,68.41,0.0
3986,0.0,0.0131176929194262,29.97,68.41,0.0
3987,0.0,0.0375642413760239,28.86,68.41,0.0
3988,0.0036434713189338,0.0755971983307476,22.51,68.41,0.0
3989,0.029452585203368,0.0997234578085672,10.04,68.41,0.0
3990,0.162672908677276,0.29745892098549,1.54,68.41,0.0
3991,0.299893933792856,0.117618284282248,0.09,68.41,0.0
3992,0.344507440890842,0.261216363798284,0.0,68.41,0.0
3993,0.504536553601344,0.227090104320464,-0.06,68.41,0.0
3994,0.410672710174441,0.237090104320464,-10.08,68.41,0.0
3995,0.497516097067254,0.361685079376983,-29.04,68.41,0.0
3996,0.487308990453727,0.402373356956598,-44.92,68.41,0.0
3997,0.251147307983884,0.511642160653827,-65.46,68.41,0.0
3998,0.174410458944004,0.453706993392673,-80.01,68.41,0.0
3999,0.0967775461044347,0.20803001967043,-56.23,68.41,0.0
4000,0.0870649179073969,0.477893639060881,-29.53,68.41,0.0
4001,0.0485848403132474,0.500951773854108,-4.84,68.41,0.0
4002,0.0369552327680252,0.540018201788306,-0.01,68.41,0.0
4003,0.0121588371364598,0.469254929716099,40.0,68.41,0.0
4004,0.0005278719071008,0.459203464745558,84.28,68.41,0.0
4005,0.0,0.456485836196404,79.92,68.41,0.0
4006,0.0,0.368766824936294,64.3,68.41,0.0
4007,0.0,0.30569976892322,40.4,68.41,0.0
4008,0.0,0.607212892178231,24.91,68.41,0.0
4009,0.0,0.578572995420649,10.36,68.41,0.0
4010,0.0,0.426105161027237,4.92,68.41,0.0
4011,0.0,0.370649686663636,2.92,68.41,0.0
4012,0.0036217549081041,0.423732725877943,2.19,68.41,0.0
4013,0.0237916333961826,0.465083548551903,2.53,68.41,0.0
4014,0.0543298855731473,0.388892456335238,2.95,68.41,0.0
4015,0.196193601253624,0.354834848065845,0.69,68.41,0.0
4016,0.372929306880402,0.277090104320464,-0.02,68.41,0.0
4017,0.42896378797975,0.170560161988104,-1.28,68.41,0.0
4018,0.291874876779315,0.548295625165027,-10.0,68.41,0.0
4019,0.29475268624158,0.155274987618097,-13.33,68.41,0.0
4020,0.302076400222319,0.278769762220587,-20.01,68.41,0.0
4021,0.327520144823836,0.372331266297631,-30.01,68.41,0.0
4022,0.178388380884083,0.27299592061208,-35.67,68.41,0.0
4023,0.15801587491698,0.242644383928055,-29.04,68.41,0.0
4024,0.118715232777726,0.0503679886008371,-10.14,68.41,0.0
4025,0.0510674717356948,0.0,-2.34,68.41,0.0
4026,0.0339046693358811,0.0,56.22,68.41,0.0
4027,0.0145066187920258,0.0086891587649032,99.65,68.41,0.0
4028,0.0008054059933337,0.0414452063676574,119.15,68.41,0.0
4029,0.0,0.0075642413760239,124.28,68.41,0.0
4030,0.0,0.0148831882658617,120.34,68.41,0.0
4031,0.0,0.106285475910363,94.44,68.41,0.0
4032,0.0,0.450983021559354,76.62,68.41,0.0
4033,0.0,0.648934640737321,66.73,68.41,0.0
4034,0.0,0.721407802864477,68.81,68.41,0.0
4035,0.0,0.689968939780985,71.81,68.41,0.0
4036,0.0102770370775648,0.763769301316935,73.56,68.41,0.0
4037,0.0505347216349313,0.779206402029851,90.02,68.41,0.0
4038,0.139563403591315,0.875965186931585,119.13,68.41,0.0
4039,0.277796629174434,0.852552937518651,132.68,68.41,0.0
4040,0.153413526013807,0.865965186931585,116.23,68.41,0.0
4041,0.171168175379973,0.825368355761374,84.73,68.41,0.0
4042,0.449490719890048,0.800239873009326,62.11,68.41,0.0
4043,0.375816078325016,0.726205059940911,55.01,68.41,0.0
4044,0.309355211073271,0.722399089441869,41.86,68.41,0.0
4045,0.237984658756297,0.696525348919689,39.45,68.41,0.0
4046,0.320762450128181,0.509718036331707,46.62,68.41,0.0
4047,0.18226531240703,0.377926808500001,54.54,68.41,0.0
4048,0.263383820174907,0.284809115580575,64.21,68.41,0.0
4049,0.200286760571109,0.2071221800899,88.58,68.41,0.0
4050,0.114529998761169,0.196339518816587,114.16,68.41,0.0
4051,0.0386072101260624,0.204617770257497,157.37,68.41,0.0
4052,0.0042972090617807,0.0704000643702728,210.16,68.41,0.0
4053,0.0,0.0065620181017956,200.01,68.41,0.0
4054,0.0,0.0,128.15,68.41,0.0
4055,0.0,0.0,101.55,68.41,0.0
4056,0.0,0.0,96.92,68.41,0.0
4057,0.0,0.0,90.29,68.41,0.0
4058,0.0,0.0190235092110423,87.53,68.41,0.0
4059,0.0,0.0784009455555608,89.29,68.41,0.0
4060,0.0071045500183159,0.240491510779677,90.29,68.41,0.0
4061,0.0467772632821372,0.555597385816979,95.94,68.41,0.0
4062,0.151065148065615,0.597998490735837,134.49,68.41,0.0
4063,0.304280512331073,0.424547009828966,130.17,68.41,0.0
4064,0.409797807700721,0.341648503937992,95.96,68.41,0.0
4065,0.241585128090426,0.59033131941873,80.9,68.41,0.0
4066,0.0949507286339803,0.326080444092387,69.91,68.41,0.0
4067,0.228801610971521,0.243989878868271,54.81,68.41,0.0
4068,0.19431933434981,0.193215482612996,51.16,68.41,0.0
4069,0.204044185468495,0.804366132487146,51.03,68.41,0.0
4070,0.258079549870309,0.856433902510284,57.04,68.41,0.0
4071,0.199050053582759,0.870836704179537,73.12,68.41,0.0
4072,0.163466827598336,0.868400945555561,76.24,68.41,0.0
4073,0.112057525883738,0.71792763656419,90.06,68.41,0.0
4074,0.107245391975856,0.494766196857418,133.25,68.41,0.0
4075,0.0394274823330081,0.471639223369534,158.19,68.41,0.0
4076,0.0048639671231896,0.388553606219543,171.87,68.41,0.0
4077,0.0,0.104526323848092,134.47,68.41,0.0
4078,0.0,0.0859651869315847,104.2,68.41,0.0
4079,0.0,0.0662738048924532,91.63,68.41,0.0
4080,0.0,0.0075642413760239,99.95,68.41,0.0
4081,0.0,0.0375642413760239,91.43,68.41,0.0
4082,0.0,0.12599726270102,86.85,68.41,0.0
4083,0.0,0.217393207061356,85.78,68.41,0.0
4084,0.0064097836022815,0.12252720503338,83.47,68.41,0.0
4085,0.0411856030523381,0.0896227308307046,86.41,68.41,0.0
4086,0.148130092163395,0.0406882775796153,112.55,68.41,0.0
4087,0.288886501017633,0.0562417291230175,116.83,68.41,0.0
4088,0.37091952387364,0.02,107.33,68.41,0.0
4089,0.305940032665182,0.0270307336804953,86.31,68.41,0.0
4090,0.389192639899328,0.0265620181017956,75.1,68.41,0.0
4091,0.284130528087723,0.0,66.23,68.41,0.0
4092,0.438905197066016,0.0165620181017956,58.03,68.41,0.0
4093,0.502791613848134,0.0,39.84,68.41,0.0
4094,0.447614811512688,0.0034379818982043,22.41,68.41,0.0
4095,0.388960948235477,0.02,23.56,68.41,0.0
4096,0.199578733436074,0.0386891587649032,59.9,68.41,0.0
4097,0.145922869157586,0.03,70.0,68.41,0.0
4098,0.0456161289880047,0.0621592164325432,88.44,68.41,0.0
4099,0.0223478683824956,0.0655971983307476,102.9,68.41,0.0
4100,0.00177930172221,0.079403168829789,143.66,68.41,0.0
4101,0.0,0.0579322299768611,115.08,68.41,0.0
4102,0.0,0.0859715302157498,108.26,68.41,0.0
4103,0.0,0.172484286310224,93.21,68.41,0.0
4104,0.0,0.220491510779677,85.89,68.41,0.0
4105,0.0,0.230491510779677,78.62,68.41,0.0
4106,0.0,0.223241215098266,78.88,68.41,0.0
4107,0.0,0.262920926119488,78.82,68.41,0.0
4108,0.0025065789294284,0.39610809831153,78.62,68.41,0.0
4109,0.0207557975772641,0.547084682843604,86.55,68.41,0.0
4110,0.0964323934454704,0.570877607425705,114.11,68.41,0.0
4111,0.185726107612418,0.443706993392673,112.84,68.41,0.0
4112,0.145076535961261,0.305054410066761,102.99,68.41,0.0
4113,0.110294100854097,0.297090104320464,80.69,68.41,0.0
4114,0.215843076176097,0.338247097478779,69.13,68.41,0.0
4115,0.423567536443839,0.32365212242226,58.77,68.41,0.0
4116,0.410974968872321,0.304441126979737,55.46,68.41,0.0
4117,0.346979317375378,0.325123061275188,53.81,68.41,0.0
4118,0.301905709226292,0.341685079376983,57.18,68.41,0.0
4119,0.307618765438401,0.382373356956599,68.58,68.41,0.0
4120,0.243455039145193,0.309281396522443,80.0,68.41,0.0
4121,0.153101699829864,0.363018715813057,98.27,68.41,0.0
4122,0.0751736612839285,0.329137750821424,119.31,68.41,0.0
4123,0.0146340566418156,0.306802719175311,155.62,68.41,0.0
4124,0.0006998406334887,0.254303824562884,200.09,68.41,0.0
4125,0.0,0.237748149745253,130.06,68.41,0.0
4126,0.0,0.234617770257497,111.83,68.41,0.0
4127,0.0,0.371642160653827,95.05,68.41,0.0
4128,0.0,0.37745892098549,100.81,68.41,0.0
4129,0.0,0.231179788359292,90.77,68.41,0.0
4130,0.0,0.245086485836196,89.95,68.41,0.0
4131,0.0,0.337144975290877,87.83,68.41,0.0
4132,0.0099998462252896,0.349826028401039,86.31,68.41,0.0
4133,0.0499698075334379,0.403732725877943,86.14,68.41,0.0
4134,0.156766258779817,0.356959785765733,96.92,68.41,0.0
4135,0.310892432076744,0.2650900793223,122.8,68.41,0.0
4136,0.461509737761597,0.187410393299242,121.84,68.41,0.0
4137,0.586434246556245,0.21952586294444,111.67,68.41,0.0
4138,0.676234986151895,0.170836704179537,100.65,68.41,0.0
4139,0.72367336587088,0.154274686077741,89.94,67.6225,0.0
4140,0.729444228074822,0.294441126979737,88.54,67.36,0.0
4141,0.708076363425173,0.399249320753007,82.68,67.36,0.0
4142,0.529209235467916,0.376099552064145,78.22,67.36,0.0
4143,0.50738432583762,0.392341281187163,82.03,67.36,0.0
4144,0.432183884306376,0.536280054433503,88.85,67.36,0.0
4145,0.279085897486472,0.727515901176007,100.65,67.36,0.0
4146,0.122644244144216,0.729963330817893,110.0,67.36,0.0
4147,0.0312280349345559,0.650068838694658,116.93,67.36,0.0
4148,0.0026119411953957,0.554883375752093,114.4,67.36,0.0
4149,0.0,0.6392326032307,105.26,67.36,0.0
4150,0.0,0.62613429951238,95.99,67.36,0.0
4151,0.0,0.591762745548374,82.14,67.36,0.0
4152,0.0,0.457456999251617,80.07,67.36,0.0
4153,0.0,0.468547262935378,70.25,67.36,0.0
4154,0.0,0.423324396489633,62.43,67.36,0.0
4155,0.0,0.548202069535518,50.5,67.36,0.0
4156,0.0006904258474626,0.414421003457559,49.62,67.36,0.0
4157,0.0137247945126321,0.506824686312099,46.47,67.36,0.0
4158,0.0894732192227063,0.4437756446010999,60.56,67.36,0.0
4159,0.242150369841275,0.513844295809526,48.89,67.36,0.0
4160,0.449094979426417,0.338247097478779,44.92,67.36,0.0
4161,0.569369629568192,0.565491049876025,34.65,67.36,0.0
4162,0.492650534705334,0.368247097478779,12.54,67.36,0.0
4163,0.389756166640634,0.26365212242226,3.59,67.36,0.0
4164,0.44893596353397,0.0938059704990415,2.62,67.36,0.0
4165,0.380049986654122,0.315811338854803,0.03,67.36,0.0
4166,0.27138187490599,0.0465620181017956,-0.01,67.36,0.0
4167,0.380530682795419,0.512399089441869,-0.07,67.36,0.0
4168,0.375815161412226,0.0628037472248132,4.23,67.36,0.0
4169,0.286215936188905,0.244398208256581,42.59,67.36,0.0
4170,0.0969836818296451,0.120437467873453,80.49,67.36,0.0
4171,0.020929012294368,0.169020571926749,112.16,67.36,0.0
4172,0.0015447109241747,0.200151832599793,122.81,67.36,0.0
4173,0.0,0.291214442064411,124.05,67.36,0.0
4174,0.0,0.427893639060881,110.17,67.36,0.0
4175,0.0,0.525503002123282,89.77,67.36,0.0
4176,0.0,0.530605752390059,90.49,67.36,0.0
4177,0.0,0.670411922874414,79.25,67.36,0.0
4178,0.0,0.655816947817895,71.24,67.36,0.0
4179,0.0,0.535203664730871,70.67,67.36,0.0
4180,0.0099187911079889,0.594883375752093,66.94,67.36,0.0
4181,0.048354808937468,0.616948208490939,62.09,67.36,0.0
4182,0.155832903642896,0.499329096144502,57.9,67.36,0.0
4183,0.310171021333497,0.579617309353844,46.35,67.36,0.0
4184,0.429067962012757,0.605491049876025,19.77,67.36,0.0
4185,0.406543188468767,0.595491049876025,4.24,67.36,0.0
4186,0.401044317851805,0.565811338854803,0.0,67.36,0.0
4187,0.472729182284489,0.505491049876025,-0.05,67.36,0.0
4188,0.260236042775091,0.423455355622322,-0.1,67.36,0.0
4189,0.336287268239675,0.671396866167641,-1.05,67.36,0.0
4190,0.399352008342254,0.54205306797782,-2.21,67.36,0.0
4191,0.221739096411873,0.569617309353844,-2.05,67.36,0.0
4192,0.342600122316131,0.457270606689821,-0.27,67.36,0.0
4193,0.237321318773528,0.24299592061208,22.61,67.36,0.0
4194,0.0935115720729924,0.112847494012158,71.12,67.36,0.0
4195,0.0191322791509218,0.151456330550725,99.5,67.36,0.0
4196,0.0014087730527454,0.0513765551592305,115.14,67.36,0.0
4197,0.0,0.0452832526361345,115.44,67.36,0.0
4198,0.0,0.111088341949888,114.33,67.36,0.0
4199,0.0,0.205374699045539,99.79,67.36,0.0
4200,0.0,0.209708849506364,106.18,67.36,0.0
4201,0.0,0.139777500714791,92.19,67.36,0.0
4202,0.0,0.244303824562884,84.93,67.36,0.0
4203,0.0,0.118652583325912,84.46,67.36,0.0
4204,0.0016452324951423,0.313296086068679,84.96,67.36,0.0
4205,0.0171535319197238,0.740700136083756,97.02,67.36,0.0
4206,0.0330433397978135,0.162901536918383,136.06,67.36,0.0
4207,0.0859501289817808,0.089740097211611,136.0,67.36,0.0
4208,0.0700984465664873,0.0286891587649032,102.99,67.36,0.0
4209,0.0950283789290595,0.171838927453765,79.34,67.36,0.0
4210,0.14111384115132,0.208400945555561,53.88,67.36,0.0
4211,0.110637453364139,0.433087367021484,37.81,67.36,0.0
4212,0.110445049795016,0.708961107543665,31.19,67.36,0.0
4213,0.106400149468966,0.610731383789003,29.96,67.36,0.0
4214,0.092676738287172,0.650043106209388,30.93,67.36,0.0
4215,0.0804814129164099,0.647607347585412,47.85,67.36,0.0
4216,0.0677362740548853,0.554169365687207,66.32,67.36,0.0
4217,0.0725102904002312,0.5137756446011,82.49,67.36,0.0
4218,0.0493501555098413,0.488301968449192,98.39,67.36,0.0
4219,0.01697257030957,0.625545920846438,153.3,67.36,0.0
4220,0.001353207409692,0.613513163877028,209.32,67.36,0.0
4221,0.0,0.746525348919689,156.0,67.36,0.0
4222,0.0,0.74033131941873,116.59,67.36,0.0
4223,0.0,0.610731383789003,91.89,67.36,0.0
4224,0.0,0.726162141217754,88.8,67.36,0.0
4225,0.0,0.705171588961436,84.8,67.36,0.0
4226,0.0,0.735203664730871,84.78,67.36,0.0
4227,0.0,0.743012372528892,85.22,67.36,0.0
4228,0.0019279084135322,0.84780411438535,85.5,67.36,0.0
4229,0.0195236543378965,0.859114955620446,94.9,67.36,0.0
4230,0.0595615283531773,0.863209139328831,114.8,67.36,0.0
4231,0.133810962348754,0.875965186931585,122.0,67.36,0.0
4232,0.178012542925641,0.868426678040831,103.8,67.36,0.0
4233,0.292907125571212,0.860239873009326,74.64,67.36,0.0
4234,0.318876046798735,0.875965186931585,48.32,67.36,0.0
4235,0.340945689737171,0.869082879851011,12.83,67.36,0.0
4236,0.453925506578163,0.749249320753007,0.0,67.36,0.0
4237,0.323029653942684,0.780239873009326,-0.05,67.36,0.0
4238,0.360717421955306,0.85367785490753,-0.04,67.36,0.0
4239,0.302077785198479,0.866433902510284,11.59,67.36,0.0
4240,0.11979098627744,0.885597198330748,48.37,67.36,0.0
4241,0.0597327231622066,0.864988696142627,74.0,67.36,0.0
4242,0.0408109132075118,0.841242096283554,95.9,67.36,0.0
4243,0.0153007032448789,0.830485167495512,128.9,67.36,0.0
4244,0.0010726611696979,0.84780411438535,136.69,67.36,0.0
4245,0.0,0.836358908017692,122.09,67.36,0.0
4246,0.0,0.860560161988104,106.57,67.36,0.0
4247,0.0,0.792644383928055,89.95,67.36,0.0
4248,0.0,0.789675117608551,300.03,67.36,0.0
4249,0.0,0.766450354427097,235.13,67.36,0.0
4250,0.0,0.747607347585412,279.75,67.36,0.0
4251,0.0,0.754515387151256,400.0,67.36,0.0
4252,0.0017702431769292,0.737607347585412,400.04,67.36,0.0
4253,0.0186171011040859,0.696919070005796,988.71,67.36,0.0
4254,0.0384263593975546,0.706237135710346,2325.83,67.36,0.0
4255,0.0715216125364379,0.748961107543665,1000.0,67.36,0.0
4256,0.0948233653208465,0.726525348919689,400.01,67.36,0.0
4257,0.113189619204942,0.732767078042706,98.1,67.36,0.0
4258,0.131573450499169,0.639329096144502,61.48,67.36,0.0
4259,0.116188700431716,0.700239873009326,24.94,67.36,0.0
4260,0.134824019495286,0.724834848065845,-0.06,67.36,0.0
4261,0.129940991970449,0.771216363798283,-0.02,67.36,0.0
4262,0.231092296673199,0.738272829964049,6.23,67.36,0.0
4263,0.177520564483437,0.745837071340073,65.03,67.36,0.0
4264,0.16952272901637,0.715811338854803,75.84,67.36,0.0
4265,0.124931197692448,0.622399089441869,142.69,67.36,0.0
4266,0.0660748960046737,0.616525348919689,400.07,67.36,0.0
4267,0.0237154298941582,0.436824686312099,999.09,67.36,0.0
4268,0.0022550684341518,0.56237896591969,1796.32,67.36,0.0
4269,0.0,0.56410154254297,1004.66,67.36,0.0
4270,0.0,0.425080142552031,404.91,67.36,0.0
4271,0.0,0.328081484640972,400.06,67.36,0.0
4272,0.0,0.302550000234358,96.0,67.36,0.0
4273,0.0,0.252556343518523,86.9,67.36,0.0
4274,0.0,0.24089157514995,80.4,67.36,0.0
4275,0.0,0.136685540280636,82.84,67.36,0.0
4276,0.0029918368664737,0.142559280802816,78.79,67.36,0.0
4277,0.0215312577409719,0.189803233200062,84.98,67.36,0.0
4278,0.0624587126756762,0.150368816665026,117.51,67.36,0.0
4279,0.074423867541816,0.0784072888397259,125.11,67.36,0.0
4280,0.21289759676832,0.0386891587649032,115.0,67.36,0.0
4281,0.157004276392822,0.03,88.87,67.36,0.0
4282,0.129594714792719,0.01,66.74,67.36,0.0
4283,0.141753761090231,0.0,52.4,67.36,0.0
4284,0.203746697555691,0.02,48.82,67.36,0.0
4285,0.14441602795061,0.0286891587649032,45.31,67.36,0.0
4286,0.104272909905413,0.0270307336804953,44.56,67.36,0.0
4287,0.124082606441034,0.0375642413760239,48.39,67.36,0.0
4288,0.116698820186897,0.0441262594778196,61.92,67.36,0.0
4289,0.0726419043825425,0.0096797110212218,75.59,67.36,0.0
4290,0.0418833241023171,0.011470938852928,79.53,67.36,50000.0
4291,0.015143306142586,0.0296797110212219,110.08,67.36,100000.0
4292,0.0010917659599728,0.0241262594778196,200.04,67.36,0.0
4293,0.0,0.0,186.18,67.36,0.0
4294,0.0,0.0,125.21,67.36,0.0
4295,0.0,0.0034379818982043,101.8,67.36,0.0
4296,0.0,0.0,96.85,67.36,0.0
4297,0.0,0.0,95.42,67.36,0.0
4298,0.0,0.0,86.08,67.36,0.0
4299,0.0,0.0,79.97,67.36,0.0
4300,0.0016812284279055,0.0186891587649032,83.61,67.36,0.0
4301,0.0181230745824926,0.0,91.28,67.36,0.0
4302,0.0588560989098205,0.0010022232742283,120.29,67.36,0.0
4303,0.0961079535788752,0.01,108.93,67.36,0.0
4304,0.184513324090804,0.0068759637964087,84.89,67.36,0.0
4305,0.35452976990886,0.0034379818982043,59.9,67.36,0.0
4306,0.31653596353316,0.0,24.45,67.36,0.0
4307,0.192641543434706,0.0,2.03,65.5975,0.0
4308,0.259451524999724,0.0,-1.56,65.01,0.0
4309,0.301793113997355,0.0,-5.09,65.01,0.0
4310,0.453178908019766,0.02,-9.95,65.01,0.0
4311,0.450098203518155,0.0386891587649032,-9.91,65.01,0.0
4312,0.31866071530875,0.0977126679759455,-6.48,65.01,0.0
4313,0.261780165584285,0.208023676386265,3.62,65.01,0.0
4314,0.115826785870666,0.364053014856721,41.98,65.01,0.0
4315,0.0222612891442117,0.53372978859365,84.32,65.01,0.0
4316,0.0013408289622975,0.670708682331141,108.93,65.01,0.0
4317,0.0,0.715245849132954,138.06,65.01,0.0
4318,0.0,0.783489634354977,126.57,65.01,0.0
4319,0.0,0.723844389552642,109.02,65.01,0.0
4320,0.0,0.81737280230983,110.4,65.01,0.0
4321,0.0,0.803466104832926,109.91,65.01,0.0
4322,0.0,0.834230751804164,109.89,65.01,0.0
4323,0.0,0.795911331511592,109.56,65.01,0.0
4324,0.0022808770900455,0.336454775977389,108.09,65.01,0.0
4325,0.0293644996147065,0.585471754418035,103.07,65.01,0.0
4326,0.113426912411016,0.453236168593869,96.62,65.01,0.0
4327,0.194545203078381,0.204174787164068,84.14,65.01,0.0
4328,0.197847387637221,0.421364790398205,66.91,65.01,0.0
4329,0.281142732329133,0.281216363798283,29.58,65.01,0.0
4330,0.559122780888003,0.104594975056519,5.04,65.01,0.0
4331,0.580252878978327,0.0170307336804953,0.04,65.01,0.0
4332,0.608407021533335,0.0,-0.02,65.01,0.0
4333,0.478902869882977,0.01,-0.23,65.01,0.0
4334,0.188931072727672,0.0586891587649032,-0.08,65.01,0.0
4335,0.053095043627121,0.0090235092110423,1.3,65.01,0.0
4336,0.0497603950255082,0.0787212345343389,11.91,65.01,0.0
4337,0.0793844185760817,0.102815418242723,69.51,65.01,0.0
4338,0.0950081745139145,0.12252720503338,104.3,65.01,0.0
4339,0.0222063884414518,0.0904687155786997,126.93,65.01,0.0
4340,0.0012316759702719,0.168112732346218,139.2,65.01,0.0
4341,0.0,0.144217705887224,113.3,65.01,0.0
4342,0.0,0.0141262594778196,100.08,65.01,0.0
4343,0.0,0.0065620181017956,93.83,65.01,0.0
4344,0.0,0.0297117867906576,70.06,65.01,0.0
4345,0.0,0.0382525189556392,61.69,65.01,0.0
4346,0.0,0.0445949750565193,66.67,65.01,0.0
4347,0.0,0.254297481278719,67.05,65.01,0.0
4348,0.0020627403313276,0.413044448298328,64.36,65.01,0.0
4349,0.0198598582245483,0.518198663535647,51.39,65.01,0.0
4350,0.0746672050477932,0.585040067370052,51.56,65.01,0.0
4351,0.282664325999743,0.284297481278718,20.42,65.01,0.0
4352,0.414477691540235,0.412173559129251,6.83,65.01,0.0
4353,0.559644657440913,0.505169667227563,0.82,65.01,0.0
4354,0.528505363148873,0.253684198191695,0.0,65.01,0.0
4355,0.341668345887459,0.188400945555561,0.0,65.01,0.0
4356,0.540775110628563,0.0845949750565193,-0.02,65.01,0.0
4357,0.420995545720404,0.138400945555561,-1.51,65.01,0.0
4358,0.327817248676176,0.0903679886008371,-1.09,65.01,0.0
4359,0.385891872481008,0.0,0.0,65.01,0.0
4360,0.182547934804657,0.0,0.91,65.01,0.0
4361,0.196674411936448,0.0,36.66,65.01,0.0
4362,0.115043419584967,0.0,70.02,65.01,0.0
4363,0.0390212056973492,0.0,87.26,65.01,0.0
4364,0.0042278790128597,0.0,99.9,65.01,0.0
4365,0.0,0.0,102.39,65.01,0.0
4366,0.0,0.0080329569547236,102.16,65.01,0.0
4367,0.0,0.135005882380513,93.01,65.01,0.0
4368,0.0,0.0879322299768611,94.88,65.01,0.0
4369,0.0,0.0503679886008371,84.32,65.01,0.0
4370,0.0,0.0772502956814109,78.19,65.01,0.0
4371,0.0,0.521759339548502,78.01,65.01,0.0
4372,0.0012868505451192,0.453401312716097,75.63,65.01,0.0
4373,0.0178410190624574,0.165337295542359,80.82,65.01,0.0
4374,0.124717871177863,0.11184527073793,122.19,65.01,0.0
4375,0.291468459752121,0.31299592061208,141.3,65.01,0.0
4376,0.447926225577195,0.335123061275188,142.36,65.01,0.0
4377,0.576790454945406,0.361685079376983,115.57,65.01,0.0
4378,0.661325565214253,0.515491049876025,107.01,65.01,0.0
4379,0.566350015321768,0.31365212242226,91.67,65.01,0.0
4380,0.517447829602633,0.38365212242226,77.38,65.01,0.0
4381,0.174838042175176,0.196087881046236,69.9,65.01,0.0
4382,0.17956245101037,0.1866534645112,39.92,65.01,0.0
4383,0.277548670207403,0.225431679236056,34.61,65.01,0.0
4384,0.219502678315469,0.163284133821422,37.63,65.01,0.0
4385,0.191232093574726,0.204962963657356,62.2,65.01,0.0
4386,0.0454480559251132,0.144962963657356,78.04,65.01,0.0
4387,0.0146919470551921,0.0616905008538436,102.47,65.01,0.0
4388,0.0005173550839686,0.0469300067026328,166.79,65.01,0.0
4389,0.0,0.0441262594778196,129.1,65.01,0.0
4390,0.0,0.268055752155701,107.51,65.01,0.0
4391,0.0,0.420983021559354,87.88,65.01,0.0
4392,0.0,0.464795335342561,81.59,65.01,0.0
4393,0.0,0.291547776960129,79.93,65.01,0.0
4394,0.0,0.186051305607244,82.07,65.01,0.0
4395,0.0,0.489568875410712,80.95,65.01,0.0
4396,0.0028712158810614,0.576801984854237,81.99,65.01,0.0
4397,0.0295718166548169,0.568857896373235,81.99,65.01,0.0
4398,0.149897423770859,0.525940188767387,96.5,65.01,0.0
4399,0.30399672790428,0.198400945555561,100.69,65.01,0.0
4400,0.457312475049307,0.104594975056519,101.27,65.01,0.0
4401,0.57589130498259,0.114594975056519,87.5,65.01,0.0
4402,0.623590322996879,0.104594975056519,83.11,65.01,0.0
4403,0.604459993643064,0.0662417291230175,74.56,65.01,0.0
4404,0.433781924914892,0.03,72.72,65.01,0.0
4405,0.338525481691752,0.01,69.16,65.01,0.0
4406,0.376414970675325,0.0180329569547236,60.93,65.01,0.0
4407,0.272488174504355,0.01,62.73,65.01,0.0
4408,0.19587663678013,0.0,74.22,65.01,0.0
4409,0.186355609259674,0.01,75.9,65.01,0.0
4410,0.116978733531776,0.02,84.79,65.01,0.0
4411,0.0247231711784827,0.0345949750565193,103.63,65.01,0.0
4412,0.0018115744426464,0.015585527312838,115.0,65.01,0.0
4413,0.0,0.0075642413760239,109.96,65.01,0.0
4414,0.0,0.0345949750565193,109.05,65.01,0.0
4415,0.0,0.0241262594778196,86.0,65.01,0.0
4416,0.0,0.01,68.19,65.01,0.0
4417,0.0,0.0065620181017956,65.3,65.01,0.0
4418,0.0,0.0075642413760239,63.18,65.01,0.0
4419,0.0,0.0165620181017956,65.58,65.01,0.0
4420,0.0069983538600703,0.0165620181017956,71.14,65.01,0.0
4421,0.0459726184797437,0.0345949750565193,78.91,65.01,0.0
4422,0.140001604612907,0.015585527312838,100.25,65.01,0.0
4423,0.286018979069903,0.0206882775796152,116.51,65.01,0.0
4424,0.43754902836478,0.0180329569547236,115.0,65.01,0.0
4425,0.563476621389918,0.04,90.59,65.01,0.0
4426,0.636224817753387,0.0386891587649032,76.63,65.01,0.0
4427,0.523580813505313,0.03,73.1,65.01,0.0
4428,0.34665309283481,0.02,71.76,65.01,0.0
4429,0.26663043053669,0.02,71.14,65.01,0.0
4430,0.484617143798543,0.02,73.12,65.01,0.0
4431,0.391796904331974,0.02,71.98,65.01,0.0
4432,0.359528464623768,0.0180329569547236,74.01,65.01,0.0
4433,0.199989863198611,0.02,86.97,65.01,0.0
4434,0.105208963961214,0.210560161988104,99.6,65.01,0.0
4435,0.0382623735125114,0.146967410205813,118.79,65.01,0.0
4436,0.0037173645075665,0.166679196996471,163.89,65.01,0.0
4437,0.0,0.179489287505449,115.88,65.01,0.0
4438,0.0,0.228081484640972,95.32,65.01,0.0
4439,0.0,0.182238991824038,76.1,65.01,0.0
4440,0.0,0.0859651869315847,64.24,65.01,0.0
4441,0.0,0.0613702118750654,51.94,65.01,0.0
4442,0.0,0.0959651869315847,26.46,65.01,95650.0
4443,0.0,0.130091446409404,18.01,65.01,191300.0
4444,0.0052320437947369,0.189114955620447,10.08,65.01,191300.0
4445,0.0428876791440508,0.125276909351969,10.27,65.01,191300.0
4446,0.132454821272704,0.114903405531156,36.43,65.01,191300.0
4447,0.270125324218918,0.103498368088593,40.0,65.01,191300.0
4448,0.366918701490554,0.0986891587649032,33.56,65.01,47825.0
4449,0.52010586505998,0.134594975056519,22.65,65.01,0.0
4450,0.609573375040667,0.114274686077741,1.9,65.01,0.0
4451,0.509841393887332,0.0980329569547236,0.0,65.01,0.0
4452,0.64152449242558,0.0952511768666989,-0.04,65.01,0.0
4453,0.66297911626491,0.153284133821422,-5.03,65.01,0.0
4454,0.532022146334918,0.257879108877942,-19.09,65.01,0.0
4455,0.389118667703369,0.301685079376983,-18.03,65.01,0.0
4456,0.286730662388283,0.247090104320464,-8.7,65.01,67102.49999999999
4457,0.230457472292895,0.291216363798284,-0.03,65.01,89470.0
4458,0.116796283456911,0.320960226358377,6.77,65.01,89470.0
4459,0.02933548268566,0.454857643266823,49.85,65.01,89470.0
4460,0.0019993270077272,0.49892159482038,86.91,65.01,89470.0
4461,0.0,0.59233173501321,115.3,65.01,0.0
4462,0.0,0.646419200464966,86.91,65.01,0.0
4463,0.0,0.586390890044012,64.01,65.01,0.0
4464,0.0,0.618914876563752,31.41,65.01,0.0
4465,0.0,0.62241857238609,20.13,65.01,0.0
4466,0.0,0.67954837691607,20.59,65.01,0.0
4467,0.0,0.655402540750913,19.79,65.01,0.0
4468,0.0004886525389353,0.624323120020873,8.98,65.01,0.0
4469,0.0125507409786146,0.420277932714316,10.01,65.01,0.0
4470,0.0348403331047972,0.230848375197446,38.19,65.01,0.0
4471,0.0930195768153283,0.183284133821423,45.75,65.01,0.0
4472,0.150608022981157,0.179846151923218,39.43,65.01,0.0
4473,0.194871153507646,0.238124403364128,18.56,65.01,0.0
4474,0.232302458723022,0.18299592061208,2.95,65.01,0.0
4475,0.290106154951007,0.160836704179537,0.41,67.7625,0.0
4476,0.253241054313595,0.237410393299242,-0.05,68.68,0.0
4477,0.238405121547931,0.210848375197446,-0.64,68.68,0.0
4478,0.282697349370398,0.21952586294444,-0.78,68.68,0.0
4479,0.351743423406026,0.277879108877942,-0.03,68.68,0.0
4480,0.375555723091994,0.305443350253966,1.93,68.68,0.0
4481,0.248612139284034,0.267778381900079,16.81,68.68,0.0
4482,0.120053055016276,0.321685079376983,64.35,68.68,0.0
4483,0.0368325891634629,0.40333266150767,90.09,68.68,143475.0
4484,0.0030504968222357,0.40754503966115,142.36,68.68,191300.0
4485,0.0,0.494205691144557,130.38,68.68,191300.0
4486,0.0,0.559708505781607,102.22,68.68,191300.0
4487,0.0,0.591689969642854,84.95,68.68,191300.0
4488,0.0,0.586760269167733,89.1,68.68,191300.0
4489,0.0,0.625100453560442,70.71,68.68,190910.0
4490,0.0,0.546458181977261,63.52,68.68,190910.0
4491,0.0,0.368804415925705,46.46,68.68,143182.5
4492,0.0005815424471108,0.282250662841948,38.62,68.68,0.0
4493,0.01200560209761,0.155965186931585,15.69,68.68,0.0
4494,0.0249673741797959,0.316801891111122,5.73,68.68,0.0
4495,0.030774470078302,0.140836704179537,5.37,68.68,0.0
4496,0.0644861070876839,0.0984072888397258,3.39,68.68,0.0
4497,0.0954051909203236,0.31847300276386,0.0,68.68,0.0
4498,0.128683354829671,0.0752511768666988,-9.92,68.68,0.0
4499,0.15319290816417,0.0580329569547236,-28.87,68.68,0.0
4500,0.153487789497621,0.03,-32.69,68.68,0.0
4501,0.229285276102102,0.0270307336804953,-44.1,68.68,0.0
4502,0.464871486005116,0.01,-48.07,68.68,0.0
4503,0.510588746934569,0.01,-34.84,68.68,0.0
4504,0.264398383429476,0.01,-13.68,68.68,0.0
4505,0.099625510945433,0.0441262594778196,-0.06,68.68,0.0
4506,0.113516340544499,0.0362417291230175,1.88,68.68,0.0
4507,0.0348869285388678,0.0241262594778196,0.22,68.68,0.0
4508,0.0025313615697236,0.179751768229521,6.69,68.68,0.0
4509,0.0,0.454182708457348,9.4,68.68,0.0
4510,0.0,0.234647096228871,18.0,68.68,0.0
4511,0.0,0.112219602622932,14.02,68.68,0.0
4512,0.0,0.0728474940121585,-0.03,68.68,0.0
4513,0.0,0.0497117867906576,-0.1,68.68,0.0
4514,0.0,0.0265877505870663,-0.8,68.68,0.0
4515,0.0,0.0065620181017956,-0.48,68.68,0.0
4516,0.0063055557728072,0.0,-0.06,68.68,0.0
4517,0.0426364135434001,0.0,-0.01,68.68,0.0
4518,0.0987006006872307,0.0,-0.01,68.68,0.0
4519,0.255275598690265,0.0,-0.01,68.68,0.0
4520,0.310003253247726,0.0,-0.6,68.68,0.0
4521,0.45548322397838,0.0,-6.49,68.68,0.0
4522,0.6312133272492,0.0,-9.98,68.68,0.0
4523,0.503130664698722,0.01,-12.04,68.68,0.0
4524,0.194949482888059,0.0,-13.49,68.68,0.0
4525,0.224245214170608,0.01,-22.37,68.68,0.0
4526,0.135239207760913,0.0065620181017956,-20.98,68.68,0.0
4527,0.124750253290627,0.03,-12.2,68.68,0.0
4528,0.072586203186418,0.0280329569547236,-6.16,68.68,0.0
4529,0.0429038422979099,0.0270307336804953,-0.08,68.68,0.0
4530,0.0704150217256472,0.0418131949684945,63.99,68.68,0.0
4531,0.0237464946239501,0.0679322299768611,90.27,68.68,0.0
4532,0.0016608073651296,0.0579322299768611,125.64,68.68,0.0
4533,0.0,0.0421592164325432,133.17,68.68,0.0
4534,0.0,0.0380329569547236,115.2,68.68,0.0
4535,0.0,0.0286891587649032,97.13,68.68,0.0
4536,0.0,0.047564241376024,81.62,68.68,0.0
4537,0.0,0.0842746860777411,76.65,68.68,0.0
4538,0.0,0.0942746860777412,74.08,68.68,0.0
4539,0.0,0.101838927453765,77.72,68.68,0.0
4540,0.0057458925117173,0.136967410205813,76.28,68.68,0.0
4541,0.0427047116585985,0.212552937518651,80.44,68.68,0.0
4542,0.137159313316997,0.389465570497167,112.18,68.68,0.0
4543,0.285121065696312,0.325832399808139,125.0,68.68,0.0
4544,0.433269452203693,0.197090104320464,100.64,68.68,0.0
4545,0.554340731962168,0.210560161988104,77.61,68.68,0.0
4546,0.639963088148647,0.268492391964965,53.93,68.68,0.0
4547,0.643239515234054,0.316801891111122,38.43,68.68,0.0
4548,0.571777685370635,0.481045329483616,31.79,68.68,0.0
4549,0.287882821889817,0.463087367021484,29.45,68.68,0.0
4550,0.0397578078498213,0.725736344362211,29.56,68.68,0.0
4551,0.0661193434713067,0.452767078042706,36.75,68.68,0.0
4552,0.0898375056390625,0.413706993392673,64.0,68.68,0.0
4553,0.208091235650075,0.481357353444356,80.2,68.68,0.0
4554,0.0742849726536537,0.540700136083756,102.63,68.68,0.0
4555,0.0259831144902307,0.655885599026321,136.49,68.68,0.0
4556,0.0019299513356345,0.556259930911324,257.35,68.68,0.0
4557,0.0,0.461664955854804,173.69,68.68,0.0
4558,0.0,0.530631484875329,113.65,68.68,0.0
4559,0.0,0.534788992058396,92.02,68.68,0.0
4560,0.0,0.411739950347396,105.52,68.68,0.0
4561,0.0,0.462036709804124,95.96,68.68,0.0
4562,0.0,0.64445757889655,93.08,68.68,0.0
4563,0.0,0.656850418797369,91.14,68.68,0.0
4564,0.0010567206028911,0.817515901176007,87.66,68.68,0.0
4565,0.0158342236778343,0.726237135710346,96.83,68.68,0.0
4566,0.0360459402753038,0.769963330817893,111.38,68.68,0.0
4567,0.0695657663967572,0.753087367021484,103.76,68.68,0.0
4568,0.155409919133995,0.799494615239193,94.0,68.68,0.0
4569,0.157557059871108,0.879403168829789,67.26,68.68,0.0
4570,0.096234235441184,0.870239873009326,46.63,68.68,0.0
4571,0.101577703384327,0.85780411438535,33.71,68.68,0.0
4572,0.145716964685703,0.881838927453765,21.95,68.68,0.0
4573,0.124098104557583,0.885276909351969,5.04,68.68,0.0
4574,0.143948149131267,0.830485167495512,2.71,68.68,0.0
4575,0.188845570425696,0.78780411438535,11.08,68.68,0.0
4576,0.164441199794051,0.729963330817893,53.73,68.68,0.0
4577,0.110096493071398,0.44964938512328,81.69,68.68,0.0
4578,0.0622824156287962,0.673769301316935,99.27,68.68,0.0
4579,0.0123995848401005,0.81193037386317,151.5,68.68,0.0
4580,0.0002233412294289,0.790357051904001,147.64,68.68,0.0
4581,0.0,0.66685041879737,108.12,68.68,0.0
4582,0.0,0.692421884642846,86.07,68.68,0.0
4583,0.0,0.74380137708637,68.89,68.68,0.0
4584,0.0,0.574857643266823,55.0,68.68,0.0
4585,0.0,0.505545920846438,54.9,68.68,0.0
4586,0.0,0.555477269638011,53.92,68.68,0.0
4587,0.0,0.541351010160191,54.98,68.68,0.0
4588,0.0005572164906091,0.518233317240765,59.92,68.68,0.0
4589,0.01402626664629,0.528301968449192,66.14,68.68,0.0
4590,0.0340552459643649,0.51445757889655,84.46,68.68,0.0
4591,0.0748282562020586,0.562767078042706,106.46,68.68,0.0
4592,0.146826197667746,0.628640818564887,102.01,68.68,0.0
4593,0.099576259317966,0.616893337520526,84.93,68.68,0.0
4594,0.386254748934474,0.305811338854803,65.0,68.68,0.0
4595,0.272067817029474,0.350928150588941,55.77,68.68,0.0
4596,0.2072293796995,0.395768420131647,47.13,68.68,0.0
4597,0.415759134013807,0.223684198191695,44.58,68.68,0.0
4598,0.189708312574771,0.289249320753007,55.0,68.68,0.0
4599,0.156503616606708,0.0987212345343389,58.43,68.68,0.0
4600,0.37753032524314,0.104594975056519,67.48,68.68,0.0
4601,0.252262713691998,0.0545949750565193,80.14,68.68,0.0
4602,0.122329569348049,0.0365877505870663,80.73,68.68,0.0
4603,0.0342449224141756,0.0607140100648859,99.72,68.68,0.0
4604,0.0025904673062878,0.0804000643702728,148.61,68.68,0.0
4605,0.0,0.0497117867906576,164.08,68.68,0.0
4606,0.0,0.0684009455555608,113.97,68.68,0.0
4607,0.0,0.115208258143543,92.92,68.68,0.0
4608,0.0,0.19493171595211,96.02,68.68,0.0
4609,0.0,0.0587212345343389,79.95,68.68,0.0
4610,0.0,0.228744029735316,77.06,68.68,0.0
4611,0.0,0.291246517833847,79.6,68.68,0.0
4612,0.0027377832507864,0.384326619763861,80.31,68.68,0.0
4613,0.0358159705570261,0.403679339173529,81.98,68.68,0.0
4614,0.108158277147607,0.356840966366532,107.71,68.68,0.0
4615,0.109644885392417,0.183972411401038,120.0,68.68,0.0
4616,0.271543717618896,0.583455355622321,106.53,68.68,0.0
4617,0.129652175283136,0.567607347585412,89.11,68.68,0.0
4618,0.274783961103946,0.559617309353844,80.69,68.68,0.0
4619,0.224833982473045,0.51552312564546,66.6,68.68,0.0
4620,0.210531054202297,0.46445757889655,57.44,68.68,0.0
4621,0.372324636305898,0.25365212242226,47.7,68.68,0.0
4622,0.239449299404194,0.614466125143935,44.48,68.68,0.0
4623,0.314048754484489,0.617181550729868,50.1,68.68,0.0
4624,0.208853054957255,0.710757116274274,60.98,68.68,0.0
4625,0.209058984897242,0.508204178755623,81.91,68.68,0.0
4626,0.0688349530893443,0.382330438233442,91.58,68.68,0.0
4627,0.017437547250136,0.480294743979739,120.0,68.68,0.0
4628,0.0008562701035676,0.273983535584106,184.33,68.68,0.0
4629,0.0,0.176371594586023,166.74,68.68,0.0
4630,0.0,0.334272576857637,121.59,68.68,0.0
4631,0.0,0.313678682971719,98.12,68.68,0.0
4632,0.0,0.574129852963923,102.42,68.68,25000.0
4633,0.0,0.536511568681675,87.31,68.68,385710.0
4634,0.0,0.587888123840905,82.87,68.68,285710.0
4635,0.0,0.637293401890799,83.03,68.68,285710.0
4636,0.0005201804960929,0.612428227927012,82.21,68.68,285710.0
4637,0.0146787934135525,0.59620505994091,84.25,68.68,285710.0
4638,0.0558705506101605,0.452986640043622,107.94,68.68,285710.0
4639,0.172894836329176,0.641396866167641,109.92,68.68,285710.0
4640,0.374049258938935,0.595491049876025,109.6,68.68,0.0
4641,0.55953654205255,0.709249320753007,102.4,68.68,0.0
4642,0.595726307959301,0.68860957085964,95.87,68.68,0.0
4643,0.44648753882989,0.592767078042706,89.83,67.465,0.0
4644,0.316459631885754,0.706525348919689,83.25,67.06,0.0
4645,0.322839550891623,0.795368355761374,78.6,67.06,0.0
4646,0.297385446251733,0.665448131152868,78.04,67.06,0.0
4647,0.3749094371066,0.791216363798284,78.19,67.06,0.0
4648,0.305643454403571,0.681396866167641,85.71,67.06,0.0
4649,0.239178636047419,0.49964938512328,85.54,67.06,0.0
4650,0.124405590081427,0.614169365687207,92.26,67.06,0.0
4651,0.0294842961058251,0.633110162222462,102.39,67.06,0.0
4652,0.0017151133565276,0.608252706441871,93.29,67.06,0.0
4653,0.0,0.536197622987062,94.61,67.06,0.0
4654,0.0,0.330963632358249,85.66,67.06,0.0
4655,0.0,0.399858104170475,79.11,67.06,0.0
4656,0.0,0.495097422533033,50.65,67.06,0.0
4657,0.0,0.426825514376288,50.52,67.06,0.0
4658,0.0,0.272870289213136,36.92,67.06,0.0
4659,0.0,0.289894679609466,37.67,67.06,0.0
4660,0.0047284604224339,0.333577955993857,32.72,67.06,0.0
4661,0.0389188469307234,0.350922635368965,31.05,67.06,0.0
4662,0.0854485522243367,0.39030338397024,30.66,67.06,0.0
4663,0.179374291599721,0.135657584521137,27.82,67.06,0.0
4664,0.183237471589951,0.0462417291230175,26.6,67.06,0.0
4665,0.325252780172877,0.0852511768666988,20.97,67.06,0.0
4666,0.491252105723569,0.132159216432543,5.16,67.06,0.0
4667,0.279622862816273,0.0842746860777411,0.04,67.06,0.0
4668,0.186567988706775,0.0380329569547236,-0.01,67.06,0.0
4669,0.15664876999152,0.0165620181017956,-5.0,67.06,0.0
4670,0.175744711895336,0.0065620181017956,-14.9,67.06,0.0
4671,0.156602681665513,0.0280329569547236,-11.47,67.06,0.0
4672,0.248261147469993,0.0445949750565193,-3.48,67.06,0.0
4673,0.122989908717358,0.103529428307609,-0.01,67.06,0.0
4674,0.0388294441506752,0.137681420270699,28.77,67.06,0.0
4675,0.012160885242376,0.0959651869315847,50.33,67.06,0.0
4676,0.0001159383345532,0.0762854759103628,75.45,67.06,0.0
4677,0.0,0.198343965365043,76.26,67.06,0.0
4678,0.0,0.225645726016996,78.84,67.06,0.0
4679,0.0,0.331176851074999,63.0,67.06,0.0
4680,0.0,0.285366434027501,88.95,67.06,0.0
4681,0.0,0.199708849506364,63.19,67.06,0.0
4682,0.0,0.34397802036413,55.45,67.06,0.0
4683,0.0,0.445771826131518,44.3,67.06,0.0
4684,6.1246907914755e-05,0.162238991824038,37.93,67.06,0.0
4685,0.010439608384451,0.180811799758455,36.81,67.06,0.0
4686,0.0347727238774861,0.121156993158315,31.96,67.06,0.0
4687,0.0566875305407942,0.0977126679759455,14.28,67.06,0.0
4688,0.193677147221944,0.24886966113426,0.29,67.06,0.0
4689,0.241391040786661,0.178400945555561,-3.31,67.06,0.0
4690,0.274120668762799,0.53964938512328,-21.13,67.06,0.0
4691,0.122323165338571,0.709600123115959,-40.08,67.06,0.0
4692,0.282762781433929,0.720389127673436,-59.47,67.06,0.0
4693,0.127198438890456,0.668929031774229,-73.96,67.06,0.0
4694,0.317745839477304,0.67205306797782,-73.96,67.06,0.0
4695,0.309676171123785,0.711396866167641,-51.82,67.06,0.0
4696,0.348977665320361,0.696525348919689,-20.03,67.06,0.0
4697,0.249082986884415,0.531019596998345,-0.05,67.06,0.0
4698,0.126968166618282,0.520363395188166,46.54,67.06,0.0
4699,0.0357483737420129,0.356837372880429,91.93,67.06,0.0
4700,0.0025336175388025,0.187027796396202,115.8,67.06,0.0
4701,0.0,0.166685540280636,108.68,67.06,0.0
4702,0.0,0.1266534645112,105.84,67.06,0.0
4703,0.0,0.1266534645112,87.06,67.06,0.0
4704,0.0,0.109089223135176,79.35,67.06,0.0
4705,0.0,0.223172563889839,66.24,67.06,0.0
4706,0.0,0.278081484640972,58.17,67.06,0.0
4707,0.0,0.179082879851011,63.03,67.06,0.0
4708,0.0005227626358178,0.116285475910363,67.82,67.06,0.0
4709,0.0153885545516941,0.203394875688817,80.07,67.06,0.0
4710,0.0422979402791368,0.219498208725297,120.0,67.06,0.0
4711,0.0992774342465655,0.0262417291230175,144.1,67.06,0.0
4712,0.203640743614021,0.0,89.77,67.06,0.0
4713,0.402456841618028,0.245431679236056,59.29,67.06,0.0
4714,0.479127660941598,0.284120838000959,35.52,67.06,0.0
4715,0.669876263950913,0.428247097478779,11.29,67.06,0.0
4716,0.65193407433491,0.618929031774229,0.07,67.06,0.0
4717,0.673055641407015,0.669249320753007,-0.01,67.06,0.0
4718,0.454192881817541,0.457926808500001,-0.07,67.06,0.0
4719,0.459128657172858,0.511396866167641,3.54,67.06,0.0
4720,0.290469118779606,0.316801891111122,44.29,67.06,0.0
4721,0.180295600775606,0.21299592061208,82.0,67.06,0.0
4722,0.118991391725175,0.270865842664679,114.35,67.06,0.0
4723,0.0184024668085363,0.141770276245338,204.19,67.06,0.0
4724,0.0007462874389909,0.143247558382431,224.96,67.06,0.0
4725,0.0,0.159020571926749,143.56,67.06,0.0
4726,0.0,0.176365251301857,92.48,67.06,0.0
4727,0.0,0.151088341949888,80.1,67.06,0.0
4728,0.0,0.183903760192611,76.59,67.06,0.0
4729,0.0,0.356770643405875,63.77,67.06,0.0
4730,0.0,0.454050077572428,52.49,67.06,0.0
4731,0.0,0.567193502977125,36.82,67.06,0.0
4732,0.0015642402589941,0.509261273000264,38.16,67.06,0.0
4733,0.0265332115449496,0.705363309256977,50.32,67.06,0.0
4734,0.0882214422573898,0.628983902744642,80.35,67.06,0.0
4735,0.267670236546971,0.653769301316934,90.95,67.06,0.0
4736,0.391877960520922,0.796827623596392,84.31,67.06,0.0
4737,0.523780991040266,0.835644897952807,62.77,67.06,0.0
4738,0.26332264462937,0.762399089441869,21.49,67.06,0.0
4739,0.373489965798869,0.832206916054602,0.06,67.06,0.0
4740,0.431736933322489,0.822675631633302,-8.03,67.06,0.0
4741,0.272525077874374,0.812675631633302,-11.03,67.06,0.0
4742,0.144027402661555,0.772644383928055,-11.48,67.06,0.0
4743,0.157455849467277,0.662767078042706,-11.14,67.06,0.0
4744,0.291526326955769,0.49445757889655,-2.3,67.06,0.0
4745,0.106775238253881,0.399894679609466,22.12,67.06,0.0
4746,0.0357734931417158,0.425762904911671,63.02,67.06,0.0
4747,0.0098280139344567,0.216518911892408,81.99,67.06,0.0
4748,1.13097935252618e-05,0.333264010299244,121.6,67.06,0.0
4749,0.0,0.189463555020178,114.28,67.06,0.0
4750,0.0,0.368892456335238,105.81,67.06,0.0
4751,0.0,0.20080545647429,84.31,67.06,0.0
4752,0.0,0.015585527312838,87.4,67.06,0.0
4753,0.0,0.01,72.98,67.06,0.0
4754,0.0,0.0241262594778196,72.82,67.06,0.0
4755,0.0,0.0672760281666815,70.53,67.06,0.0
4756,0.002640867048048,0.0844942480786567,71.05,67.06,0.0
4757,0.0356187061214218,0.0944942480786567,77.44,67.06,0.0
4758,0.128612675847776,0.232896021698406,90.05,67.06,0.0
4759,0.273704899515175,0.253310522508503,99.76,67.06,0.0
4760,0.253118442241832,0.356497694700545,105.7,67.06,0.0
4761,0.352492327741425,0.321717155146419,77.14,67.06,0.0
4762,0.272732086085266,0.559249320753007,58.19,67.06,0.0
4763,0.301779681629537,0.468247097478779,41.75,67.06,0.0
4764,0.436668268137841,0.520374238141886,32.59,67.06,0.0
4765,0.614358362674071,0.608929031774229,21.85,67.06,0.0
4766,0.434162627091323,0.645491049876025,10.8,67.06,0.0
4767,0.476976181291882,0.465811338854803,13.47,67.06,0.0
4768,0.39548518760937,0.495202836666682,38.88,67.06,0.0
4769,0.25958517137306,0.393706993392673,61.68,67.06,0.0
4770,0.0967245619598543,0.455423226731787,82.93,67.06,0.0
4771,0.0224152290343425,0.513484494107464,106.89,67.06,0.0
4772,0.0008490123025786,0.562421884642847,187.95,67.06,0.0
4773,0.0,0.573044448298328,143.47,67.06,0.0
4774,0.0,0.403706993392673,114.91,67.06,0.0
4775,0.0,0.436856762081535,92.81,67.06,0.0
4776,0.0,0.398553606219543,89.97,67.06,0.0
4777,0.0,0.295706112207385,80.29,67.06,0.0
4778,0.0,0.159809576484227,79.05,67.06,0.0
4779,0.0,0.0886205075564763,78.54,67.06,0.0
4780,0.0002179648529232,0.0397117867906576,79.27,67.06,0.0
4781,0.012654060431214,0.0245949750565193,92.1,67.06,0.0
4782,0.0303833249675642,0.0241262594778196,120.88,67.06,0.0
4783,0.073022271382626,0.0075642413760239,107.27,67.06,0.0
4784,0.20737452209589,0.0065620181017956,96.74,67.06,0.0
4785,0.321178458124534,0.0065620181017956,79.22,67.06,0.0
4786,0.226452987988818,0.0080329569547236,63.84,67.06,0.0
4787,0.209827359623709,0.0445949750565193,47.13,67.06,0.0
4788,0.139689639616121,0.109089223135176,35.01,67.06,0.0
4789,0.0567087260726109,0.281579852729565,33.96,67.06,0.0
4790,0.0630212200822515,0.621019596998345,37.01,67.06,0.0
4791,0.0761619082636297,0.572133671433504,48.78,67.06,0.0
4792,0.0850421627229397,0.57456943005748,67.56,67.06,0.0
4793,0.105348944954231,0.639009635229913,85.48,67.06,0.0
4794,0.0294170234392702,0.755448131152868,92.0,67.06,0.0
4795,0.0099790754496201,0.677607347585412,130.18,67.06,0.0
4796,0.0,0.674169365687207,227.6,67.06,0.0
4797,0.0,0.605859866541051,184.46,67.06,0.0
4798,0.0,0.386831029596264,119.54,67.06,0.0
4799,0.0,0.579015978514078,101.92,67.06,0.0
4800,0.0,0.404489654665985,90.11,67.06,0.0
4801,0.0,0.52004651220926,80.45,67.06,0.0
4802,0.0,0.47407498199351,79.91,67.06,0.0
4803,0.0,0.525866209825216,79.29,67.06,0.0
4804,6.43197223209023e-05,0.584489654665986,83.38,67.06,0.0
4805,0.0112739405689874,0.660043106209388,91.38,67.06,0.0
4806,0.0297805434931218,0.716525348919689,115.6,67.06,0.0
4807,0.0685208233215692,0.157998959451415,110.72,67.06,0.0
4808,0.159764492102748,0.169846151923218,98.4,67.06,0.0
4809,0.141396063222508,0.515480206922304,81.43,67.06,0.0
4810,0.369821549944928,0.334052186792532,70.0,67.06,0.0
4811,0.372668574665844,0.768492391964965,58.75,65.3125,0.0
4812,0.321787677129527,0.666205059940911,44.34,64.73,0.0
4813,0.176607635693734,0.881838927453765,36.5,64.73,0.0
4814,0.135247496463535,0.866967410205813,36.2,64.73,0.0
4815,0.0778144550148504,0.861747481044361,42.54,64.73,0.0
4816,0.0770884986643387,0.862429415339811,63.79,64.73,0.0
4817,0.0663012872457677,0.855867397238015,77.34,64.73,0.0
4818,0.0349355113404667,0.84862344484077,91.61,64.73,0.0
4819,0.0106649287081962,0.881838927453765,121.02,64.73,0.0
4820,8.23873729371309e-05,0.842920926119488,190.46,64.73,0.0
4821,0.0,0.795768420131647,120.0,64.73,0.0
4822,0.0,0.641690688340075,106.86,64.73,0.0
4823,0.0,0.718295625165027,91.55,64.73,0.0
4824,0.0,0.655571653331708,94.73,64.73,0.0
4825,0.0,0.59697394097621,89.41,64.73,0.0
4826,0.0,0.575891942310487,88.25,64.73,0.0
4827,0.0,0.656850418797369,89.88,64.73,0.0
4828,0.0001136855327535,0.575859866541051,94.24,64.73,0.0
4829,0.0121278518539714,0.572799153812142,93.8,64.73,0.0
4830,0.0942591489840662,0.516893337520526,91.49,64.73,0.0
4831,0.183531830662069,0.362016492538829,85.99,64.73,0.0
4832,0.260603845187134,0.280171221800899,68.2,64.73,0.0
4833,0.248986091409372,0.331079889445619,49.8,64.73,0.0
4834,0.309578389261403,0.416211403225076,5.15,64.73,0.0
4835,0.423393875472213,0.634834848065845,0.0,64.73,0.0
4836,0.258995758692842,0.645811338854803,-4.65,64.73,0.0
4837,0.278377842434016,0.599249320753007,-4.29,64.73,0.0
4838,0.231008134318991,0.348247097478779,-2.88,64.73,0.0
4839,0.191722017103001,0.417926808500001,-2.71,64.73,0.0
4840,0.23934565180626,0.364366132487145,2.42,64.73,0.0
4841,0.216757812379524,0.361616428168556,52.29,64.73,0.0
4842,0.0969700269884481,0.3033069290224,85.0,64.73,0.0
4843,0.0109535812962826,0.461664955854804,109.56,64.73,0.0
4844,1.05091347551039e-05,0.342582076003793,134.75,64.73,0.0
4845,0.0,0.282870289213136,108.81,64.73,0.0
4846,0.0,0.308804415925705,84.1,64.73,0.0
4847,0.0,0.299144094105589,74.51,64.73,0.0
4848,0.0,0.277795849367312,63.63,64.73,0.0
4849,0.0,0.358113201061797,56.3,64.73,0.0
4850,0.0,0.394012674069248,55.2,64.73,0.0
4851,0.0,0.409141156821296,60.38,64.73,0.0
4852,0.001611571092797,0.429267616284429,68.61,64.73,0.0
4853,0.0318452859896019,0.431916593625156,75.24,64.73,0.0
4854,0.119415813036338,0.521225378761247,81.37,64.73,0.0
4855,0.285873225892094,0.387587958384306,60.31,64.73,0.0
4856,0.444867760722479,0.556525348919689,48.68,64.73,0.0
4857,0.570888613985298,0.549617309353844,10.57,64.73,0.0
4858,0.474597031973983,0.633055291252049,0.07,64.73,0.0
4859,0.363374605646082,0.665491049876025,0.01,64.73,0.0
4860,0.486289544211224,0.709249320753007,0.01,64.73,0.0
4861,0.409316326745649,0.665491049876025,-0.08,64.73,0.0
4862,0.290385536153484,0.623375580230827,-0.21,64.73,0.0
4863,0.461800343049083,0.595491049876025,0.04,64.73,0.0
4864,0.437086649704923,0.592767078042706,0.11,64.73,0.0
4865,0.134495779119542,0.509574390630688,59.81,64.73,0.0
4866,0.0638189159956434,0.397177051060313,94.27,64.73,0.0
4867,0.0265146027104385,0.210177565085064,108.27,64.73,0.0
4868,0.0007843635235747,0.376762378387837,127.68,64.73,0.0
4869,0.0,0.392647789927927,128.12,64.73,0.0
4870,0.0,0.425109281037174,111.85,64.73,0.0
4871,0.0,0.282556343518523,93.7,64.73,0.0
4872,0.0,0.135214601427708,122.1,64.73,0.0
4873,0.0,0.0986205075564763,96.63,64.73,0.0
4874,0.0,0.0828474940121585,86.88,64.73,0.0
4875,0.0,0.0362738048924532,86.93,64.73,0.0
4876,0.0018062812450539,0.0141262594778196,86.14,64.73,0.0
4877,0.0319128028347538,0.02,82.26,64.73,0.0
4878,0.123457358910008,0.0428037472248132,119.48,64.73,0.0
4879,0.283145028159347,0.0306882775796152,131.68,64.73,0.0
4880,0.430498923875583,0.0165620181017956,126.05,64.73,0.0
4881,0.559091036611474,0.0365620181017956,94.34,64.73,0.0
4882,0.539239454029976,0.0486891587649032,75.14,64.73,0.0
4883,0.412289186794563,0.163284133821422,72.88,64.73,0.0
4884,0.483616237876718,0.114594975056519,66.22,64.73,0.0
4885,0.574065315730976,0.0977126679759455,43.25,64.73,0.0
4886,0.609614794798143,0.199846151923218,19.41,64.73,0.0
4887,0.554822727337675,0.210848375197446,20.38,64.73,0.0
4888,0.419130883152525,0.115251176866699,48.46,64.73,0.0
4889,0.268034857795567,0.125337295542359,63.69,64.73,0.0
4890,0.0841271592968003,0.144560977553211,81.15,64.73,0.0
4891,0.028190136805527,0.0713765551592305,99.04,64.73,0.0
4892,0.0006227517951568,0.0306882775796152,186.24,64.73,0.0
4893,0.0,0.0341262594778196,172.04,64.73,0.0
4894,0.0,0.0438059704990415,111.04,64.73,0.0
4895,0.0,0.153215482612996,98.0,64.73,0.0
4896,0.0,0.259212745314016,83.39,64.73,0.0
4897,0.0,0.274329557048154,75.8,64.73,0.0
4898,0.0,0.398849537612082,76.7,64.73,0.0
4899,0.0,0.523758458363214,70.5,64.73,0.0
4900,0.0001305266284019,0.488540919651213,73.83,64.73,0.0
4901,0.0110432876737336,0.588321357650298,76.61,64.73,0.0
4902,0.0878477012877068,0.701071061968886,106.73,64.73,0.0
4903,0.24751475810419,0.644702592153389,120.51,64.73,0.0
4904,0.405263982857189,0.441027612034741,115.21,64.73,0.0
4905,0.535678045276797,0.18365212242226,87.29,64.73,0.0
4906,0.627425011645201,0.281685079376983,68.87,64.73,0.0
4907,0.687294834522403,0.178400945555561,61.37,64.73,0.0
4908,0.70497785192004,0.169846151923218,43.42,64.73,0.0
4909,0.683472630096541,0.19952586294444,38.29,64.73,0.0
4910,0.616965977714566,0.21952586294444,36.01,64.73,0.0
4911,0.531612421093998,0.21952586294444,41.96,64.73,0.0
4912,0.404416695229832,0.187410393299242,64.86,64.73,0.0
4913,0.25587754710682,0.1566534645112,79.53,64.73,0.0
4914,0.11178518136453,0.104526323848092,79.92,64.73,0.0
4915,0.0273588959267096,0.0075642413760239,96.03,64.73,0.0
4916,0.000698117275377,0.0,118.52,64.73,0.0
4917,0.0,0.0338059704990415,102.01,64.73,0.0
4918,0.0,0.102847494012158,99.23,64.73,0.0
4919,0.0,0.12252720503338,91.58,64.73,0.0
4920,0.0,0.117964305746297,83.55,64.73,0.0
4921,0.0,0.0979643057462967,78.33,64.73,0.0
4922,0.0,0.0894095121139541,72.56,64.73,0.0
4923,0.0,0.0587212345343389,74.85,64.73,0.0
4924,0.00137210281925,0.0538059704990415,74.99,64.73,0.0
4925,0.0297050261061884,0.0621592164325432,75.77,64.73,0.0
4926,0.11702514561358,0.0984009455555608,103.07,64.73,0.0
4927,0.262354179626107,0.141550714244423,128.9,64.73,0.0
4928,0.412785970856281,0.136924491482657,99.19,64.73,0.0
4929,0.537127944836514,0.0580329569547236,72.91,64.73,0.0
4930,0.627346809909621,0.0465620181017956,54.9,64.73,0.0
4931,0.679985157104757,0.0465620181017956,21.19,64.73,0.0
4932,0.69452658934092,0.0386891587649032,1.58,64.73,0.0
4933,0.672996504158933,0.0380329569547236,-0.15,64.73,0.0
4934,0.619390827685552,0.03,-2.06,64.73,0.0
4935,0.528304549833154,0.0186891587649032,-1.96,64.73,0.0
4936,0.40331312288845,0.0265620181017956,2.21,64.73,0.0
4937,0.254375417537508,0.0365620181017956,39.27,64.73,0.0
4938,0.108320520363884,0.0597117867906576,69.34,64.73,0.0
4939,0.0258794326559748,0.228055752155701,95.9,64.73,0.0
4940,0.0004850287234548,0.325360090743336,109.93,64.73,0.0
4941,0.0,0.228124403364128,121.82,64.73,0.0
4942,0.0,0.12252720503338,109.58,64.73,0.0
4943,0.0,0.0621592164325432,95.03,64.73,0.0
4944,0.0,0.0445949750565193,92.55,64.73,0.0
4945,0.0,0.035585527312838,87.2,64.73,0.0
4946,0.0,0.0362417291230175,84.9,64.73,0.0
4947,0.0,0.0862854759103628,79.92,64.73,0.0
4948,0.0009768684418086,0.0752832526361345,76.4,64.73,0.0
4949,0.0283436310059306,0.0772760281666815,92.53,64.73,0.0
4950,0.110262374289119,0.0925272050333803,106.16,64.73,0.0
4951,0.249889077409828,0.0879643057462968,116.86,64.73,0.0
4952,0.394829183065328,0.0645005913628218,90.98,64.73,0.0
4953,0.518893280530336,0.0,71.98,64.73,0.0
4954,0.605776676107858,0.01,55.08,64.73,0.0
4955,0.658122593216334,0.0170307336804953,36.95,64.73,0.0
4956,0.674020532959586,0.01,24.31,64.73,0.0
4957,0.655395232778705,0.01,17.36,64.73,0.0
4958,0.60170248369319,0.0,13.27,64.73,0.0
4959,0.511807955271175,0.01,26.2,64.73,0.0
4960,0.386486809956574,0.02,53.8,64.73,0.0
4961,0.242258818124408,0.153284133821422,80.0,64.73,0.0
4962,0.103952864928936,0.139089223135176,97.0,64.73,0.0
4963,0.0241824461287171,0.0644942480786567,126.93,64.73,0.0
4964,0.0002868742169066,0.0206882775796152,155.72,64.73,0.0
4965,0.0,0.0480329569547236,131.61,64.73,0.0
4966,0.0,0.0948402695427055,100.0,64.73,0.0
4967,0.0,0.0728411507279934,84.95,64.73,0.0
4968,0.0,0.0887148912501738,83.32,64.73,0.0
4969,0.0,0.0786891587649032,73.9,64.73,0.0
4970,0.0,0.219108612336282,79.1,64.73,0.0
4971,0.0,0.268081484640972,81.61,64.73,0.0
4972,0.0,0.288582104126728,81.17,64.73,0.0
4973,0.0087253019216793,0.215746281132479,83.21,64.73,0.0
4974,0.0435882317751727,0.128721234534339,99.52,64.73,0.0
4975,0.227168110948733,0.0880329569547236,116.56,64.73,0.0
4976,0.403993000859823,0.0765620181017957,104.1,64.73,0.0
4977,0.532273556400719,0.0586891587649032,96.83,64.73,0.0
4978,0.624960308659721,0.0480329569547236,90.53,64.73,0.0
4979,0.682020508182729,0.0580329569547236,81.35,65.93,0.0
4980,0.705499247061356,0.06,70.0,66.33,0.0
4981,0.68603395071676,0.0596797110212219,63.12,66.33,0.0
4982,0.632088987965303,0.0670307336804953,60.19,66.33,0.0
4983,0.537574007272628,0.0504687155786997,68.14,66.33,0.0
4984,0.41221684489504,0.0796797110212219,72.84,66.33,0.0
4985,0.26146825225594,0.118032956954724,88.52,66.33,0.0
4986,0.11274949115782,0.159377436344518,94.34,66.33,0.0
4987,0.025751893626832,0.179803233200062,107.79,66.33,0.0
4988,0.0004324151112191,0.179360250106633,143.25,66.33,0.0
4989,0.0,0.148646240041747,139.0,66.33,0.0
4990,0.0,0.116279132626198,106.39,66.33,0.0
4991,0.0,0.0783469026493367,97.91,66.33,0.0
4992,0.0,0.0614388630834923,103.96,66.33,0.0
4993,0.0,0.0555651225613119,103.41,66.33,0.0
4994,0.0,0.0506819342954502,97.39,66.33,0.0
4995,0.0,0.0752769093519694,95.25,66.33,0.0
4996,0.0007726738827619,0.101716233339114,92.46,66.33,0.0
4997,0.0270916503610693,0.148426678040831,90.51,66.33,0.0
4998,0.110340481165252,0.298806337659578,87.4,66.33,0.0
4999,0.253151216425618,0.357324368366698,82.75,66.33,0.0
5000,0.399402557858688,0.293998800088119,84.69,66.33,0.0
5001,0.522991847182749,0.169846151923218,67.67,66.33,0.0
5002,0.607964376711009,0.135251176866699,60.78,66.33,0.0
5003,0.654757608254117,0.191838927453765,39.9,66.33,0.0
5004,0.662245977335085,0.237410393299242,28.0,66.33,0.0
5005,0.631301694279126,0.199846151923218,17.8,66.33,0.0
5006,0.480626925368356,0.22952586294444,17.92,66.33,0.0
5007,0.341840197725841,0.341685079376983,35.02,66.33,0.0
5008,0.314439275446957,0.324366132487145,67.72,66.33,0.0
5009,0.213852026395889,0.180048527686248,94.73,66.33,0.0
5010,0.0870088925179553,0.367833252870492,104.97,66.33,0.0
5011,0.0167362271921033,0.502599355984795,116.69,66.33,0.0
5012,0.0,0.652449820091337,123.1,66.33,0.0
5013,0.0,0.48273583033746,121.82,66.33,0.0
5014,0.0,0.383332661507671,108.1,66.33,0.0
5015,0.0,0.374020939087286,97.94,66.33,0.0
5016,0.0,0.294643502742767,109.99,66.33,0.0
5017,0.0,0.219796889915897,95.11,66.33,0.0
5018,0.0,0.257115836805735,88.21,66.33,0.0
5019,0.0,0.234023876371579,81.53,66.33,0.0
5020,0.0,0.148026613670559,78.54,66.33,0.0
5021,0.0043038043756493,0.0465877505870663,79.26,66.33,0.0
5022,0.0185763351697561,0.0334379818982044,75.53,66.33,0.0
5023,0.0406510629429665,0.0441262594778196,72.61,66.33,0.0
5024,0.0752199340445421,0.0500257324852706,25.49,66.33,0.0
5025,0.0650117634205404,0.207079261366743,4.92,66.33,0.0
5026,0.0729221500573959,0.696493273150253,0.0,66.33,0.0
5027,0.126182619183577,0.610651608397508,-2.43,66.33,0.0
5028,0.322761769578477,0.547650266308568,-16.63,66.33,0.0
5029,0.204996335309841,0.301216363798284,-39.91,66.33,0.0
5030,0.211050672727095,0.331685079376983,-48.69,66.33,0.0
5031,0.266150276861358,0.32299592061208,-33.53,66.33,0.0
5032,0.252971619412776,0.241216363798284,-13.77,66.33,0.0
5033,0.180705398622877,0.146408170025014,-1.99,66.33,0.0
5034,0.0790785432634034,0.0538059704990415,40.87,66.33,0.0
5035,0.0137558362135735,0.0597117867906576,92.48,66.33,0.0
5036,7.11905941625151e-10,0.0331497686888619,111.85,66.33,0.0
5037,0.0,0.0341262594778196,115.66,66.33,0.0
5038,0.0,0.0065620181017956,104.95,66.33,0.0
5039,0.0,0.0175642413760239,84.46,66.33,0.0
5040,0.0,0.0331497686888619,79.59,66.33,0.0
5041,0.0,0.0497117867906576,76.03,66.33,0.0
5042,0.0,0.0141262594778196,72.25,66.33,0.0
5043,0.0,0.0165620181017956,76.29,66.33,0.0
5044,0.0,0.0984009455555608,80.0,66.33,0.0
5045,0.0048662851028259,0.139089223135176,101.3,66.33,0.0
5046,0.0229239923824094,0.251962449632605,135.0,66.33,0.0
5047,0.0654386113257716,0.357762023726383,121.66,66.33,0.0
5048,0.102514597325045,0.293084335994075,98.46,66.33,0.0
5049,0.110744810383156,0.425882567998913,63.66,66.33,0.0
5050,0.135235418156455,0.107304338587635,10.58,66.33,0.0
5051,0.0836360032380061,0.0684072888397258,-0.16,66.33,0.0
5052,0.070813091854415,0.175582590028545,-0.19,66.33,0.0
5053,0.051798429244116,0.263650200688387,-1.7,66.33,0.0
5054,0.0759174858210745,0.156339518816587,-0.98,66.33,0.0
5055,0.102663766112755,0.205642976218934,-0.07,66.33,0.0
5056,0.10822240104734,0.0328037472248132,13.74,66.33,0.0
5057,0.095847077075462,0.095625508751701,64.48,66.33,0.0
5058,0.0688285017952961,0.0703679886008371,96.91,66.33,0.0
5059,0.0195371286060741,0.111088341949888,123.24,66.33,0.0
5060,0.0,0.221868065938908,178.07,66.33,0.0
5061,0.0,0.346420122272271,132.72,66.33,0.0
5062,0.0,0.141776619529503,107.8,66.33,0.0
5063,0.0,0.114526323848092,90.2,66.33,0.0
5064,0.0,0.0582525189556392,78.01,66.33,0.0
5065,0.0,0.0438059704990415,75.77,66.33,0.0
5066,0.0,0.0884009455555607,79.27,66.33,0.0
5067,0.0,0.168112732346218,83.73,66.33,0.0
5068,0.0,0.165676973722242,88.59,66.33,0.0
5069,0.0077347070230526,0.392273458042925,101.85,66.33,0.0
5070,0.0354762281099309,0.348424568820727,115.64,66.33,0.0
5071,0.0844649257978526,0.308830148410976,113.48,66.33,0.0
5072,0.147087473894971,0.386520677387754,99.65,66.33,0.0
5073,0.102468414439541,0.407384754557087,67.78,66.33,0.0
5074,0.165049272731402,0.36918066954458,37.52,66.33,0.0
5075,0.408377148409982,0.637270606689821,7.84,66.33,0.0
5076,0.22530542406175,0.473743568831664,1.09,66.33,0.0
5077,0.48120324284768,0.746919070005796,-0.04,66.33,0.0
5078,0.332238139508045,0.646925413289962,-0.06,66.33,0.0
5079,0.33143782434347,0.479937598332622,13.25,66.33,0.0
5080,0.420371824235741,0.500651608397508,40.68,66.33,0.0
5081,0.246977769497482,0.159121298904612,78.1,66.33,0.0
5082,0.0454281263452036,0.200465778294406,103.4,66.33,0.0
5083,0.0141048772686788,0.258430084040703,129.44,66.33,0.0
5084,0.0,0.179803233200062,177.13,66.33,0.0
5085,0.0,0.306368657301729,147.67,66.33,0.0
5086,0.0,0.555471754418035,114.98,66.33,0.0
5087,0.0,0.567829940613736,99.04,66.33,0.0
5088,0.0,0.55124219002667,98.85,66.33,0.0
5089,0.0,0.566056727084105,87.29,66.33,0.0
5090,0.0,0.589274318917205,85.19,66.33,0.0
5091,0.0,0.646939287271091,82.9,66.33,0.0
5092,7.24671716336189e-05,0.652475552576608,90.6,66.33,0.0
5093,0.0178922288827352,0.563427138944484,102.39,66.33,0.0
5094,0.102053362608189,0.52620654420691,112.51,66.33,0.0
5095,0.265464624871657,0.205651241236972,110.14,66.33,0.0
5096,0.428315900842397,0.29299592061208,95.26,66.33,0.0
5097,0.548653434274986,0.33365212242226,79.02,66.33,0.0
5098,0.520108319733059,0.361216363798284,55.89,66.33,0.0
5099,0.510994249894027,0.361685079376983,33.46,66.33,0.0
5100,0.399665761537073,0.26365212242226,21.75,66.33,0.0
5101,0.229858193803888,0.241216363798284,11.36,66.33,0.0
5102,0.380284119766441,0.126285475910363,17.53,66.33,0.0
5103,0.154482472103876,0.134962963657356,31.74,66.33,0.0
5104,0.0933864991620447,0.1366534645112,46.09,66.33,0.0
5105,0.0727956685671862,0.0538059704990415,75.85,66.33,0.0
5106,0.0555655375063246,0.0345949750565193,99.16,66.33,0.0
5107,0.0155252799125233,0.0,115.39,66.33,0.0
5108,0.0,0.0,136.15,66.33,0.0
5109,0.0,0.0065620181017956,116.19,66.33,0.0
5110,0.0,0.0275642413760239,104.51,66.33,0.0
5111,0.0,0.0597117867906576,96.49,66.33,0.0
5112,0.0,0.0744942480786567,96.45,66.33,0.0
5113,0.0,0.0503679886008371,92.4,66.33,0.0
5114,0.0,0.0375642413760239,86.85,66.33,0.0
5115,0.0,0.0855971983307476,84.11,66.33,0.0
5116,0.0,0.118400945555561,93.08,66.33,0.0
5117,0.0134784483170957,0.182238991824038,112.71,66.33,0.0
5118,0.0413816775349755,0.167655687785428,134.39,66.33,0.0
5119,0.147499722483684,0.176365251301857,109.52,66.33,0.0
5120,0.314142491074661,0.228055752155701,105.95,66.33,0.0
5121,0.494770312604547,0.0665620181017956,90.1,66.33,0.0
5122,0.511393794563548,0.0565620181017957,76.95,66.33,0.0
5123,0.522318416821595,0.0296797110212219,67.64,66.33,0.0
5124,0.414745982933709,0.0265620181017956,64.03,66.33,0.0
5125,0.326450232571398,0.04,60.38,66.33,0.0
5126,0.469732554132959,0.0465620181017956,62.39,66.33,0.0
5127,0.481163735691299,0.0386891587649032,71.22,66.33,0.0
5128,0.363254296758841,0.118400945555561,77.39,66.33,0.0
5129,0.223169321970862,0.197367474576086,95.16,66.33,0.0
5130,0.0884957601963307,0.329144094105589,102.83,66.33,0.0
5131,0.0162475952405249,0.274297481278719,112.5,66.33,0.0
5132,0.0,0.427858985355763,138.07,66.33,0.0
5133,0.0,0.542010977318853,124.03,66.33,0.0
5134,0.0,0.618278438927141,112.94,66.33,0.0
5135,0.0,0.699035367715183,105.7,66.33,0.0
5136,0.0,0.745591042532814,93.93,66.33,0.0
5137,0.0,0.77171007754118,89.17,66.33,0.0
5138,0.0,0.767295604854019,88.11,66.33,0.0
5139,0.0,0.727952634728387,82.97,66.33,0.0
5140,0.0,0.755573856294928,86.95,66.33,0.0
5141,0.0094873067561789,0.682053161720936,96.61,66.33,0.0
5142,0.0691715961976878,0.677484747213876,110.75,66.33,0.0
5143,0.223016472198331,0.27992400558084,121.38,66.33,0.0
5144,0.2221899575065,0.105283252636135,113.19,66.33,0.0
5145,0.103660859758826,0.0141262594778196,104.42,66.33,0.0
5146,0.506058208837023,0.01,91.68,66.33,0.0
5147,0.616149921936042,0.02,77.69,68.9025,0.0
5148,0.653303198105573,0.03,73.58,69.76,0.0
5149,0.615733362997304,0.0918452707379302,61.94,69.76,0.0
5150,0.523245754934946,0.0862854759103628,53.44,69.76,0.0
5151,0.193881286361252,0.231519466539176,50.58,69.76,0.0
5152,0.0618445831900755,0.348518124450236,65.42,69.76,0.0
5153,0.169043135586619,0.26299592061208,77.69,69.76,0.0
5154,0.038305627014265,0.105965186931585,102.22,69.76,0.0
5155,0.0043736445359583,0.0687212345343389,128.49,69.76,0.0
5156,0.0,0.0628358229942489,146.19,69.76,0.0
5157,0.0,0.0713765551592305,121.66,69.76,0.0
5158,0.0,0.0752832526361345,114.42,69.76,0.0
5159,0.0,0.0849629636573564,99.01,69.76,0.0
5160,0.0,0.0894095121139541,102.65,69.76,0.0
5161,0.0,0.0804000643702728,99.14,69.76,0.0
5162,0.0,0.101402287644501,93.3,69.76,0.0
5163,0.0,0.0928474940121585,89.1,69.76,0.0
5164,0.0,0.0872760281666815,86.31,69.76,0.0
5165,0.0201826445741332,0.134206034869314,94.88,69.76,0.0
5166,0.101546704718242,0.111056266180452,103.74,69.76,0.0
5167,0.250084353836397,0.156930834766822,95.51,69.76,0.0
5168,0.406328275241377,0.0745949750565193,84.5,69.76,0.0
5169,0.539693663067939,0.204962963657356,66.06,69.76,0.0
5170,0.566824662193795,0.124594975056519,32.44,69.76,0.0
5171,0.437699148213004,0.0765620181017957,20.36,69.76,0.0
5172,0.196337709952699,0.0404687155786997,14.66,69.76,0.0
5173,0.454561948091838,0.02,6.41,69.76,0.0
5174,0.211117115246622,0.0286891587649032,4.1,69.76,0.0
5175,0.0440237476122864,0.01,12.38,69.76,0.0
5176,0.155062794040645,0.0387212345343389,32.44,69.76,0.0
5177,0.0631974485106901,0.099740097211611,73.61,69.76,0.0
5178,0.0255615720931051,0.0165620181017956,103.55,69.76,0.0
5179,0.0036501446753311,0.0162417291230175,110.02,69.76,0.0
5180,0.0,0.0265620181017956,124.64,69.76,0.0
5181,0.0,0.0286891587649032,136.64,69.76,0.0
5182,0.0,0.0265620181017956,119.2,69.76,0.0
5183,0.0,0.0341262594778196,101.3,69.76,0.0
5184,0.0,0.0141262594778196,110.21,69.76,0.0
5185,0.0,0.0065620181017956,101.34,69.76,0.0
5186,0.0,0.0186891587649032,96.9,69.76,0.0
5187,0.0,0.03,92.68,69.76,0.0
5188,0.0,0.0690351802289519,90.21,69.76,0.0
5189,0.0057672176471622,0.0941519919630902,83.0,69.76,0.0
5190,0.0287034191015843,0.233923149393716,77.7,69.76,0.0
5191,0.101927132018316,0.229057975429929,73.2,69.76,0.0
5192,0.128721502078339,0.0679643057462968,63.93,69.76,0.0
5193,0.13012450733868,0.0265620181017956,28.11,69.76,0.0
5194,0.100935159936135,0.0,8.05,69.76,0.0
5195,0.136502780927661,0.0141262594778196,2.05,69.76,0.0
5196,0.289640484373252,0.0141262594778196,0.06,69.76,0.0
5197,0.240395727440215,0.02,-0.04,69.76,0.0
5198,0.526352188055793,0.01,-2.16,69.76,0.0
5199,0.282018264100501,0.0,-0.01,69.76,0.0
5200,0.403515855251407,0.0,1.0,69.76,0.0
5201,0.246529866586595,0.0,22.46,69.76,0.0
5202,0.0955139255710475,0.0,73.17,69.76,0.0
5203,0.0154497564175512,0.0065620181017956,105.66,69.76,0.0
5204,0.0,0.0175642413760239,119.92,69.76,0.0
5205,0.0,0.0441262594778196,124.99,69.76,0.0
5206,0.0,0.10252720503338,112.94,69.76,0.0
5207,0.0,0.251962449632605,104.83,69.76,0.0
5208,0.0,0.321642160653827,103.08,69.76,0.0
5209,0.0,0.295331780322383,85.32,69.76,0.0
5210,0.0,0.225306047837112,82.3,69.76,0.0
5211,0.0,0.235299704552947,85.35,69.76,0.0
5212,0.0,0.104519980563927,83.59,69.76,0.0
5213,0.0047391507491711,0.0928411507279934,97.24,69.76,0.0
5214,0.0400434227495941,0.076967410205813,118.98,69.76,0.0
5215,0.186702595588572,0.101125745453068,136.75,69.76,0.0
5216,0.271097173108808,0.0438123137832065,113.97,69.76,0.0
5217,0.30020109795357,0.0,102.83,69.76,0.0
5218,0.310410167891357,0.0,74.5,69.76,0.0
5219,0.176056491784678,0.0465620181017956,64.3,69.76,0.0
5220,0.134423048880223,0.0,57.12,69.76,0.0
5221,0.23148258731074,0.0,42.05,69.76,0.0
5222,0.193270869850972,0.0,36.35,69.76,0.0
5223,0.283510778803903,0.0,51.43,69.76,0.0
5224,0.254292706339116,0.0,70.1,69.76,0.0
5225,0.0808855861972117,0.0286891587649032,85.4,69.76,0.0
5226,0.0396041627107348,0.0597117867906576,108.97,69.76,0.0
5227,0.0058204958714968,0.12077972398902,152.76,69.76,0.0
5228,0.0,0.127644016767519,250.01,69.76,0.0
5229,0.0,0.166685540280636,170.93,69.76,0.0
5230,0.0,0.203929492677881,120.3,69.76,0.0
5231,0.0,0.252182011633521,102.92,69.76,0.0
5232,0.0,0.409980798285126,103.09,69.76,0.0
5233,0.0,0.525816947817895,95.57,69.76,0.0
5234,0.0,0.623138097670952,89.24,69.76,0.0
5235,0.0,0.455694253703244,85.24,69.76,0.0
5236,0.0,0.289458039800202,85.76,69.76,0.0
5237,0.0029909663179032,0.0952832526361345,95.77,69.76,0.0
5238,0.0201724219851399,0.0286891587649032,123.86,69.76,0.0
5239,0.0507661530894381,0.0065620181017956,126.04,69.76,0.0
5240,0.156498209305914,0.0745949750565193,85.29,69.76,0.0
5241,0.358737227980787,0.259557938713876,74.51,69.76,0.0
5242,0.205502223093725,0.381328214959214,36.04,69.76,0.0
5243,0.281953661449741,0.602799153812142,21.43,69.76,0.0
5244,0.315902353916993,0.530017373724117,15.86,69.76,0.0
5245,0.222513105628827,0.602399089441869,2.95,69.76,0.0
5246,0.139464561093532,0.362304705748172,4.79,69.76,0.0
5247,0.273435226827979,0.200534429502833,19.44,69.76,0.0
5248,0.390343763541417,0.129846151923218,39.71,69.76,0.0
5249,0.185773392878642,0.198775277440563,82.19,69.76,0.0
5250,0.0322309411667354,0.135965186931585,106.29,69.76,0.0
5251,0.0048649498527015,0.275331780322383,174.58,69.76,0.0
5252,0.0,0.256984877673046,230.85,69.76,0.0
5253,0.0,0.388207584755494,170.45,69.76,0.0
5254,0.0,0.447476388452723,118.54,69.76,0.0
5255,0.0,0.505722564124197,100.03,69.76,0.0
5256,0.0,0.569326986924398,91.39,69.76,0.0
5257,0.0,0.599654994086372,83.24,69.76,0.0
5258,0.0,0.640418266158579,79.29,69.76,0.0
5259,0.0,0.734169365687207,83.24,69.76,0.0
5260,0.0,0.68445757889655,86.43,69.76,0.0
5261,0.0062148789115643,0.626205059940911,104.36,69.76,0.0
5262,0.035255944125928,0.56827282996405,126.07,69.76,0.0
5263,0.0885470310792622,0.751610084884391,127.98,69.76,0.0
5264,0.0815139897729524,0.814366132487145,109.06,69.76,0.0
5265,0.113101023623103,0.814366132487145,88.91,69.76,0.0
5266,0.15909193703739,0.70100241076046,73.56,69.76,0.0
5267,0.213603698961441,0.78780411438535,62.49,69.76,0.0
5268,0.435778853748827,0.836358908017692,42.14,69.76,0.0
5269,0.559111886836796,0.853998143886308,35.05,69.76,0.0
5270,0.489849888403143,0.849403168829789,51.19,69.76,0.0
5271,0.510221823516787,0.801216363798283,69.28,69.76,0.0
5272,0.40719558328629,0.794366132487145,85.74,69.76,0.0
5273,0.245496536170972,0.75967511760855,105.2,69.76,0.0
5274,0.0896614789586305,0.564788992058396,106.41,69.76,0.0
5275,0.0121541942896131,0.44120258356027,119.75,69.76,0.0
5276,0.0,0.400514305980655,149.28,69.76,0.0
5277,0.0,0.280799941254314,134.25,69.76,0.0
5278,0.0,0.188369697850314,112.74,69.76,0.0
5279,0.0,0.160465778294406,102.78,69.76,0.0
5280,0.0,0.177053528881473,96.43,69.76,0.0
5281,0.0,0.165582590028545,88.06,69.76,0.0
5282,0.0,0.185268644333932,87.36,69.76,0.0
5283,0.0,0.213615546983268,88.06,69.76,0.0
5284,0.0,0.197367474576086,88.27,69.76,0.0
5285,0.0154474708543966,0.20493171595211,96.11,69.76,0.0
5286,0.0964474549393868,0.142772499519567,110.93,69.76,0.0
5287,0.145577949989917,0.0987212345343389,124.93,69.76,0.0
5288,0.137325484376156,0.0872760281666815,114.41,69.76,0.0
5289,0.164272055898374,0.178400945555561,106.84,69.76,0.0
5290,0.320284937978009,0.322373356956599,86.1,69.76,0.0
5291,0.294990856164087,0.488247097478779,71.6,69.76,0.0
5292,0.33436210111981,0.415811338854803,57.09,69.76,28060.0
5293,0.537648855066388,0.24299592061208,40.49,69.76,112240.0
5294,0.421734761240647,0.121156993158315,32.18,69.76,112240.0
5295,0.28970059154456,0.471045329483616,40.24,69.76,112240.0
5296,0.246411492067299,0.254372475771311,57.81,69.76,112240.0
5297,0.179378571169439,0.366456697711262,80.52,69.76,112240.0
5298,0.0738432849053552,0.276088709110425,101.92,69.76,112240.0
5299,0.0114498198212616,0.119435244599225,138.49,69.76,112240.0
5300,0.0,0.14077972398902,197.31,69.76,112240.0
5301,0.0,0.146685540280636,135.0,69.76,112240.0
5302,0.0,0.15077972398902,102.0,69.76,112240.0
5303,0.0,0.107964305746297,93.56,69.76,112240.0
5304,0.0,0.0838380462684771,103.71,69.76,112240.0
5305,0.0,0.0859715302157498,83.92,69.76,0.0
5306,0.0,0.144580366754316,67.34,69.76,0.0
5307,0.0,0.165582590028545,64.3,69.76,0.0
5308,0.0,0.15803001967043,53.31,69.76,0.0
5309,0.0061928276411098,0.277673155252661,64.36,69.76,0.0
5310,0.0357774195949772,0.170497854063842,80.0,69.76,0.0
5311,0.201429774295281,0.0842060348693143,88.41,69.76,0.0
5312,0.203153107654197,0.0606882775796153,59.4,69.76,0.0
5313,0.41016405215902,0.180848375197446,31.31,69.76,0.0
5314,0.207815747091133,0.124274686077741,8.98,69.76,0.0
5315,0.148524710688402,0.134274686077741,0.6,70.285,0.0
5316,0.38202745907827,0.183284133821423,-0.03,70.46,0.0
5317,0.250228562628739,0.169846151923218,-0.16,70.46,0.0
5318,0.184309764734432,0.371685079376983,-0.8,70.46,0.0
5319,0.184309747318275,0.401685079376983,-0.11,70.46,0.0
5320,0.237028013350776,0.384366132487145,-0.01,70.46,0.0
5321,0.182212506182175,0.241147712589857,2.55,70.46,0.0
5322,0.0804258515030506,0.329144094105589,41.78,70.46,0.0
5323,0.0107458217018224,0.423350128974903,81.04,70.46,0.0
5324,0.0,0.435797558616789,124.97,70.46,0.0
5325,0.0,0.275994325416727,118.05,70.46,0.0
5326,0.0,0.261547776960129,113.46,70.46,0.0
5327,0.0,0.172927269403653,93.23,70.46,0.0
5328,0.0,0.147341742090815,85.09,70.46,0.0
5329,0.0,0.0718452707379302,92.13,70.46,0.0
5330,0.0,0.0306882775796152,87.28,70.46,0.0
5331,0.0,0.0275642413760239,84.67,70.46,0.0
5332,0.0,0.01,82.93,70.46,0.0
5333,0.0078162387072055,0.0345949750565193,85.52,70.46,0.0
5334,0.0502303329288542,0.0894095121139541,88.68,70.46,0.0
5335,0.102697378355383,0.0382525189556392,76.01,70.46,0.0
5336,0.125519222788125,0.0365620181017956,31.86,70.46,0.0
5337,0.183479059223758,0.0370307336804953,0.2,70.46,0.0
5338,0.279383585245655,0.01,-3.0,70.46,0.0
5339,0.165316336092088,0.365811338854803,-12.2,70.46,0.0
5340,0.152627524172393,0.267778381900079,-22.49,70.46,0.0
5341,0.141190339716526,0.255342623276103,-40.77,70.46,0.0
5342,0.216482505471836,0.35365212242226,-40.09,70.46,0.0
5343,0.389408281044128,0.452399089441869,-29.67,70.46,0.0
5344,0.350636481013283,0.543455355622321,-8.2,70.46,0.0
5345,0.160642471818336,0.450582957189082,0.07,70.46,0.0
5346,0.0827553367472277,0.470983021559354,48.84,70.46,0.0
5347,0.0103690669798401,0.384427346741724,106.55,70.46,0.0
5348,0.0,0.257107571787697,125.43,70.46,0.0
5349,0.0,0.224303824562884,133.0,70.46,0.0
5350,0.0,0.210177565085064,117.85,70.46,0.0
5351,0.0,0.241868065938908,106.64,70.46,0.0
5352,0.0,0.314272576857637,106.71,70.46,0.0
5353,0.0,0.252896021698406,104.17,70.46,0.0
5354,0.0,0.163241215098266,99.96,70.46,0.0
5355,0.0,0.120091446409404,95.14,70.46,0.0
5356,0.0,0.0984009455555608,96.49,70.46,0.0
5357,0.0128175554433357,0.0538059704990415,114.97,70.46,0.0
5358,0.0879704110912039,0.0438059704990415,106.44,70.46,0.0
5359,0.235952102507502,0.0523787784334588,71.02,70.46,0.0
5360,0.394732832770348,0.03,27.8,70.46,0.0
5361,0.532495624610364,0.0286891587649032,0.0,70.46,0.0
5362,0.589155172559971,0.0265620181017956,-5.01,70.46,0.0
5363,0.597502429590748,0.03,-14.99,70.46,0.0
5364,0.627859188890529,0.0386891587649032,-32.04,70.46,0.0
5365,0.643007271544709,0.04,-59.96,70.46,0.0
5366,0.560301075818085,0.03,-50.09,70.46,0.0
5367,0.50454858014986,0.0080329569547236,-31.42,70.46,0.0
5368,0.38364090595963,0.0,-4.97,70.46,0.0
5369,0.225160635552442,0.0621592164325432,1.46,70.46,0.0
5370,0.0779410861483263,0.36569976892322,88.14,70.46,0.0
5371,0.0087036336367088,0.332582076003793,128.8,70.46,0.0
5372,0.0,0.261868065938908,137.18,70.46,0.0
5373,0.0,0.231179788359292,126.15,70.46,0.0
5374,0.0,0.231179788359292,109.99,70.46,0.0
5375,0.0,0.165363028027629,97.28,70.46,0.0
5376,0.0,0.1166534645112,104.98,70.46,0.0
5377,0.0,0.119089223135176,94.62,70.46,0.0
5378,0.0,0.1466534645112,85.3,70.46,0.0
5379,0.0,0.199803233200062,86.6,70.46,0.0
5380,0.0,0.269206402029851,88.85,70.46,0.0
5381,0.0123997641715204,0.281930373863169,114.54,70.46,0.0
5382,0.0893832204406365,0.314077919277803,153.82,70.46,0.0
5383,0.242104230794423,0.306541707093385,153.82,70.46,0.0
5384,0.403655604850943,0.0680329569547236,115.25,70.46,0.0
5385,0.542996733413677,0.0872439523972458,69.9,70.46,0.0
5386,0.641370433810796,0.227090104320464,40.12,70.46,0.0
5387,0.69895589473291,0.379249320753007,16.04,70.46,0.0
5388,0.701035595533993,0.408247097478779,10.06,70.46,0.0
5389,0.610090920156968,0.371685079376983,6.98,70.46,0.0
5390,0.466934484490624,0.371685079376983,13.8,70.46,0.0
5391,0.449609223548534,0.370708588588026,27.87,70.46,0.0
5392,0.396294360780217,0.442399089441869,48.65,70.46,0.0
5393,0.234408962078384,0.48792763656419,89.29,70.46,0.0
5394,0.0811308881039966,0.589697912809528,122.78,70.46,0.0
5395,0.0089558011330434,0.625816947817895,206.02,70.46,0.0
5396,0.0,0.6506572173606,224.84,70.46,0.0
5397,0.0,0.713112365185681,128.34,70.46,0.0
5398,0.0,0.668247191221895,106.88,70.46,0.0
5399,0.0,0.644860674294232,100.05,70.46,0.0
5400,0.0,0.670999098503704,99.64,70.46,0.0
5401,0.0,0.623144440955117,87.91,70.46,0.0
5402,0.0,0.610437655359684,86.6,70.46,0.0
5403,0.0,0.58928066220137,84.79,70.46,0.0
5404,0.0,0.585894145273706,84.76,70.46,0.0
5405,0.0119328379060214,0.65518233817204,101.37,70.46,0.0
5406,0.0916248005282997,0.635048613617438,125.66,70.46,0.0
5407,0.249170792048382,0.423463370658717,133.71,70.46,0.0
5408,0.413490538368214,0.237090104320464,117.89,70.46,0.0
5409,0.55413489235112,0.198400945555561,87.81,70.46,0.0
5410,0.631775065616877,0.179846151923218,66.67,70.46,0.0
5411,0.645204139001288,0.169846151923218,55.94,70.46,0.0
5412,0.654345731876799,0.181838927453765,43.01,70.46,0.0
5413,0.543648521166648,0.201838927453765,40.37,70.46,0.0
5414,0.507764932448452,0.20952586294444,47.96,70.46,0.0
5415,0.463154353834533,0.247090104320464,64.15,70.46,0.0
5416,0.374215344567136,0.257090104320464,86.0,70.46,0.0
5417,0.229279223932302,0.25080545647429,105.0,70.46,0.0
5418,0.0765100227879865,0.521733607063231,121.04,70.46,0.0
5419,0.0074802470567877,0.564512449866963,202.72,70.46,0.0
5420,0.0,0.682347718214444,205.35,70.46,0.0
5421,0.0,0.762004634034688,128.9,70.46,0.0
5422,0.0,0.712404698404961,111.48,70.46,0.0
5423,0.0,0.682321985729173,104.99,70.46,0.0
5424,0.0,0.736205153684026,87.73,70.46,0.0
5425,0.0,0.614834941808961,90.79,70.46,0.0
5426,0.0,0.590437655359685,87.73,70.46,0.0
5427,0.0,0.568304171412412,93.4,70.46,0.0
5428,0.0,0.542404698404961,93.6,70.46,0.0
5429,0.0097663668098109,0.568195726251353,107.1,70.46,0.0
5430,0.07981861482589,0.684413550879857,129.74,70.46,0.0
5431,0.224690721414823,0.367483825406572,136.62,70.46,0.0
5432,0.383705167853318,0.246433902510284,120.96,70.46,0.0
5433,0.523651694807497,0.246087881046236,108.79,70.46,0.0
5434,0.621763743913777,0.247879108877942,83.08,70.46,0.0
5435,0.660161283013208,0.229846151923218,77.24,70.46,0.0
5436,0.661575677513272,0.203284133821423,72.85,70.46,0.0
5437,0.640466072221479,0.199846151923218,75.38,70.46,0.0
5438,0.568814894735149,0.134274686077741,74.71,70.46,0.0
5439,0.498904475214008,0.106710444701717,81.74,70.46,0.0
5440,0.367851207660592,0.162815418242723,94.36,70.46,0.0
5441,0.209919852081039,0.444834848065845,105.59,70.46,0.0
5442,0.0670802696094383,0.365768420131647,111.48,70.46,0.0
5443,0.0056133492956225,0.43341878018333,161.41,70.46,0.0
5444,0.0,0.509270194220112,218.92,70.46,0.0
5445,0.0,0.662053989785125,148.7,70.46,0.0
5446,0.0,0.713114568148902,120.43,70.46,0.0
5447,0.0,0.667238624663501,109.95,70.46,0.0
5448,0.0,0.552693739678492,110.33,70.46,0.0
5449,0.0,0.525842680303165,109.66,70.46,0.0
5450,0.0,0.521690688340075,105.3,70.46,0.0
5451,0.0,0.444666297943745,94.74,70.46,0.0
5452,0.0,0.397170707776148,96.02,70.46,0.0
5453,0.0083297184997809,0.299137750821424,108.91,70.46,0.0
5454,0.074224399492326,0.52380137708637,119.75,70.46,0.0
5455,0.215863080369538,0.402852915489019,120.71,70.46,0.0
5456,0.374571728025503,0.173658465706425,114.97,70.46,0.0
5457,0.515813219245004,0.28365212242226,91.12,70.46,0.0
5458,0.615775594019142,0.237410393299242,59.1,70.46,0.0
5459,0.674355856172158,0.24952586294444,19.94,70.46,0.0
5460,0.689973358850065,0.24952586294444,9.86,70.46,0.0
5461,0.669741476952877,0.287879108877942,0.01,70.46,0.0
5462,0.609608188161972,0.26952586294444,-0.04,70.46,0.0
5463,0.502085092357981,0.267879108877942,4.25,70.46,0.0
5464,0.359433627093721,0.267090104320464,33.41,70.46,0.0
5465,0.201206945445417,0.322618651442785,77.26,70.46,0.0
5466,0.0616722349880395,0.485102937753009,119.93,70.46,0.0
5467,0.0045541108960997,0.472453960412282,142.51,70.46,0.0
5468,0.0,0.636874042062536,160.3,70.46,0.0
5469,0.0,0.782801356775362,140.84,70.46,0.0
5470,0.0,0.741053875731001,118.87,70.46,0.0
5471,0.0,0.694834941808961,94.94,70.46,0.0
5472,0.0,0.783885558404305,108.97,70.46,0.0
5473,0.0,0.720331413161846,86.78,70.46,0.0
5474,0.0,0.677870750116788,85.58,70.46,0.0
5475,0.0,0.700705370074385,85.83,70.46,0.0
5476,0.0,0.664217518400992,87.76,70.46,0.0
5477,0.0007512515133258,0.221554120244295,92.05,70.46,0.0
5478,0.0145115321629422,0.125343638826524,128.42,70.46,0.0
5479,0.0284370537484503,0.0894031688297891,134.91,70.46,0.0
5480,0.0442732759241739,0.16252720503338,124.83,70.46,0.0
5481,0.0678246278481892,0.0959651869315847,100.95,70.46,0.0
5482,0.0742717389068081,0.131770276245338,76.15,70.46,0.0
5483,0.0834321826820063,0.243650200688387,59.83,70.865,0.0
5484,0.133052406924026,0.271216363798284,50.68,71.0,0.0
5485,0.334902126665352,0.255431679236056,49.93,71.0,0.0
5486,0.48865905121242,0.179846151923218,47.57,71.0,0.0
5487,0.469988461213155,0.109377436344518,55.16,71.0,0.0
5488,0.370319202236676,0.0803679886008371,82.67,71.0,0.0
5489,0.210795146060799,0.119089223135176,103.76,71.0,0.0
5490,0.0655403398102005,0.132778842803732,134.92,71.0,0.0
5491,0.0047708769021095,0.0462738048924532,230.52,71.0,0.0
5492,0.0,0.0141262594778196,243.12,71.0,0.0
5493,0.0,0.0,171.83,71.0,0.0
5494,0.0,0.0,134.54,71.0,0.0
5495,0.0,0.0,116.17,71.0,0.0
5496,0.0,0.0,107.11,71.0,0.0
5497,0.0,0.0065620181017956,109.26,71.0,0.0
5498,0.0,0.0065620181017956,103.13,71.0,0.0
5499,0.0,0.0,101.82,71.0,0.0
5500,0.0,0.0065620181017956,110.59,71.0,0.0
5501,0.0027577182706597,0.0165620181017956,110.84,71.0,0.0
5502,0.0297956814241307,0.0462417291230175,106.7,71.0,0.0
5503,0.111217066258955,0.0784009455555608,103.97,71.0,0.0
5504,0.331198260563884,0.0423787784334588,103.43,71.0,0.0
5505,0.523491477775586,0.0365620181017956,84.0,71.0,0.0
5506,0.605773901572225,0.0570307336804953,69.49,71.0,0.0
5507,0.624966837225742,0.04,54.28,71.0,0.0
5508,0.610455885101428,0.04,46.93,71.0,0.0
5509,0.60622830382298,0.0286891587649032,40.71,71.0,0.0
5510,0.59077687953782,0.0180329569547236,39.43,71.0,0.0
5511,0.497713672333752,0.0,39.56,71.0,0.0
5512,0.365991317852926,0.0,59.09,71.0,0.0
5513,0.206960299339646,0.0,88.4,71.0,0.0
5514,0.0597187760947141,0.0134379818982043,119.68,71.0,0.0
5515,0.0036748167375145,0.326686727693435,140.56,71.0,0.0
5516,0.0,0.318931969058522,149.18,71.0,0.0
5517,0.0,0.237436125784513,126.98,71.0,0.0
5518,0.0,0.271642160653827,116.7,71.0,0.0
5519,0.0,0.464440392658664,105.82,71.0,0.0
5520,0.0,0.576156625997778,111.82,71.0,0.0
5521,0.0,0.543501305372887,112.8,71.0,0.0
5522,0.0,0.532767078042706,106.17,71.0,0.0
5523,0.0,0.446162141217754,106.22,71.0,0.0
5524,0.0,0.419920412094737,104.75,71.0,0.0
5525,0.0061684983924884,0.550357051904001,104.97,71.0,0.0
5526,0.0692379885879472,0.577921293280025,99.53,71.0,0.0
5527,0.219217046690625,0.630628078875458,95.2,71.0,0.0
5528,0.364501575328486,0.577161880299415,88.2,71.0,0.0
5529,0.510357850920693,0.536225652178668,82.32,71.0,0.0
5530,0.60985923273495,0.238399023821688,72.12,71.0,0.0
5531,0.650337055585053,0.137304338587635,72.52,71.0,0.0
5532,0.665652952672497,0.0611569931583149,66.03,71.0,0.0
5533,0.635601171578427,0.0945949750565193,33.64,71.0,0.0
5534,0.549271228618034,0.171838927453765,17.72,71.0,0.0
5535,0.420539441452991,0.287079261366743,51.28,71.0,0.0
5536,0.349060669482584,0.312261787025015,69.86,71.0,0.0
5537,0.198362710182855,0.272556343518523,82.39,71.0,0.0
5538,0.0584088310280401,0.261868065938908,93.85,71.0,0.0
5539,0.0031916059002421,0.29742151748231,109.93,71.0,0.0
5540,0.0,0.275774763415812,115.68,71.0,0.0
5541,0.0,0.411271234768697,109.83,71.0,0.0
5542,0.0,0.447858985355763,111.4,71.0,0.0
5543,0.0,0.390615032958517,99.45,71.0,0.0
5544,0.0,0.454734949152172,97.39,71.0,0.0
5545,0.0,0.369137750821424,90.1,71.0,0.0
5546,0.0,0.311893798424178,88.7,71.0,0.0
5547,0.0,0.248081484640972,84.86,71.0,0.0
5548,0.0,0.333672339687554,84.5,71.0,0.0
5549,0.0028550387743174,0.220517243264948,87.97,71.0,0.0
5550,0.0364551443180203,0.201205520844563,129.0,71.0,0.0
5551,0.164686587724437,0.0438380462684771,152.33,71.0,0.0
5552,0.325858790693959,0.0638380462684772,129.6,71.0,0.0
5553,0.487736734217768,0.251536652777062,112.58,71.0,0.0
5554,0.583971479504129,0.0772760281666815,96.9,71.0,0.0
5555,0.637133955994037,0.0503679886008371,89.74,71.0,0.0
5556,0.648432558458507,0.0065620181017956,84.38,71.0,0.0
5557,0.584195697359677,0.0,78.87,71.0,0.0
5558,0.509964794485146,0.01,80.21,71.0,0.0
5559,0.466788729879479,0.0470307336804953,79.9,71.0,0.0
5560,0.334576158435534,0.0745949750565193,84.05,71.0,0.0
5561,0.17889820844939,0.189803233200062,100.7,71.0,0.0
5562,0.0482715667386424,0.153215482612996,113.97,71.0,0.0
5563,0.0018922296854025,0.0555971983307476,200.0,71.0,0.0
5564,0.0,0.02,203.83,71.0,0.0
5565,0.0,0.0711506498741499,140.11,71.0,0.0
5566,0.0,0.0145949750565193,100.82,71.0,0.0
5567,0.0,0.0382525189556392,86.2,71.0,0.0
5568,0.0,0.0238059704990415,93.6,71.0,0.0
5569,0.0,0.0787212345343389,89.55,71.0,0.0
5570,0.0,0.789232134515122,88.5,71.0,0.0
5571,0.0,0.237053528881473,89.31,71.0,0.0
5572,0.0,0.23695280190361,86.19,71.0,0.0
5573,0.0029635487116581,0.326463040995427,89.97,71.0,0.0
5574,0.0459109679754362,0.409826028401039,123.06,71.0,0.0
5575,0.164079433683801,0.300928150588941,133.23,71.0,0.0
5576,0.345192776428927,0.152281910547194,122.97,71.0,0.0
5577,0.487957479446147,0.164274686077741,103.09,71.0,0.0
5578,0.589708195860592,0.211961621568416,75.01,71.0,0.0
5579,0.649164528546177,0.223284133821422,50.13,71.0,0.0
5580,0.672983317694206,0.31999457852314,37.69,71.0,0.0
5581,0.650963318142408,0.415097328789917,18.22,71.0,0.0
5582,0.584521306566225,0.407558819899164,20.36,71.0,0.0
5583,0.459510049007306,0.506247978664067,48.9,71.0,0.0
5584,0.25171673500901,0.381685079376983,82.15,71.0,0.0
5585,0.113808953155598,0.416801891111122,104.5,71.0,0.0
5586,0.0332984056704295,0.429937598332622,118.07,71.0,0.0
5587,0.0010669662095908,0.307490168690737,158.81,71.0,0.0
5588,0.0,0.261930373863169,154.71,71.0,0.0
5589,0.0,0.257367474576086,120.89,71.0,0.0
5590,0.0,0.230833766895244,103.82,71.0,0.0
5591,0.0,0.135965186931585,97.96,71.0,0.0
5592,0.0,0.0641262594778196,87.36,71.0,0.0
5593,0.0,0.0465620181017956,82.0,71.0,0.0
5594,0.0,0.0638059704990415,65.93,71.0,0.0
5595,0.0,0.0779643057462967,56.09,71.0,0.0
5596,0.0,0.0821592164325432,60.42,71.0,0.0
5597,0.0029114978397159,0.0752511768666988,59.95,71.0,0.0
5598,0.0380631749446868,0.0648145370574348,81.3,71.0,0.0
5599,0.116623704894225,0.0545949750565193,85.92,71.0,0.0
5600,0.286463197105884,0.0465620181017956,87.38,71.0,0.0
5601,0.288538397360425,0.02,53.16,71.0,0.0
5602,0.275336479624379,0.0,0.16,71.0,0.0
5603,0.326224136000302,0.0,-4.95,71.0,0.0
5604,0.296474566252341,0.01,-13.01,71.0,0.0
5605,0.217978052315147,0.0,-20.32,71.0,0.0
5606,0.211269466152487,0.0,-21.28,71.0,0.0
5607,0.357558363424263,0.0,-16.05,71.0,0.0
5608,0.30403154955984,0.0,-12.64,71.0,0.0
5609,0.164427390724004,0.0,2.01,71.0,0.0
5610,0.0417585102693805,0.0,67.26,71.0,0.0
5611,0.0011475184074514,0.0065620181017956,101.89,71.0,0.0
5612,0.0,0.0241262594778196,140.35,71.0,0.0
5613,0.0,0.035585527312838,130.96,71.0,0.0
5614,0.0,0.0772760281666815,103.42,71.0,0.0
5615,0.0,0.289451696516037,85.65,71.0,0.0
5616,0.0,0.35161091294858,78.94,71.0,0.0
5617,0.0,0.438386977831316,73.04,71.0,0.0
5618,0.0,0.155283252636135,80.46,71.0,0.0
5619,0.0,0.439949550579879,80.17,71.0,0.0
5620,0.0,0.33552312564546,70.23,71.0,0.0
5621,0.0042657354970626,0.342992983327787,85.42,71.0,0.0
5622,0.0647617145657298,0.319206402029851,99.95,71.0,0.0
5623,0.210567038076861,0.431651909937864,129.46,71.0,0.0
5624,0.330224408103386,0.618909736316239,113.05,71.0,0.0
5625,0.259740392804004,0.693745771794884,73.1,71.0,0.0
5626,0.538239753078981,0.626205059940911,14.8,71.0,0.0
5627,0.563540642324713,0.80780411438535,0.0,71.0,0.0
5628,0.467009610073835,0.831562385262332,-0.38,71.0,0.0
5629,0.480721888536603,0.704734121087983,-2.56,71.0,0.0
5630,0.480600198609469,0.823998143886308,-1.51,71.0,0.0
5631,0.394552153775546,0.80780411438535,-4.35,71.0,0.0
5632,0.289181382623015,0.788172102986187,-0.09,71.0,0.0
5633,0.179049466585785,0.538295625165027,24.89,71.0,46427.5
5634,0.0499872399202389,0.66998612601887,89.46,71.0,185710.0
5635,0.0012806485980082,0.692447617128117,112.74,71.0,185710.0
5636,0.0,0.570637828159495,111.5,71.0,185710.0
5637,0.0,0.626217012188168,109.99,71.0,46427.5
5638,0.0,0.618884003830969,95.48,71.0,0.0
5639,0.0,0.425797558616789,79.22,71.0,0.0
5640,0.0,0.647926902243116,51.9,71.0,0.0
5641,0.0,0.643092975984576,45.87,71.0,0.0
5642,0.0,0.561074467968759,38.51,71.0,0.0
5643,0.0,0.561665783918993,26.36,71.0,0.0
5644,0.0,0.763934820411626,26.48,71.0,0.0
5645,0.0042920501079847,0.718298656192436,30.59,71.0,0.0
5646,0.0687205725280252,0.657630595878115,64.22,71.0,0.0
5647,0.182893271977851,0.339215323249699,60.63,71.0,0.0
5648,0.37119709589224,0.237410393299242,43.64,71.0,0.0
5649,0.397791754068316,0.447581615100141,4.06,71.0,0.0
5650,0.412925105549452,0.506280054433502,-0.01,71.0,0.0
5651,0.379254972790867,0.558672894334322,-3.97,70.7975,0.0
5652,0.316181040354625,0.337176222996124,-9.54,70.73,0.0
5653,0.207812744829374,0.492085143747256,-15.32,70.73,0.0
5654,0.339230625751349,0.406525348919689,-16.55,70.73,0.0
5655,0.363844865444593,0.355086485836196,-10.15,70.73,0.0
5656,0.0715551759002189,0.2271221800899,-9.18,70.73,0.0
5657,0.0612377850852885,0.177053528881473,-0.03,70.73,0.0
5658,0.0199426744099451,0.103215482612996,50.2,70.73,0.0
5659,0.0001568478935529,0.0644942480786567,99.53,70.73,0.0
5660,0.0,0.0331497686888619,118.57,70.73,0.0
5661,0.0,0.0165620181017956,123.15,70.73,0.0
5662,0.0,0.0065620181017956,119.54,70.73,0.0
5663,0.0,0.0,100.5,70.73,100000.0
5664,0.0,0.0286891587649032,110.45,70.73,100000.0
5665,0.0,0.01,103.78,70.73,0.0
5666,0.0,0.0175642413760239,100.42,70.73,0.0
5667,0.0,0.0275642413760239,100.28,70.73,0.0
5668,0.0,0.0175642413760239,100.9,70.73,0.0
5669,0.0002256349831562,0.02,105.4,70.73,0.0
5670,0.0143454162348003,0.0180329569547236,101.02,70.73,0.0
5671,0.0408738547046702,0.0418389274537651,102.23,70.73,0.0
5672,0.100189404713203,0.0600603861903891,76.22,70.73,0.0
5673,0.0924691827630056,0.0131240362035913,15.0,70.73,0.0
5674,0.0831308554311647,0.0,-0.03,70.73,0.0
5675,0.084586069677833,0.0065620181017956,-6.85,70.73,0.0
5676,0.110342690284447,0.0065620181017956,-18.68,70.73,0.0
5677,0.0926438871918205,0.0065620181017956,-40.09,70.73,0.0
5678,0.103416932400703,0.0,-44.18,70.73,0.0
5679,0.193982457612738,0.0,-27.64,70.73,0.0
5680,0.173912376315008,0.0080329569547236,-8.15,70.73,0.0
5681,0.137211588953103,0.0375642413760239,-0.99,70.73,0.0
5682,0.0340718241879712,0.0862854759103628,71.68,70.73,0.0
5683,0.0002485839494683,0.1266534645112,91.52,70.73,0.0
5684,0.0,0.1266534645112,80.08,70.73,0.0
5685,0.0,0.1466534645112,68.91,70.73,0.0
5686,0.0,0.18424978165666,64.14,70.73,0.0
5687,0.0,0.316020057901998,50.0,70.73,0.0
5688,0.0,0.338179274334541,0.37,70.73,0.0
5689,0.0,0.408104279841949,-0.02,70.73,0.0
5690,0.0,0.3857371724264,-0.34,70.73,0.0
5691,0.0,0.525197321446706,-1.0,70.73,0.0
5692,0.0,0.419125892317283,-0.89,70.73,0.0
5693,0.0006122340933193,0.372333844233314,-0.42,70.73,0.0
5694,0.0154753290098771,0.370615032958517,-0.05,70.73,0.0
5695,0.0396695023029079,0.336525348919689,-0.01,70.73,0.0
5696,0.167561005816846,0.569923818094609,-0.01,70.73,0.0
5697,0.331120775485083,0.356142752016649,-1.39,70.73,0.0
5698,0.176900284258376,0.416517083901651,-6.07,70.73,0.0
5699,0.18144404504997,0.530651608397508,-10.1,70.73,0.0
5700,0.137079368836357,0.386801891111121,-15.5,70.73,0.0
5701,0.176618426372924,0.405454474437034,-20.01,70.73,0.0
5702,0.178854360135458,0.366551081404959,-19.83,70.73,0.0
5703,0.138110954948058,0.154962963657356,-10.15,70.73,0.0
5704,0.210826096108217,0.394760681637442,-5.01,70.73,0.0
5705,0.0984964809040789,0.190491510779677,1.0,70.73,0.0
5706,0.0088687473408565,0.436799781891017,87.04,70.73,0.0
5707,0.0,0.300208625304079,110.0,70.73,0.0
5708,0.0,0.125208258143543,119.45,70.73,0.0
5709,0.0,0.244303824562884,105.49,70.73,0.0
5710,0.0,0.515816947817895,99.7,70.73,0.0
5711,0.0,0.611659065662365,92.48,70.73,0.0
5712,0.0,0.646179046226293,92.75,70.73,0.0
5713,0.0,0.574069466773534,85.65,70.73,0.0
5714,0.0,0.639648650802207,80.94,70.73,0.0
5715,0.0,0.588966716506757,83.36,70.73,0.0
5716,0.0,0.690676606561706,82.43,70.73,0.0
5717,0.0009738795917024,0.703161627193003,83.48,70.73,0.0
5718,0.0243958856872445,0.598915251536215,113.11,70.73,0.0
5719,0.0724468329662223,0.560763459558439,153.69,70.73,0.0
5720,0.0760128463687848,0.743012372528892,130.97,70.73,0.0
5721,0.152410303533171,0.694788992058396,98.93,70.73,0.0
5722,0.122310682587184,0.78780411438535,77.0,70.73,0.0
5723,0.173618639252885,0.771321871675049,65.31,70.73,0.0
5724,0.1231850251435,0.498961107543665,23.07,70.73,0.0
5725,0.348346244316486,0.446456697711262,17.55,70.73,0.0
5726,0.257250254548159,0.567213626499304,42.88,70.73,0.0
5727,0.300985702585572,0.700651608397508,71.05,70.73,0.0
5728,0.339813397977483,0.672021820272574,88.0,70.73,0.0
5729,0.18186040411065,0.682447617128117,99.47,70.73,0.0
5730,0.0414971497691644,0.773481088107592,116.82,70.73,0.0
5731,0.0004292870398849,0.63650522539751,190.31,70.73,0.0
5732,0.0,0.483361799992813,231.06,70.73,0.0
5733,0.0,0.462359576718585,143.82,70.73,0.0
5734,0.0,0.33705059159718,110.86,70.73,0.0
5735,0.0,0.38707632408245,107.54,70.73,0.0
5736,0.0,0.439235540514993,98.41,70.73,0.0
5737,0.0,0.464726684134134,89.91,70.73,0.0
5738,0.0,0.45122831604554,86.45,70.73,0.0
5739,0.0,0.38707632408245,87.3,70.73,0.0
5740,0.0,0.352956407888796,89.1,70.73,0.0
5741,0.0012722468039125,0.264992102142499,100.16,70.73,0.0
5742,0.030473565166042,0.360200360286042,125.76,70.73,0.0
5743,0.178642339112775,0.416042853102975,137.99,70.73,0.0
5744,0.369464268067451,0.162213259338767,116.01,70.73,0.0
5745,0.494903526853886,0.207090104320464,89.94,70.73,0.0
5746,0.545851581305791,0.179846151923218,73.72,70.73,0.0
5747,0.66636483094024,0.180836704179537,29.13,70.73,0.0
5748,0.701958034146809,0.0880329569547236,5.07,70.73,0.0
5749,0.687209473976005,0.0880329569547236,1.18,70.73,0.0
5750,0.626842077583294,0.02,2.33,70.73,0.0
5751,0.516636659281326,0.0,23.45,70.73,0.0
5752,0.360591099698674,0.0,52.5,70.73,0.0
5753,0.182957421043159,0.0,88.71,70.73,0.0
5754,0.0400448421271743,0.0262417291230175,116.06,70.73,0.0
5755,0.0001819352521097,0.0438059704990415,232.25,70.73,0.0
5756,0.0,0.0944942480786567,217.92,70.73,0.0
5757,0.0,0.139089223135176,120.52,70.73,0.0
5758,0.0,0.207053528881473,105.21,70.73,0.0
5759,0.0,0.311893798424178,92.47,70.73,0.0
5760,0.0,0.557507448671738,90.47,70.73,0.0
5761,0.0,0.70411458845991,91.31,70.73,0.0
5762,0.0,0.755887801989541,87.48,70.73,0.0
5763,0.0,0.784951105153215,89.2,70.73,0.0
5764,0.0,0.796961066921648,91.74,70.73,0.0
5765,3.20024508021472e-06,0.787675076986534,92.35,70.73,0.0
5766,0.0127891580292436,0.789808560933806,114.99,70.73,0.0
5767,0.0384304096601979,0.60685465286143,128.57,70.73,0.0
5768,0.177674798356975,0.373273759583281,121.0,70.73,0.0
5769,0.206313571346424,0.435121795743125,105.4,70.73,0.0
5770,0.263557446920773,0.574704357648735,87.56,70.73,0.0
5771,0.117865843288732,0.389518425990591,68.78,70.73,0.0
5772,0.139443078224914,0.135683317006407,35.14,70.73,0.0
5773,0.124500057563238,0.141871003223201,10.4,70.73,0.0
5774,0.101971496487872,0.253955225163152,8.17,70.73,0.0
5775,0.0705570638380001,0.177367474576086,54.84,70.73,0.0
5776,0.0713259042856057,0.1166534645112,78.56,70.73,0.0
5777,0.0890151458353385,0.101088341949888,92.37,70.73,0.0
5778,0.0267727996278952,0.0744942480786567,111.57,70.73,0.0
5779,0.0,0.0521592164325432,201.91,70.73,0.0
5780,0.0,0.0306882775796152,204.03,70.73,0.0
5781,0.0,0.0403679886008371,124.84,70.73,0.0
5782,0.0,0.0503679886008371,111.76,70.73,0.0
5783,0.0,0.0175642413760239,99.7,70.73,0.0
5784,0.0,0.0065620181017956,93.53,70.73,0.0
5785,0.0,0.0096797110212218,93.98,70.73,0.0
5786,0.0,0.0,89.81,70.73,0.0
5787,0.0,0.0,88.68,70.73,0.0
5788,0.0,0.0080329569547236,89.37,70.73,0.0
5789,0.0006611129524269,0.0065620181017956,101.23,70.73,0.0
5790,0.0214371857025614,0.0141262594778196,125.46,70.73,0.0
5791,0.0930540699061169,0.0206882775796152,134.47,70.73,0.0
5792,0.198675324959392,0.0206882775796152,126.24,70.73,0.0
5793,0.222504560332104,0.0311569931583149,108.71,70.73,0.0
5794,0.430427208134912,0.0365620181017956,92.19,70.73,0.0
5795,0.577674806152628,0.0386891587649032,84.4,70.73,0.0
5796,0.462428928298826,0.0486891587649032,65.78,70.73,0.0
5797,0.430783936047651,0.0752511768666988,45.25,70.73,0.0
5798,0.399822401437437,0.0580329569547236,51.32,70.73,0.0
5799,0.327688435698987,0.0993774363445184,79.45,70.73,0.0
5800,0.297805759081155,0.15252720503338,90.15,70.73,0.0
5801,0.146824085805981,0.110091446409404,105.38,70.73,0.0
5802,0.0225750900290409,0.105965186931585,123.51,70.73,0.0
5803,0.0,0.119403168829789,227.49,70.73,0.0
5804,0.0,0.0721592164325432,289.27,70.73,0.0
5805,0.0,0.0682525189556392,169.09,70.73,0.0
5806,0.0,0.0838380462684771,125.0,70.73,0.0
5807,0.0,0.0838380462684771,110.1,70.73,0.0
5808,0.0,0.0297117867906576,109.88,70.73,0.0
5809,0.0,0.0206882775796152,100.3,70.73,0.0
5810,0.0,0.0131240362035913,93.53,70.73,0.0
5811,0.0,0.0065620181017956,93.28,70.73,0.0
5812,0.0,0.0,97.62,70.73,0.0
5813,0.0,0.100091446409404,107.37,70.73,0.0
5814,0.0096950216162713,0.177681420270699,136.83,70.73,0.0
5815,0.0665687863348146,0.0658424928169338,151.06,70.73,0.0
5816,0.124764982187487,0.03,133.55,70.73,0.0
5817,0.13942999084893,0.0270307336804953,113.7,70.73,0.0
5818,0.163438002680031,0.01,98.24,70.73,0.0
5819,0.175261630842144,0.01,89.95,70.235,0.0
5820,0.217319445817708,0.02,86.13,70.07,0.0
5821,0.235917508141414,0.0370307336804953,80.2,70.07,0.0
5822,0.163432995871181,0.0286891587649032,79.08,70.07,0.0
5823,0.213113228446914,0.0270307336804953,81.98,70.07,0.0
5824,0.198993704691129,0.0365620181017956,86.35,70.07,0.0
5825,0.0892148037212535,0.0180329569547236,101.96,70.07,0.0
5826,0.0063596584998661,0.0075642413760239,119.99,70.07,0.0
5827,0.0,0.0075642413760239,156.11,70.07,0.0
5828,0.0,0.0065620181017956,137.29,70.07,0.0
5829,0.0,0.0175642413760239,112.71,70.07,0.0
5830,0.0,0.0165620181017956,96.83,70.07,0.0
5831,0.0,0.0165620181017956,95.36,70.07,0.0
5832,0.0,0.0241262594778196,107.67,70.07,0.0
5833,0.0,0.0080329569547236,105.44,70.07,0.0
5834,0.0,0.0,102.06,70.07,0.0
5835,0.0,0.0,99.04,70.07,0.0
5836,0.0,0.0,96.65,70.07,0.0
5837,0.0006563281993728,0.0180329569547236,98.07,70.07,0.0
5838,0.0338299461444821,0.105965186931585,109.97,70.07,0.0
5839,0.139337351881332,0.106216824701936,110.75,70.07,0.0
5840,0.152452248504402,0.0470307336804953,109.97,70.07,0.0
5841,0.128972322772859,0.0665620181017956,84.92,70.07,0.0
5842,0.129337549511407,0.145251176866699,60.13,70.07,0.0
5843,0.103178390059861,0.154274686077741,18.34,70.07,0.0
5844,0.187697755113067,0.184930887887921,0.47,70.07,0.0
5845,0.440513055049222,0.213284133821422,-0.59,70.07,0.0
5846,0.4944129012815,0.317090104320464,-0.8,70.07,0.0
5847,0.393963705963528,0.336801891111121,2.55,70.07,0.0
5848,0.23842436381438,0.139089223135176,23.71,70.07,0.0
5849,0.125266010719991,0.302582076003793,80.02,70.07,0.0
5850,0.0205181489528901,0.302896021698407,117.3,70.07,0.0
5851,0.0,0.122901536918383,148.29,70.07,0.0
5852,0.0,0.104526323848092,126.78,70.07,0.0
5853,0.0,0.308141870831361,107.29,70.07,0.0
5854,0.0,0.397858985355763,99.85,70.07,0.0
5855,0.0,0.194592037772226,89.23,70.07,0.0
5856,0.0,0.15489431244893,93.76,70.07,0.0
5857,0.0,0.0894095121139541,85.98,70.07,0.0
5858,0.0,0.105182525658272,80.37,70.07,0.0
5859,0.0,0.169777500714791,80.14,70.07,0.0
5860,0.0,0.162927269403653,81.2,70.07,0.0
5861,0.0001316034069029,0.149121298904612,80.16,70.07,0.0
5862,0.0160785601296368,0.102847494012158,79.49,70.07,0.0
5863,0.0541526002860003,0.0886205075564763,73.1,70.07,0.0
5864,0.144053595314543,0.0769300067026328,60.63,70.07,0.0
5865,0.332223402717064,0.057564241376024,41.27,70.07,0.0
5866,0.141497672602527,0.03,12.73,70.07,0.0
5867,0.158592296579342,0.0762417291230175,-0.79,70.07,0.0
5868,0.262717499200146,0.139377436344519,-9.17,70.07,0.0
5869,0.520313990872619,0.172281910547194,-24.0,70.07,0.0
5870,0.575994997127025,0.0480329569547236,-19.94,70.07,100000.0
5871,0.475361229282763,0.154962963657356,-4.99,70.07,100000.0
5872,0.340905874763886,0.353363909212917,25.56,70.07,0.0
5873,0.168616212972211,0.143215482612996,78.28,70.07,0.0
5874,0.0302136803339879,0.0621592164325432,109.11,70.07,0.0
5875,0.0,0.0403679886008371,131.6,70.07,0.0
5876,0.0,0.0487212345343389,123.91,70.07,0.0
5877,0.0,0.0952832526361345,107.63,70.07,0.0
5878,0.0,0.170091446409404,102.02,70.07,0.0
5879,0.0,0.215676973722242,91.5,70.07,0.0
5880,0.0,0.29918066954458,91.24,70.07,0.0
5881,0.0,0.448886941115262,94.77,70.07,0.0
5882,0.0,0.519839902382169,92.39,70.07,0.0
5883,0.0,0.567878374556868,92.51,70.07,0.0
5884,0.0,0.597578302843385,91.59,70.07,0.0
5885,1.92272782147415e-05,0.662746579548064,101.52,70.07,0.0
5886,0.018738811286223,0.725199524409926,114.73,70.07,0.0
5887,0.117541913309551,0.654014314573773,134.95,70.07,0.0
5888,0.3192316488603,0.552114938434209,131.94,70.07,0.0
5889,0.469701610469743,0.374740464372148,122.64,70.07,0.0
5890,0.57354842919453,0.29299592061208,102.83,70.07,0.0
5891,0.627981872276453,0.284441126979737,90.82,70.07,0.0
5892,0.639700271046137,0.23886966113426,85.05,70.07,0.0
5893,0.581838696158535,0.277090104320464,81.19,70.07,0.0
5894,0.327630658780214,0.266087881046236,83.63,70.07,0.0
5895,0.240174203235276,0.161838927453765,88.24,70.07,0.0
5896,0.131669791347801,0.114962963657356,93.63,70.07,0.0
5897,0.0316806880835358,0.0738380462684772,112.88,70.07,0.0
5898,0.0047371342336764,0.095182525658272,137.78,70.07,0.0
5899,0.0,0.0820584894546807,255.4,70.07,0.0
5900,0.0,0.0652832526361345,212.06,70.07,0.0
5901,0.0,0.0497117867906576,131.9,70.07,0.0
5902,0.0,0.105965186931585,114.24,70.07,0.0
5903,0.0,0.107276028166682,103.84,70.07,0.0
5904,0.0,0.147655687785428,99.6,70.07,0.0
5905,0.0,0.0925272050333803,93.1,70.07,0.0
5906,0.0,0.0480329569547236,91.56,70.07,0.0
5907,0.0,0.0362417291230175,93.27,70.07,0.0
5908,0.0,0.0503679886008371,96.24,70.07,0.0
5909,0.0,0.0479322299768611,102.68,70.07,0.0
5910,0.0118600167003049,0.0572760281666815,137.21,70.07,0.0
5911,0.075077669157324,0.0238059704990415,151.06,70.07,0.0
5912,0.178427672926683,0.0286891587649032,133.95,70.07,0.0
5913,0.212763461526797,0.0265620181017956,115.98,70.07,0.0
5914,0.169252171208497,0.04,98.88,70.07,0.0
5915,0.386608889605992,0.03,90.02,70.07,0.0
5916,0.430843525348842,0.0480329569547236,84.8,70.07,0.0
5917,0.414297551124094,0.173284133821422,82.69,70.07,0.0
5918,0.47119399957085,0.24952586294444,84.13,70.07,0.0
5919,0.467738117742896,0.0980329569547236,86.67,70.07,0.0
5920,0.326227108308643,0.104274686077741,91.21,70.07,0.0
5921,0.143603561272448,0.0818389274537651,123.93,70.07,0.0
5922,0.0179901252643002,0.0679322299768611,300.01,70.07,0.0
5923,0.0,0.0538059704990415,656.37,70.07,0.0
5924,0.0,0.0744942480786567,520.32,70.07,0.0
5925,0.0,0.0516905008538435,216.97,70.07,0.0
5926,0.0,0.0241262594778196,133.2,70.07,0.0
5927,0.0,0.0141262594778196,117.56,70.07,0.0
5928,0.0,0.0175642413760239,108.17,70.07,0.0
5929,0.0,0.0241262594778196,101.02,70.07,0.0
5930,0.0,0.0275642413760239,99.03,70.07,0.0
5931,0.0,0.127276028166682,99.98,70.07,0.0
5932,0.0,0.238421162820855,99.06,70.07,0.0
5933,0.0,0.255485440912933,109.37,70.07,0.0
5934,0.0262055071296124,0.333886386468494,144.02,70.07,0.0
5935,0.139707246827543,0.41462612901865,181.16,70.07,0.0
5936,0.299955241379495,0.369958659285959,155.89,70.07,0.0
5937,0.452981428555349,0.134594975056519,125.29,70.07,0.0
5938,0.560758097310629,0.19886966113426,107.21,70.07,0.0
5939,0.610279656600306,0.20952586294444,96.06,70.07,0.0
5940,0.62316325545479,0.284120838000959,92.0,70.07,0.0
5941,0.608350281630047,0.354120838000959,90.49,70.07,0.0
5942,0.539699246629986,0.488929031774229,89.2,70.07,0.0
5943,0.427902406120834,0.425811338854803,92.72,70.07,0.0
5944,0.283411841577527,0.483087367021484,101.85,70.07,0.0
5945,0.122483147268155,0.454175708971372,123.97,70.07,0.0
5946,0.0144063044410734,0.365800495901082,155.7,70.07,100000.0
5947,0.0,0.466825514376288,320.07,70.07,100000.0
5948,0.0,0.27742151748231,189.23,70.07,100000.0
5949,0.0,0.27811613834609,130.42,70.07,100000.0
5950,0.0,0.369486350221156,108.59,70.07,100000.0
5951,0.0,0.43401542386731,99.58,70.07,100000.0
5952,0.0,0.276676259712177,101.27,70.07,100000.0
5953,0.0,0.128652583325912,94.6,70.07,115070.0
5954,0.0,0.111088341949888,90.0,70.07,115070.0
5955,0.0,0.0810562661804524,87.11,70.07,115070.0
5956,0.0,0.0497117867906576,80.92,70.07,115070.0
5957,7.92049508912944e-05,0.0587212345343389,84.7,70.07,115070.0
5958,0.0415994177303219,0.120097789693569,109.05,70.07,115070.0
5959,0.189562735531483,0.0638380462684772,113.6,70.07,115070.0
5960,0.367856439634831,0.119340860905527,119.04,70.07,115070.0
5961,0.457116179674238,0.0645949750565193,97.68,70.07,115070.0
5962,0.182481074281806,0.424120838000959,71.04,70.07,115070.0
5963,0.285646190906124,0.257410393299242,0.11,70.07,115070.0
5964,0.182501595368992,0.277558819899164,-3.05,70.07,115070.0
5965,0.209191256885895,0.491685079376983,-11.7,70.07,115070.0
5966,0.153797320554411,0.471685079376983,-19.68,70.07,115070.0
5967,0.164968704409166,0.592809996765862,-7.02,70.07,115070.0
5968,0.108918137496427,0.41964938512328,-0.01,70.07,115070.0
5969,0.0441760928390428,0.351616428168556,36.13,70.07,115070.0
5970,0.0052338967239097,0.520363395188166,84.95,70.07,115070.0
5971,0.0,0.350963632358249,99.74,70.07,86302.5
5972,0.0,0.479635604885266,92.93,70.07,0.0
5973,0.0,0.532353233434419,80.1,70.07,0.0
5974,0.0,0.445109281037174,80.03,70.07,0.0
5975,0.0,0.240865842664679,64.61,70.07,0.0
5976,0.0,0.194938059236275,64.79,70.07,0.0
5977,0.0,0.0569300067026328,61.0,70.07,0.0
5978,0.0,0.101744543760068,51.22,70.07,0.0
5979,0.0,0.167027796396202,48.58,70.07,0.0
5980,0.0,0.0979643057462967,57.75,70.07,0.0
5981,2.54737432894304e-06,0.0582525189556392,69.86,70.07,0.0
5982,0.0408393714620811,0.248430084040703,93.29,70.07,0.0
5983,0.190398939868831,0.361303310538132,119.48,70.07,0.0
5984,0.370232084922137,0.326328488376635,120.37,70.07,0.0
5985,0.508860186890391,0.209089223135176,100.09,70.07,0.0
5986,0.59128932332883,0.435491049876025,80.0,70.07,0.0
5987,0.33804046834708,0.370896074819505,59.51,67.7675,0.0
5988,0.330388585462375,0.447926808500001,31.54,67.0,0.0
5989,0.334896118365141,0.366801891111121,12.48,67.0,0.0
5990,0.197554665084608,0.590406313911322,14.53,67.0,0.0
5991,0.168433657299365,0.530406313911322,30.06,67.0,0.0
5992,0.12232229101369,0.352304705748172,71.18,67.0,0.0
5993,0.0458872520307945,0.405397494246516,87.56,67.0,0.0
5994,0.0031777656712532,0.327490996754926,100.27,67.0,0.0
5995,0.0,0.507481716186467,129.0,67.0,0.0
5996,0.0,0.584069466773534,136.49,67.0,0.0
5997,0.0,0.696279320112429,99.76,67.0,0.0
5998,0.0,0.799625855601229,95.36,67.0,0.0
5999,0.0,0.797164364491983,92.88,67.0,0.0
6000,0.0,0.745885599026322,102.47,67.0,0.0
6001,0.0,0.809600123115959,96.9,67.0,0.0
6002,0.0,0.738321357650298,96.3,67.0,0.0
6003,0.0,0.540288400695574,95.31,67.0,0.0
6004,0.0,0.756901883767911,98.29,67.0,0.0
6005,0.0,0.796190076666245,101.02,67.0,0.0
6006,0.0066866456616918,0.742475552576608,103.88,67.0,0.0
6007,0.0332500176538845,0.760078759841074,104.71,67.0,0.0
6008,0.0656647537386346,0.569265397697357,95.44,67.0,0.0
6009,0.0800622445491672,0.34569976892322,84.19,67.0,0.0
6010,0.0684737865338365,0.513361799992813,51.52,67.0,0.0
6011,0.0850448966646193,0.408113201061797,14.17,67.0,0.0
6012,0.110647732069652,0.693726382593778,5.48,67.0,0.0
6013,0.132347228232458,0.657639423354847,1.02,67.0,0.0
6014,0.126956028472912,0.4537756446011,0.44,67.0,0.0
6015,0.122369337607861,0.400582957189081,8.41,67.0,0.0
6016,0.125088931131552,0.409980798285126,49.62,67.0,0.0
6017,0.042477802358326,0.357465264269655,101.4,67.0,0.0
6018,0.0039278565448,0.356142752016649,128.57,67.0,0.0
6019,0.0,0.18077972398902,150.4,67.0,0.0
6020,0.0,0.0846207075417899,133.0,67.0,0.0
6021,0.0,0.108646240041747,101.9,67.0,0.0
6022,0.0,0.0438059704990415,92.32,67.0,0.0
6023,0.0,0.0406882775796153,89.24,67.0,0.0
6024,0.0,0.0331240362035913,93.91,67.0,0.0
6025,0.0,0.20627086760816,86.46,67.0,0.0
6026,0.0,0.323932898677753,83.68,67.0,0.0
6027,0.0,0.362642462194183,82.0,67.0,0.0
6028,0.0,0.23673958318686,82.39,67.0,0.0
6029,0.0,0.166685540280636,85.1,67.0,0.0
6030,0.0159488935445999,0.126216824701936,83.36,67.0,0.0
6031,0.0809199531695719,0.0618452707379302,82.07,67.0,0.0
6032,0.143720642569654,0.0703743318850022,76.73,67.0,0.0
6033,0.188391744572751,0.0580329569547236,40.58,67.0,0.0
6034,0.148612768209048,0.597319134376069,8.29,67.0,0.0
6035,0.188180415343696,0.723055291252049,0.44,67.0,0.0
6036,0.273034397562778,0.713055291252049,0.04,67.0,0.0
6037,0.387321192169447,0.669617309353844,0.01,67.0,0.0
6038,0.264486439776109,0.648961107543665,1.16,67.0,0.0
6039,0.14109258662497,0.590619532628072,3.17,67.0,0.0
6040,0.112423520163366,0.42964938512328,58.62,67.0,0.0
6041,0.0865598503428771,0.304985758858334,95.99,67.0,0.0
6042,0.0071599907846081,0.199708849506364,119.55,67.0,0.0
6043,0.0,0.118652583325912,124.15,67.0,0.0
6044,0.0,0.0648145370574348,128.12,67.0,0.0
6045,0.0,0.0316905008538435,117.2,67.0,0.0
6046,0.0,0.0141262594778196,105.8,67.0,0.0
6047,0.0,0.0,97.13,67.0,0.0
6048,0.0,0.0,86.41,67.0,0.0
6049,0.0,0.0,85.76,67.0,0.0
6050,0.0,0.02,84.1,67.0,0.0
6051,0.0,0.0280329569547236,82.03,67.0,0.0
6052,0.0,0.0065620181017956,85.11,67.0,0.0
6053,1.72620681510233e-05,0.0009764907889576,85.79,67.0,0.0
6054,0.0332367672220803,0.01,118.47,67.0,50000.0
6055,0.171882719239047,0.03,140.62,67.0,100000.0
6056,0.325466533260351,0.0586891587649032,159.57,67.0,50000.0
6057,0.484288346374349,0.0665620181017956,129.68,67.0,0.0
6058,0.577764956622393,0.0752511768666988,110.87,67.0,0.0
6059,0.630082077029834,0.0586891587649032,100.74,67.0,0.0
6060,0.639087534502658,0.04,94.98,67.0,0.0
6061,0.604073380583135,0.0945949750565193,89.17,67.0,0.0
6062,0.527866233244399,0.122815418242723,82.06,67.0,0.0
6063,0.401093867519327,0.180560161988104,83.98,67.0,0.0
6064,0.246063919646271,0.307761195662194,78.68,67.0,0.0
6065,0.083453798407237,0.377177051060313,92.8,67.0,0.0
6066,0.0055284744007586,0.404421003457559,113.15,67.0,0.0
6067,0.0,0.467790334147336,114.56,67.0,0.0
6068,0.0,0.589680726571642,111.53,67.0,0.0
6069,0.0,0.597976164250438,96.02,67.0,0.0
6070,0.0,0.656280148176618,87.94,67.0,0.0
6071,0.0,0.770136568095781,79.52,67.0,0.0
6072,0.0,0.746082365826259,67.34,67.0,0.0
6073,0.0,0.471008754044625,59.79,67.0,0.0
6074,0.0,0.353364737277106,61.47,67.0,0.0
6075,0.0,0.29265072721222,61.36,67.0,0.0
6076,0.0,0.39576290491167,67.3,67.0,0.0
6077,5.8469223752489e-10,0.533501305372887,80.92,67.0,0.0
6078,0.0139525805599154,0.692061614225205,103.12,67.0,0.0
6079,0.110533575316995,0.80079276990596,129.9,67.0,0.0
6080,0.127078810621231,0.701761542511722,114.94,67.0,0.0
6081,0.323724910765608,0.445487206408279,100.0,67.0,0.0
6082,0.530573468540795,0.418918188820508,59.92,67.0,0.0
6083,0.581309171471416,0.525177932245601,9.52,67.0,0.0
6084,0.590916822330282,0.297735463176923,0.04,67.0,0.0
6085,0.554856736770251,0.325054410066761,-0.07,67.0,0.0
6086,0.471131477030054,0.113866356689431,-0.16,67.0,0.0
6087,0.221818164719125,0.225965186931585,-0.04,67.0,0.0
6088,0.174421139112173,0.230177565085064,0.22,67.0,0.0
6089,0.0755092988757131,0.25501783462777,21.77,67.0,0.0
6090,0.0046761145550141,0.212832885709956,80.4,67.0,0.0
6091,0.0,0.167059872165638,92.91,67.0,0.0
6092,0.0,0.151148728140277,83.25,67.0,0.0
6093,0.0,0.0859715302157498,82.02,67.0,0.0
6094,0.0,0.0903679886008371,76.63,67.0,0.0
6095,0.0,0.0801484265999216,64.38,67.0,0.0
6096,0.0,0.312618651442785,40.0,67.0,0.0
6097,0.0,0.474440392658664,39.91,67.0,0.0
6098,0.0,0.424709216666901,32.99,67.0,0.0
6099,0.0,0.519968939780985,33.73,67.0,0.0
6100,0.0,0.489532299971721,38.93,67.0,0.0
6101,0.0,0.450577441969105,61.56,67.0,0.0
6102,0.0058293340819369,0.614466125143935,86.79,67.0,0.0
6103,0.0596001665889673,0.499501052266474,97.55,67.0,0.0
6104,0.0656943594230577,0.330960226358377,110.72,67.0,0.0
6105,0.0562698889874302,0.338178446270352,97.6,67.0,0.0
6106,0.0700447849421809,0.334077919277803,76.81,67.0,0.0
6107,0.14127945403948,0.450581035455209,67.51,67.0,0.0
6108,0.285100786663375,0.506925413289961,62.45,67.0,0.0
6109,0.142782209284069,0.580262668210303,63.85,67.0,0.0
6110,0.156533000709244,0.565145856476165,69.0,67.0,0.0
6111,0.0967795010285367,0.467144975290877,69.05,67.0,0.0
6112,0.0554576368339321,0.501019596998345,76.75,67.0,0.0
6113,0.018053772089683,0.222619666993205,101.39,67.0,0.0
6114,0.0008455212580113,0.356768721672002,115.14,67.0,0.0
6115,0.0,0.38467264122791,142.86,67.0,0.0
6116,0.0,0.30224239782391,138.36,67.0,0.0
6117,0.0,0.0644942480786567,115.14,67.0,0.0
6118,0.0,0.0441262594778196,102.97,67.0,0.0
6119,0.0,0.167436125784513,101.49,67.0,0.0
6120,0.0,0.129403168829789,90.06,67.0,0.0
6121,0.0,0.205676973722242,84.1,67.0,0.0
6122,0.0,0.368172931050376,83.93,67.0,0.0
6123,0.0,0.141838927453765,83.45,67.0,0.0
6124,0.0,0.35918066954458,85.02,67.0,0.0
6125,0.0,0.693483291070812,86.92,67.0,0.0
6126,0.0103797453750984,0.527972758250566,107.96,67.0,0.0
6127,0.0642299856570284,0.482487129851402,134.94,67.0,0.0
6128,0.197840094973198,0.47724635847055,135.94,67.0,0.0
6129,0.172165941435655,0.138400945555561,103.36,67.0,0.0
6130,0.600191345656558,0.277810457669515,85.0,67.0,0.0
6131,0.378764759246601,0.227778381900079,80.41,67.0,0.0
6132,0.602767687080848,0.164962963657356,78.62,67.0,0.0
6133,0.181834922361838,0.384366132487145,78.23,67.0,0.0
6134,0.124047728363211,0.0766160610080197,80.11,67.0,0.0
6135,0.360857140690503,0.178400945555561,84.93,67.0,0.0
6136,0.213358282584015,0.0545949750565193,91.67,67.0,0.0
6137,0.0896635749561272,0.167341742090815,109.74,67.0,0.0
6138,0.0048604281197856,0.182927269403653,145.19,67.0,0.0
6139,0.0,0.206051305607244,300.01,67.0,0.0
6140,0.0,0.0887212345343389,250.02,67.0,0.0
6141,0.0,0.103838046268477,125.0,67.0,0.0
6142,0.0,0.223897416908446,99.47,67.0,0.0
6143,0.0,0.246433902510284,92.04,67.0,0.0
6144,0.0,0.414115322780983,99.97,67.0,0.0
6145,0.0,0.283641279468539,91.52,67.0,0.0
6146,0.0,0.411193662340422,87.31,67.0,0.0
6147,0.0,0.405100359817326,86.76,67.0,0.0
6148,0.0,0.243549645572903,84.63,67.0,0.0
6149,0.0,0.128740623735444,87.92,67.0,0.0
6150,0.0260125054080636,0.047564241376024,100.49,67.0,0.0
6151,0.139278082342037,0.0310022232742283,119.96,67.0,0.0
6152,0.33152615935177,0.0,132.24,67.0,0.0
6153,0.490691087714875,0.0,116.24,67.0,0.0
6154,0.59291482161442,0.0,102.54,67.0,0.0
6155,0.452352657601059,0.01,94.99,65.4175,0.0
6156,0.484154063518904,0.01,88.55,64.89,0.0
6157,0.429743483079634,0.0165620181017956,77.5,64.89,0.0
6158,0.259199347356477,0.0565620181017957,66.96,64.89,0.0
6159,0.226580235398779,0.0586891587649032,72.2,64.89,0.0
6160,0.243073730308094,0.0887212345343389,74.3,64.89,0.0
6161,0.101265955065067,0.0613702118750654,79.85,64.89,0.0
6162,0.0052536574431259,0.0744942480786567,96.47,64.89,0.0
6163,0.0,0.0959651869315847,100.0,64.89,0.0
6164,0.0,0.174905983466839,94.25,64.89,0.0
6165,0.0,0.269212745314016,84.57,64.89,0.0
6166,0.0,0.605836337019,79.3,64.89,0.0
6167,0.0,0.694191785915722,60.99,64.89,0.0
6168,0.0,0.716576079569157,55.61,64.89,0.0
6169,0.0,0.762424087606066,50.01,64.89,0.0
6170,0.0,0.743135894707732,43.33,64.89,0.0
6171,0.0,0.782035881739935,45.18,64.89,0.0
6172,0.0,0.808229911240893,46.7,64.89,0.0
6173,0.0,0.835080142552031,44.27,64.89,0.0
6174,0.0051390853800182,0.862552937518651,55.35,64.89,0.0
6175,0.0321192224996091,0.840239873009326,65.0,64.89,0.0
6176,0.0902337318819338,0.869082879851011,75.54,64.89,0.0
6177,0.134696398758764,0.887243952397246,66.6,64.89,0.0
6178,0.0832411566822189,0.885276909351969,41.02,64.89,0.0
6179,0.0886032177637928,0.873529428307609,8.08,64.89,0.0
6180,0.0841350025805821,0.881838927453765,0.86,64.89,0.0
6181,0.0948529923386057,0.863998143886308,-0.06,64.89,0.0
6182,0.0749159020211166,0.881838927453765,-0.46,64.89,0.0
6183,0.0675841675568335,0.765448131152868,-0.07,64.89,0.0
6184,0.0461322437443318,0.600734789788875,9.54,64.89,0.0
6185,0.0127775647210114,0.824391864972416,65.09,64.89,0.0
6186,0.0002946753329841,0.573041511014035,94.39,64.89,0.0
6187,0.0,0.516165547217626,126.58,64.89,0.0
6188,0.0,0.491351010160191,117.85,64.89,0.0
6189,0.0,0.518915251536215,103.09,64.89,0.0
6190,0.0,0.441671299138969,93.75,64.89,0.0
6191,0.0,0.442359576718585,84.76,64.89,0.0
6192,0.0,0.471008754044625,78.11,64.89,0.0
6193,0.0,0.570605752390059,70.07,64.89,0.0
6194,0.0,0.609936864011549,66.6,64.89,0.0
6195,0.0,0.630386190389143,67.15,64.89,0.0
6196,0.0,0.569629261601101,63.66,64.89,0.0
6197,0.0,0.29292433211936,65.61,64.89,0.0
6198,0.0177355419593482,0.167027796396202,69.18,64.89,0.0
6199,0.142482709572143,0.146025573121974,85.42,64.89,0.0
6200,0.248466014843593,0.176339518816587,76.96,64.89,0.0
6201,0.355114831691471,0.400269011494468,54.07,64.89,0.0
6202,0.21754218565714,0.573142237991898,10.92,64.89,0.0
6203,0.138375168603211,0.471396866167641,0.07,64.89,0.0
6204,0.101602640288031,0.59685041879737,0.0,64.89,0.0
6205,0.23116586658273,0.210183908369229,-0.01,64.89,0.0
6206,0.259051462246582,0.675859866541051,-0.41,64.89,0.0
6207,0.0893390906375941,0.697895560794754,-0.27,64.89,0.0
6208,0.0968377103340987,0.641733607063231,19.7,64.89,0.0
6209,0.0425116301996165,0.605791215332624,82.25,64.89,0.0
6210,0.0012636111337409,0.406762378387837,112.8,64.89,0.0
6211,0.0,0.43892159482038,133.16,64.89,0.0
6212,0.0,0.469923818094609,123.6,64.89,0.0
6213,0.0,0.461916593625156,112.68,64.89,0.0
6214,0.0,0.35707632408245,107.11,64.89,0.0
6215,0.0,0.339832371685204,92.6,64.89,0.0
6216,0.0,0.166371594586023,92.99,64.89,0.0
6217,0.0,0.31745892098549,88.14,64.89,0.0
6218,0.0,0.384421003457559,87.26,64.89,0.0
6219,0.0,0.44122831604554,84.93,64.89,0.0
6220,0.0,0.389235540514993,84.34,64.89,0.0
6221,0.0,0.458452879241681,88.31,64.89,0.0
6222,0.017105583231014,0.587548445661022,110.97,64.89,0.0
6223,0.140683005795131,0.542742829823435,130.0,64.89,0.0
6224,0.326181991547288,0.544905639742081,146.06,64.89,0.0
6225,0.477887849651765,0.321685079376983,126.4,64.89,0.0
6226,0.585099767306219,0.405811338854803,112.63,64.89,0.0
6227,0.629790917277583,0.445491049876025,105.02,64.89,0.0
6228,0.6226303900818,0.483055291252049,96.02,64.89,0.0
6229,0.595206373361272,0.447490168690737,86.89,64.89,0.0
6230,0.539112831186279,0.376211403225076,80.86,64.89,0.0
6231,0.413822783791051,0.440983021559354,75.37,64.89,0.0
6232,0.247416445550644,0.341893798424178,76.3,64.89,0.0
6233,0.0720986029310024,0.255306047837112,86.98,64.89,0.0
6234,0.0016969110626353,0.401985244833583,107.87,64.89,0.0
6235,0.0,0.374395270972288,112.57,64.89,0.0
6236,0.0,0.370301087263904,109.01,64.89,0.0
6237,0.0,0.452987468107811,90.1,64.89,0.0
6238,0.0,0.711119589655135,78.81,64.89,0.0
6239,0.0,0.416168484501919,81.53,64.89,0.0
6240,0.0,0.45792763656419,85.54,64.89,0.0
6241,0.0,0.697609550548632,82.3,64.89,0.0
6242,0.0,0.76734927278778,80.51,64.89,0.0
6243,0.0,0.831981838833711,79.84,64.89,0.0
6244,0.0,0.721742153310616,80.04,64.89,0.0
6245,0.0,0.732078894206207,91.52,64.89,0.0
6246,0.010398092785029,0.634078387993382,108.32,64.89,0.0
6247,0.0820051180959926,0.54892159482038,133.94,64.89,0.0
6248,0.129189362578758,0.487613690869577,137.52,64.89,0.0
6249,0.289565972673909,0.315060753350926,108.91,64.89,0.0
6250,0.200074544658859,0.328492391964965,96.52,64.89,0.0
6251,0.247400812896914,0.381579852729565,82.39,64.89,0.0
6252,0.281176446939619,0.43205306797782,59.81,64.89,0.0
6253,0.326367909027707,0.435811338854803,41.77,64.89,0.0
6254,0.475942386862943,0.251536652777062,25.64,64.89,0.0
6255,0.415072299050418,0.139377436344519,44.44,64.89,0.0
6256,0.25959634343907,0.0738059704990415,74.29,64.89,0.0
6257,0.075822523003811,0.0579322299768611,93.5,64.89,0.0
6258,0.0014396427244177,0.0306882775796152,112.99,64.89,0.0
6259,0.0,0.0,132.53,64.89,0.0
6260,0.0,0.0065620181017956,111.24,64.89,0.0
6261,0.0,0.0175642413760239,96.12,64.89,0.0
6262,0.0,0.0987212345343389,89.94,64.89,0.0
6263,0.0,0.312958329622668,83.84,64.89,0.0
6264,0.0,0.652399183184985,85.16,64.89,0.0
6265,0.0,0.614757744353149,80.94,64.89,0.0
6266,0.0,0.607862391355635,83.71,64.89,0.0
6267,0.0,0.664172771687079,83.67,64.89,0.0
6268,0.0,0.635885599026321,82.51,64.89,0.0
6269,0.0,0.648664441830053,89.92,64.89,0.0
6270,0.0124241789550166,0.682816433793143,105.09,64.89,0.0
6271,0.122041800053006,0.628544325651085,141.92,64.89,0.0
6272,0.315022062148645,0.627213626499304,133.07,64.89,0.0
6273,0.393778496277849,0.54964938512328,102.44,64.89,0.0
6274,0.262678139258005,0.629617309353844,79.0,64.89,0.0
6275,0.130563368425612,0.708961107543665,55.32,64.89,0.0
6276,0.155996807686265,0.64827282996405,5.49,64.89,0.0
6277,0.175659472342226,0.576919070005797,0.0,64.89,0.0
6278,0.168477995887979,0.543455355622321,-0.09,64.89,0.0
6279,0.0599092296185594,0.436211403225076,1.04,64.89,0.0
6280,0.0519601104527711,0.491019596998345,40.05,64.89,0.0
6281,0.0203064889321519,0.518915251536215,87.52,64.89,0.0
6282,0.0001021026481568,0.559015978514078,113.91,64.89,0.0
6283,0.0,0.475552264130603,129.92,64.89,0.0
6284,0.0,0.454107057762946,108.2,64.89,0.0
6285,0.0,0.37120258356027,93.25,64.89,0.0
6286,0.0,0.366768721672002,89.92,64.89,0.0
6287,0.0,0.447520135240068,79.49,64.89,0.0
6288,0.0,0.289118361620318,76.4,64.89,0.0
6289,0.0,0.257427860766475,77.53,64.89,0.0
6290,0.0,0.330494916779549,78.03,64.89,0.0
6291,0.0,0.210177565085064,77.35,64.89,0.0
6292,0.0,0.330582957189081,79.26,64.89,0.0
6293,0.0,0.303261432363561,89.99,64.89,0.0
6294,0.0031625946480143,0.453617562460257,113.47,64.89,0.0
6295,0.0314323117365794,0.373232762593997,143.24,64.89,0.0
6296,0.0738944853832782,0.438421631536434,124.12,64.89,0.0
6297,0.114032748975862,0.522347718214444,97.64,64.89,0.0
6298,0.093199607215897,0.665491049876025,74.81,64.89,0.0
6299,0.385122835647513,0.611019596998346,50.41,64.89,0.0
6300,0.190108913970407,0.440337662702895,4.97,64.89,0.0
6301,0.153638232810786,0.512741345557436,-0.06,64.89,0.0
6302,0.156036917265247,0.442741345557436,-0.09,64.89,0.0
6303,0.0965204650515881,0.346801891111122,10.91,64.89,0.0
6304,0.052888495028378,0.261590695683286,58.55,64.89,0.0
6305,0.0246954734531804,0.475483612922176,91.05,64.89,0.0
6306,8.71373984003331e-05,0.459949550579879,114.53,64.89,0.0
6307,0.0,0.344734949152172,134.3,64.89,0.0
6308,0.0,0.429575218694877,113.5,64.89,0.0
6309,0.0,0.301236581063578,91.1,64.89,0.0
6310,0.0,0.521716420825346,88.97,64.89,0.0
6311,0.0,0.44603650981881,78.87,64.89,0.0
6312,0.0,0.465442615932892,72.61,64.89,0.0
6313,0.0,0.406847840861687,74.04,64.89,0.0
6314,0.0,0.456476086912367,73.42,64.89,0.0
6315,0.0,0.390582957189081,73.17,64.89,0.0
6316,0.0,0.663769301316935,74.52,64.89,0.0
6317,0.0,0.696599609091207,89.09,64.89,0.0
6318,0.0162352121930226,0.686187873703025,108.06,64.89,0.0
6319,0.149866454612773,0.818963310506885,141.45,64.89,0.0
6320,0.306927090239375,0.760619626371188,108.6,64.89,0.0
6321,0.175200002889079,0.761664955854804,88.92,64.89,0.0
6322,0.488100420573711,0.566611467595348,62.05,64.89,0.0
6323,0.267941307974248,0.24983788690518,24.69,63.6075,0.0
6324,0.142225481201103,0.331685079376983,8.24,63.18,0.0
6325,0.15508358595171,0.509329096144502,-0.01,63.18,0.0
6326,0.179729389992641,0.374307230562755,0.07,63.18,0.0
6327,0.083125369504507,0.39707632408245,7.56,63.18,0.0
6328,0.0361018599980769,0.510983021559354,43.68,63.18,0.0
6329,0.0097441317382568,0.459600951180148,84.12,63.18,0.0
6330,0.0,0.558524936449979,106.01,63.18,0.0
6331,0.0,0.627533181157009,145.72,63.18,0.0
6332,0.0,0.61616003199765,108.84,63.18,0.0
6333,0.0,0.638570058136355,91.07,63.18,0.0
6334,0.0,0.645514673141191,87.8,63.18,0.0
6335,0.0,0.625226459931849,87.08,63.18,0.0
6336,0.0,0.639572281410584,88.29,63.18,0.0
6337,0.0,0.681788478033644,85.3,63.18,0.0
6338,0.0,0.707824800366223,82.0,63.18,0.0
6339,0.0,0.775568341074952,82.19,63.18,0.0
6340,0.0,0.79343485712768,86.38,63.18,0.0
6341,0.0,0.783081117480435,89.48,63.18,0.0
6342,0.0020990178988136,0.757478403929711,99.69,63.18,0.0
6343,0.0237702406425827,0.714506934646987,97.76,63.18,0.0
6344,0.116994717767523,0.761382898443396,85.3,63.18,0.0
6345,0.321072468551605,0.730909042617183,60.99,63.18,0.0
6346,0.24679441747815,0.683769301316935,22.0,63.18,0.0
6347,0.40618350250949,0.676205059940911,3.15,63.18,0.0
6348,0.432340747526298,0.740953883074212,0.0,63.18,0.0
6349,0.212158562483686,0.641019596998345,-3.36,63.18,0.0
6350,0.143768857448577,0.677639423354847,-3.95,63.18,0.0
6351,0.160418277325166,0.599329924208691,1.09,63.18,0.0
6352,0.0511156562164046,0.533381189193919,47.26,63.18,0.0
6353,0.0099368059470177,0.489923818094609,97.19,63.18,0.0
6354,0.0,0.42892159482038,127.5,63.18,0.0
6355,0.0,0.474043734288263,141.99,63.18,0.0
6356,0.0,0.53237896591969,112.5,63.18,0.0
6357,0.0,0.473387532478084,95.93,63.18,0.0
6358,0.0,0.32707632408245,93.6,63.18,0.0
6359,0.0,0.0820584894546807,88.3,63.18,0.0
6360,0.0,0.0365877505870663,97.73,63.18,0.0
6361,0.0,0.0075642413760239,90.05,63.18,0.0
6362,0.0,0.0280329569547236,89.99,63.18,0.0
6363,0.0,0.0331497686888619,89.5,63.18,0.0
6364,0.0,0.155965186931585,90.75,63.18,0.0
6365,0.0,0.0441262594778196,90.65,63.18,0.0
6366,0.0014276362140017,0.329546080209735,94.88,63.18,0.0
6367,0.0198603337182265,0.158400945555561,97.31,63.18,0.0
6368,0.0514929997576866,0.225431679236056,86.48,63.18,0.0
6369,0.125036162958073,0.30365212242226,62.79,63.18,0.0
6370,0.339697595438588,0.485811338854803,26.17,63.18,0.0
6371,0.632601509330229,0.606280054433503,11.13,63.18,0.0
6372,0.580347355665822,0.465811338854803,7.69,63.18,0.0
6373,0.340579108667577,0.414834848065845,-0.08,63.18,0.0
6374,0.258907833398041,0.616205059940911,0.01,63.18,0.0
6375,0.42196850887273,0.4537756446011,9.66,63.18,0.0
6376,0.249658560709883,0.48930419172342,61.6,63.18,0.0
6377,0.0614944204850536,0.488259049726036,106.27,63.18,0.0
6378,0.0,0.418233317240765,132.23,63.18,0.0
6379,0.0,0.258430084040703,157.18,63.18,0.0
6380,0.0,0.129121298904612,126.11,63.18,0.0
6381,0.0,0.0331497686888619,109.54,63.18,0.0
6382,0.0,0.0362417291230175,98.72,63.18,0.0
6383,0.0,0.0441262594778196,92.0,63.18,0.0
6384,0.0,0.0745949750565193,90.8,63.18,0.0
6385,0.0,0.0769300067026328,84.08,63.18,0.0
6386,0.0,0.0441262594778196,85.2,63.18,0.0
6387,0.0,0.0907140100648858,87.15,63.18,0.0
6388,0.0,0.0962854759103628,86.93,63.18,0.0
6389,0.0,0.113215482612996,97.3,63.18,0.0
6390,0.0141693402845509,0.0406882775796153,133.4,63.18,0.0
6391,0.137290623302081,0.0955651225613119,203.73,63.18,0.0
6392,0.3285667624043,0.0458737405221804,151.33,63.18,0.0
6393,0.490870510298951,0.01,109.99,63.18,0.0
6394,0.441265794358214,0.0065620181017956,94.66,63.18,0.0
6395,0.32568146663002,0.0165620181017956,80.16,63.18,0.0
6396,0.325083561625773,0.01,78.94,63.18,0.0
6397,0.424418887554039,0.01,76.55,63.18,0.0
6398,0.386453210829978,0.01,76.77,63.18,0.0
6399,0.290849379616925,0.0096797110212218,80.98,63.18,0.0
6400,0.196620865334796,0.01,102.25,63.18,0.0
6401,0.0314156210826548,0.01,136.01,63.18,0.0
6402,0.0,0.0345949750565193,240.26,63.18,0.0
6403,0.0,0.116967410205813,328.39,63.18,0.0
6404,0.0,0.432570217499652,178.64,63.18,0.0
6405,0.0,0.565226459931849,116.71,63.18,0.0
6406,0.0,0.461731685329359,100.93,63.18,0.0
6407,0.0,0.416454775977389,91.54,63.18,0.0
6408,0.0,0.499644526105114,88.2,63.18,0.0
6409,0.0,0.420957289074084,82.51,63.18,0.0
6410,0.0,0.672014383318725,83.69,63.18,0.0
6411,0.0,0.818068798072641,85.02,63.18,0.0
6412,0.0,0.778540919651213,83.26,63.18,0.0
6413,0.0,0.802324094949277,88.29,63.18,0.0
6414,0.0014178802788701,0.659297848439255,110.75,63.18,0.0
6415,0.01845797947252,0.868124403364128,141.96,63.18,0.0
6416,0.0558008702560847,0.865965186931585,127.4,63.18,0.0
6417,0.149773061048575,0.88068193429545,106.02,63.18,0.0
6418,0.0921364523799141,0.861747481044361,92.61,63.18,0.0
6419,0.0994464980107772,0.852552937518651,83.87,63.18,0.0
6420,0.0930739924089924,0.885597198330748,75.75,63.18,0.0
6421,0.0643648132662463,0.810953883074212,68.99,63.18,0.0
6422,0.0525866571840097,0.791642160653827,61.59,63.18,0.0
6423,0.0454109692840466,0.805080142552031,74.94,63.18,0.0
6424,0.0273980131177463,0.827515901176007,83.27,63.18,0.0
6425,0.0043138391976131,0.776456697711262,104.04,63.18,0.0
6426,0.0,0.840853156096349,119.05,63.18,0.0
6427,0.0,0.749749377780069,124.13,63.18,0.0
6428,0.0,0.789232134515122,101.7,63.18,0.0
6429,0.0,0.785794152616917,80.44,63.18,0.0
6430,0.0,0.734440392658664,74.48,63.18,0.0
6431,0.0,0.684840457028937,60.58,63.18,0.0
6432,0.0,0.734120103679886,51.48,63.18,0.0
6433,0.0,0.673875637257889,42.18,63.18,0.0
6434,0.0,0.686556690368051,39.2,63.18,0.0
6435,0.0,0.733826375250567,39.45,63.18,0.0
6436,0.0,0.796550347083886,54.77,63.18,0.0
6437,0.0,0.746448245206993,63.95,63.18,0.0
6438,0.0009791817339218,0.709597185831665,78.34,63.18,0.0
6439,0.0178052944785077,0.581737013063103,83.77,63.18,0.0
6440,0.0454897346185758,0.588583838374369,88.15,63.18,0.0
6441,0.0721008050002032,0.496136408732484,70.32,63.18,0.0
6442,0.105085303224039,0.45030558693346,49.46,63.18,0.0
6443,0.19242989937342,0.46339304769806,25.24,63.18,0.0
6444,0.179019589472569,0.439260444936075,19.1,63.18,0.0
6445,0.0964114967048161,0.386430965225991,18.78,63.18,0.0
6446,0.082153132906709,0.387490168690737,55.53,63.18,0.0
6447,0.0589174629540695,0.31511479625715,72.23,63.18,200002.5
6448,0.0281682852379082,0.330926228855068,89.69,63.18,266670.0
6449,0.004996376786222,0.509295926705383,107.85,63.18,266670.0
6450,0.0,0.557907513042011,156.2,63.18,266670.0
6451,0.0,0.540220577551336,195.42,63.18,200002.5
6452,0.0,0.652720847062794,131.84,63.18,0.0
6453,0.0,0.61721372024242,96.61,63.18,0.0
6454,0.0,0.476756863167861,91.64,63.18,0.0
6455,0.0,0.492944549384655,82.22,63.18,0.0
6456,0.0,0.40120258356027,66.02,63.18,0.0
6457,0.0,0.475102937753009,58.78,63.18,0.0
6458,0.0,0.325331780322383,52.34,63.18,0.0
6459,0.0,0.465102937753009,49.87,63.18,0.0
6460,0.0,0.500971163055213,45.53,63.18,0.0
6461,0.0,0.428886941115262,49.71,63.18,0.0
6462,0.0009872659675196,0.594411347916637,72.03,63.18,0.0
6463,0.0173536153928289,0.441197068340294,85.2,63.18,0.0
6464,0.0373251325823074,0.489609872399996,83.4,63.18,0.0
6465,0.0497293376512937,0.273998143886308,67.33,63.18,0.0
6466,0.0723969671562612,0.463401968917907,49.23,63.18,0.0
6467,0.105324931250474,0.444061936076569,31.62,63.18,0.0
6468,0.0935197439737375,0.244721075171042,17.0,63.18,0.0
6469,0.0877398450109638,0.227496511974902,12.08,63.18,0.0
6470,0.120942015040581,0.234654345696488,12.68,63.18,0.0
6471,0.0986412558515222,0.209089223135176,37.9,63.18,0.0
6472,0.0356561846688089,0.254297481278719,54.91,63.18,0.0
6473,0.0063650536414464,0.386388046502835,73.65,63.18,0.0
6474,0.0,0.431985244833583,80.0,63.18,0.0
6475,0.0,0.429235540514993,89.0,63.18,0.0
6476,0.0,0.532699254898468,78.93,63.18,0.0
6477,0.0,0.503381189193919,62.84,63.18,0.0
6478,0.0,0.340615032958517,53.72,63.18,0.0
6479,0.0,0.507827737650516,36.3,63.18,0.0
6480,0.0,0.481319762454945,-0.06,63.18,0.0
6481,0.0,0.458792557421564,0.04,63.18,0.0
6482,0.0,0.531222800825564,-0.01,63.18,0.0
6483,0.0,0.511665783918993,-0.59,63.18,0.0
6484,0.0,0.465066362314017,-0.2,63.18,0.0
6485,0.0,0.388861208629991,-0.03,63.18,0.0
6486,0.0025492782004164,0.550282885475598,0.0,63.18,0.0
6487,0.0466389446710198,0.585830821799024,25.92,63.18,0.0
6488,0.0847846084890065,0.518930516040228,39.92,63.18,0.0
6489,0.219211190037183,0.290239873009326,5.53,63.18,0.0
6490,0.092160072420525,0.469580733914853,-0.09,63.18,0.0
6491,0.0972440262426494,0.325054410066761,-3.75,64.8825,0.0
6492,0.0902818310077227,0.500337662702895,-5.56,65.45,0.0
6493,0.0885459135588958,0.542078800463091,-6.32,65.45,0.0
6494,0.0833733579673139,0.62380137708637,-5.05,65.45,0.0
6495,0.0608676939803364,0.599974455000961,-0.11,65.45,0.0
6496,0.0451440892813378,0.514857643266823,0.0,65.45,0.0
6497,0.0049489714531244,0.548327700934463,37.83,65.45,0.0
6498,0.0,0.420269011494468,62.55,65.45,0.0
6499,0.0,0.484081325277675,60.47,65.45,0.0
6500,0.0,0.423104834488717,59.57,65.45,0.0
6501,0.0,0.401271234768697,33.09,65.45,0.0
6502,0.0,0.398553606219543,26.03,65.45,0.0
6503,0.0,0.343739069162108,25.0,65.45,0.0
6504,0.0,0.575836337019,1.77,65.45,0.0
6505,0.0,0.45239165248802,3.03,65.45,0.0
6506,0.0,0.217741806461088,3.29,65.45,0.0
6507,0.0,0.40707632408245,3.16,65.45,0.0
6508,0.0,0.54855066893525,3.27,65.45,0.0
6509,0.0,0.559974455000961,4.15,65.45,0.0
6510,0.0012984661734864,0.523839436791361,11.96,65.45,0.0
6511,0.0249360685430396,0.533151159211745,22.28,65.45,0.0
6512,0.0683418788284009,0.576893337520526,26.21,65.45,0.0
6513,0.0900075737369464,0.688961107543665,18.91,65.45,0.0
6514,0.114943107208874,0.693113099506755,9.75,65.45,0.0
6515,0.190582257845502,0.623055291252049,3.78,65.45,0.0
6516,0.129585997454131,0.590619532628072,0.65,65.45,0.0
6517,0.329060466477056,0.668172102986187,0.0,65.45,0.0
6518,0.334938150410857,0.596893337520526,0.0,65.45,0.0
6519,0.226286856826131,0.511419661368618,0.06,65.45,0.0
6520,0.104357076170793,0.617262154185552,9.82,65.45,0.0
6521,0.0137700462709879,0.669622918316936,63.23,65.45,0.0
6522,0.0,0.607219235462396,80.28,65.45,0.0
6523,0.0,0.618690174315324,100.08,65.45,0.0
6524,0.0,0.656498882113345,96.31,65.45,0.0
6525,0.0,0.691439878633913,80.7,65.45,0.0
6526,0.0,0.663118708469847,80.28,65.45,0.0
6527,0.0,0.78377784756432,74.73,65.45,0.0
6528,0.0,0.761022628025754,60.66,65.45,0.0
6529,0.0,0.738929125517345,45.5,65.45,0.0
6530,0.0,0.788717281699625,44.16,65.45,0.0
6531,0.0,0.723824172287348,43.35,65.45,0.0
6532,0.0,0.751045329483616,57.74,65.45,0.0
6533,0.0,0.681733607063231,73.63,65.45,0.0
6534,0.0009217545820817,0.69685041879737,77.0,65.45,0.0
6535,0.0224094513328404,0.725177932245601,98.0,65.45,0.0
6536,0.101977151024342,0.742399089441869,96.88,65.45,0.0
6537,0.129789742486839,0.702399089441869,54.43,65.45,0.0
6538,0.118374289466077,0.623743568831664,1.33,65.45,0.0
6539,0.0784105484831508,0.697181550729868,0.0,65.45,0.0
6540,0.0604271822322424,0.731642160653827,-0.01,65.45,64795.0
6541,0.169104309631902,0.53552312564546,-0.5,65.45,259180.0
6542,0.175260608960976,0.575202836666682,-0.45,65.45,259180.0
6543,0.313455290910867,0.387901904078919,0.0,65.45,259180.0
6544,0.0721791899811123,0.590392533673308,43.24,65.45,259180.0
6545,0.0056688171506548,0.723817829003183,94.01,65.45,259180.0
6546,0.0,0.534126446964051,152.59,65.45,259180.0
6547,0.0,0.712695114577523,167.32,65.45,259180.0
6548,0.0,0.767262154185552,109.61,65.45,259180.0
6549,0.0,0.724800663076305,80.13,65.45,259180.0
6550,0.0,0.57100241076046,64.3,65.45,259180.0
6551,0.0,0.558951452002744,37.39,65.45,259180.0
6552,0.0,0.650410719837762,19.0,65.45,259180.0
6553,0.0,0.740869967361772,11.45,65.45,0.0
6554,0.0,0.811727076292835,8.4,65.45,0.0
6555,0.0,0.713403609422433,5.53,65.45,0.0
6556,0.0,0.736490054636613,5.61,65.45,0.0
6557,0.0,0.703061728279329,16.98,65.45,0.0
6558,0.0036294780976458,0.714834941808961,45.64,65.45,0.0
6559,0.0982894085048953,0.57267692841307,90.42,65.45,0.0
6560,0.289636905911412,0.636812109110737,93.55,65.45,0.0
6561,0.455115433660011,0.626190561005676,68.46,65.45,0.0
6562,0.554418221136552,0.728961107543665,44.41,65.45,0.0
6563,0.459799130914379,0.649617309353844,20.91,65.45,0.0
6564,0.374588064311319,0.607650266308568,9.28,65.45,0.0
6565,0.36406168184271,0.555202836666682,2.06,65.45,0.0
6566,0.408657194898719,0.464777867875328,7.63,65.45,0.0
6567,0.354276894797978,0.385080142552031,21.96,65.45,0.0
6568,0.165525746057616,0.503481916171781,35.13,65.45,0.0
6569,0.019177324347127,0.599723645294799,64.6,65.45,0.0
6570,0.0,0.613849904772618,70.36,65.45,0.0
6571,0.0,0.659648650802207,64.24,65.45,0.0
6572,0.0,0.657212892178231,42.35,65.45,0.0
6573,0.0,0.648960373222591,21.93,65.45,52885.0
6574,0.0,0.588278438927141,20.01,65.45,211540.0
6575,0.0,0.594840457028937,9.84,65.45,211540.0
6576,0.0,0.631716420825346,3.21,65.45,211540.0
6577,0.0,0.673869293973724,0.07,65.45,0.0
6578,0.0,0.724171568650427,0.05,65.45,0.0
6579,0.0,0.730785051722764,0.02,65.45,0.0
6580,0.0,0.77620726290413,0.09,65.45,0.0
6581,0.0,0.836410372988234,6.8,65.45,0.0
6582,0.0019338805082919,0.832232648539873,63.96,65.45,0.0
6583,0.0668218318789081,0.751550526758191,103.35,65.45,0.0
6584,0.24683299601056,0.686532160919432,114.98,65.45,0.0
6585,0.215139502062751,0.668961576259244,100.41,65.45,0.0
6586,0.0949467071732397,0.403363909212917,76.48,65.45,0.0
6587,0.126627295501903,0.637581615100141,68.21,65.45,0.0
6588,0.147699637716218,0.590043106209388,58.6,65.45,0.0
6589,0.179717300113611,0.591019596998346,55.66,65.45,0.0
6590,0.333487354490491,0.454831910781552,56.51,65.45,0.0
6591,0.234073962805051,0.326430965225991,62.18,65.45,0.0
6592,0.165444245528329,0.363289742784514,98.94,65.45,0.0
6593,0.0181305194627615,0.417231093966537,109.58,65.45,0.0
6594,0.0,0.465797558616789,133.9,65.45,0.0
6595,0.0,0.370200360286042,136.51,65.45,0.0
6596,0.0,0.341277578052862,118.54,65.45,0.0
6597,0.0,0.497268497469717,92.3,65.45,0.0
6598,0.0,0.551665783918994,91.45,65.45,0.0
6599,0.0,0.55846675322281,76.24,65.45,0.0
6600,0.0,0.606551175148075,85.44,65.45,0.0
6601,0.0,0.685811432597919,80.88,65.45,0.0
6602,0.0,0.722764968822602,77.09,65.45,0.0
6603,0.0,0.632727565319422,74.93,65.45,0.0
6604,0.0,0.538615914143805,77.14,65.45,0.0
6605,0.0,0.607607347585412,81.1,65.45,0.0
6606,0.000349090878502,0.511019596998345,96.53,65.45,0.0
6607,0.0151239071108294,0.498301968449192,118.83,65.45,0.0
6608,0.0514901490012402,0.458207584755495,135.7,65.45,0.0
6609,0.119916284104472,0.556579391825913,117.59,65.45,0.0
6610,0.0860062075618457,0.468640818564887,103.21,65.45,0.0
6611,0.149171721941489,0.241248439567719,96.52,65.45,0.0
6612,0.175563894795117,0.305774763415812,90.45,65.45,0.0
6613,0.328698370876851,0.170534429502833,86.44,65.45,0.0
6614,0.353505322034741,0.138400945555561,78.87,65.45,0.0
6615,0.277383905596185,0.222901536918383,82.07,65.45,0.0
6616,0.189324666223512,0.35505523813095,81.51,65.45,0.0
6617,0.0210725272217907,0.337833252870492,100.1,65.45,0.0
6618,0.0,0.381645566653699,117.01,65.45,0.0
6619,0.0,0.335706112207385,130.07,65.45,0.0
6620,0.0,0.42754503966115,114.37,65.45,0.0
6621,0.0,0.468915251536215,96.54,65.45,0.0
6622,0.0,0.420957289074084,93.3,65.45,0.0
6623,0.0,0.351930373863169,85.0,65.45,0.0
6624,0.0,0.265688644740152,67.33,65.45,0.0
6625,0.0,0.403978020364129,65.86,65.45,0.0
6626,0.0,0.596166375281815,65.14,65.45,0.0
6627,0.0,0.614110463762817,64.18,65.45,0.0
6628,0.0,0.632083034527152,63.98,65.45,0.0
6629,0.0,0.679297848439255,64.4,65.45,0.0
6630,0.0006093914744116,0.687852642071598,65.43,65.45,0.0
6631,0.0321764007589842,0.724169365687207,73.37,65.45,0.0
6632,0.104357469323892,0.745448131152869,76.67,65.45,0.0
6633,0.104860719616268,0.820485167495512,72.9,65.45,0.0
6634,0.07275625838984,0.741321871675049,69.28,65.45,0.0
6635,0.141587708332599,0.770953883074212,63.04,65.45,0.0
6636,0.131522120085924,0.752356170718713,47.09,65.45,0.0
6637,0.122607372166751,0.731733607063231,33.98,65.45,0.0
6638,0.0924952159565322,0.624175708971372,39.14,65.45,0.0
6639,0.0730909880624391,0.646893337520526,51.36,65.45,0.0
6640,0.0354324082168745,0.638295625165027,66.04,65.45,0.0
6641,0.0023696540823944,0.594889719036258,89.7,65.45,0.0
6642,0.0,0.578947327305651,110.07,65.45,0.0
6643,0.0,0.56169703162424,115.32,65.45,0.0
6644,0.0,0.719297848439255,108.28,65.45,0.0
6645,0.0,0.689297848439255,98.76,65.45,0.0
6646,0.0,0.62380137708637,90.96,65.45,0.0
6647,0.0,0.481739950347396,81.46,65.45,0.0
6648,0.0,0.727607347585412,73.9,65.45,0.0
6649,0.0,0.528540919651213,72.52,65.45,0.0
6650,0.0,0.619672180324257,72.1,65.45,0.0
6651,0.0,0.497919371546152,72.0,65.45,0.0
6652,0.0,0.480731383789003,72.33,65.45,0.0
6653,0.0,0.346456697711262,77.1,65.45,0.0
6654,6.234891659082e-06,0.374020939087286,103.0,65.45,0.0
6655,0.0109996247364009,0.413079102003447,126.54,65.45,0.0
6656,0.0332668433449871,0.324084262561968,141.42,65.45,0.0
6657,0.0563071435286751,0.18299592061208,116.27,65.45,0.0
6658,0.0951714887404599,0.112815418242723,100.09,65.45,0.0
6659,0.106750378267918,0.0645949750565193,85.0,62.135,0.0
6660,0.0997419509884678,0.109089223135176,75.07,61.03,0.0
6661,0.096747270925929,0.192901536918383,73.49,61.03,0.0
6662,0.0721432802531502,0.290833766895244,75.82,61.03,0.0
6663,0.113019775383755,0.227778381900079,79.07,61.03,0.0
6664,0.179648994390508,0.321893798424178,89.8,61.03,0.0
6665,0.0143096913863037,0.493381189193918,107.1,61.03,0.0
6666,0.0,0.414421003457559,131.97,61.03,0.0
6667,0.0,0.339486350221156,149.02,61.03,0.0
6668,0.0,0.265306047837112,123.7,61.03,0.0
6669,0.0,0.162552937518651,99.9,61.03,0.0
6670,0.0,0.565419914475031,99.9,61.03,0.0
6671,0.0,0.794197301135698,90.0,61.03,0.0
6672,0.0,0.66478347683842,93.1,61.03,0.0
6673,0.0,0.624752229133173,84.64,61.03,0.0
6674,0.0,0.690651702140624,81.4,61.03,0.0
6675,0.0,0.69376939506005,75.54,61.03,0.0
6676,0.0,0.682979015603542,75.72,61.03,0.0
6677,0.0,0.666237604425925,79.82,61.03,0.0
6678,0.0,0.697924699279897,86.2,61.03,0.0
6679,0.0115055192792682,0.568233317240765,100.4,61.03,0.0
6680,0.0343901194598917,0.669358234629644,110.62,61.03,0.0
6681,0.0541951278371585,0.380023717008282,103.0,61.03,0.0
6682,0.0694410780127772,0.452304705748172,82.42,61.03,0.0
6683,0.0830515478485373,0.72033131941873,68.27,61.03,0.0
6684,0.0868328902785298,0.757239358984574,51.44,61.03,0.0
6685,0.0691430768412179,0.828229911240893,38.88,61.03,0.0
6686,0.141653721363227,0.852552937518651,43.49,61.03,0.0
6687,0.0515167151082414,0.859771157430626,62.92,61.03,0.0
6688,0.0471086987180846,0.834391864972416,77.12,61.03,0.0
6689,0.0029077182505811,0.819206402029851,99.48,61.03,0.0
6690,0.0,0.78795336904946,148.65,61.03,0.0
6691,0.0,0.775197321446706,143.28,61.03,0.0
6692,0.0,0.727564428862255,107.23,61.03,0.0
6693,0.0,0.715448131152868,96.56,61.03,0.0
6694,0.0,0.665468348418163,85.23,61.03,0.0
6695,0.0,0.590288400695574,67.0,61.03,0.0
6696,0.0,0.647564428862255,67.04,61.03,0.0
6697,0.0,0.655503002123281,63.97,61.03,0.0
6698,0.0,0.673481088107592,62.83,61.03,0.0
6699,0.0,0.698295625165027,63.35,61.03,0.0
6700,0.0,0.502053896042009,62.71,61.03,0.0
6701,0.0,0.49994872251569,63.97,61.03,0.0
6702,0.0,0.488615914143805,63.41,61.03,0.0
6703,0.0108770047583184,0.344452251162805,72.81,61.03,0.0
6704,0.0379083201886739,0.217810457669515,77.2,61.03,0.0
6705,0.0661352408125461,0.0918452707379302,66.06,61.03,0.0
6706,0.0605922998178448,0.234372475771311,35.28,61.03,0.0
6707,0.349851473682575,0.0628037472248132,16.68,61.03,0.0
6708,0.383522769151274,0.108721234534339,5.25,61.03,0.0
6709,0.271179084190971,0.321240174549682,-0.01,61.03,0.0
6710,0.390085121636796,0.187410393299242,-0.01,61.03,0.0
6711,0.347563384492247,0.154962963657356,0.2,61.03,0.0
6712,0.176250712733134,0.190491510779677,59.6,61.03,0.0
6713,0.0125110566240618,0.280120584894547,90.94,61.03,0.0
6714,0.0,0.28501783462777,106.3,61.03,0.0
6715,0.0,0.149121298904612,97.22,61.03,0.0
6716,0.0,0.148652583325912,72.98,61.03,0.0
6717,0.0,0.353339004791836,59.37,61.03,0.0
6718,0.0,0.579939801295842,58.69,61.03,0.0
6719,0.0,0.370921807304776,51.71,61.03,0.0
6720,0.0,0.168086999860948,34.58,61.03,0.0
6721,0.0,0.127336414357071,35.34,61.03,0.0
6722,0.0,0.109095566419341,33.25,61.03,0.0
6723,0.0,0.100400064370273,30.15,61.03,0.0
6724,0.0,0.239187012828745,36.09,61.03,0.0
6725,0.0,0.247427860766475,46.73,61.03,0.0
6726,0.0008183937326268,0.391677642423135,67.59,61.03,0.0
6727,0.0677265172309572,0.440914370350927,100.92,61.03,0.0
6728,0.209686653888298,0.429930161378774,108.32,61.03,0.0
6729,0.396642553129193,0.424012674069248,91.86,61.03,0.0
6730,0.341931004642309,0.830239873009326,66.09,61.03,0.0
6731,0.425417067569553,0.649349313409796,60.22,61.03,0.0
6732,0.28695263963363,0.812920926119488,54.11,61.03,0.0
6733,0.414974715922652,0.761642160653827,43.29,61.03,0.0
6734,0.279203284687656,0.729206402029851,55.0,61.03,0.0
6735,0.202664171772763,0.835368355761374,67.01,61.03,0.0
6736,0.0755982162578743,0.785171588961436,97.9,61.03,0.0
6737,0.0034152983942101,0.815794152616917,120.71,61.03,0.0
6738,0.0,0.751290623969802,237.65,61.03,0.0
6739,0.0,0.717287886670822,229.53,61.03,0.0
6740,0.0,0.684095199258804,121.98,61.03,0.0
6741,0.0,0.656530957882781,99.93,61.03,0.0
6742,0.0,0.655220116647684,91.91,61.03,0.0
6743,0.0,0.663849904772618,79.12,61.03,0.0
6744,0.0,0.545446021932764,72.33,61.03,0.0
6745,0.0,0.508940984021486,67.07,61.03,0.0
6746,0.0,0.40707632408245,63.99,61.03,0.0
6747,0.0,0.483073586783471,59.67,61.03,0.0
6748,0.0,0.478472268442786,59.69,61.03,0.0
6749,0.0,0.373958631163024,67.43,61.03,0.0
6750,0.0005605320736792,0.21673958318686,85.97,61.03,0.0
6751,0.0661406130131177,0.0979643057462967,110.37,61.03,0.0
6752,0.227001502404122,0.0445949750565193,106.24,61.03,0.0
6753,0.27674636573386,0.104186645668209,85.0,61.03,0.0
6754,0.470530687938331,0.0821592164325432,80.33,61.03,0.0
6755,0.506762856434164,0.226433902510284,80.5,61.03,0.0
6756,0.340491729234141,0.408492391964965,76.0,61.03,0.0
6757,0.231444280089991,0.293363909212917,82.53,61.03,0.0
6758,0.416964073990099,0.420651608397508,88.39,61.03,0.0
6759,0.249709579068122,0.473732725877943,90.08,61.03,0.0
6760,0.0791276970819541,0.442673522413198,101.19,61.03,0.0
6761,0.0033322479063084,0.269212745314016,126.34,61.03,0.0
6762,0.0,0.499254929716099,156.77,61.03,0.0
6763,0.0,0.66168434505591,168.2,61.03,0.0
6764,0.0,0.649749377780069,114.41,61.03,0.0
6765,0.0,0.69977511026534,94.9,61.03,0.0
6766,0.0,0.7796515880865,86.6,61.03,0.0
6767,0.0,0.793063837499433,67.6,61.03,0.0
6768,0.0,0.828518124450236,61.93,61.03,0.0
6769,0.0,0.652024023235794,60.0,61.03,0.0
6770,0.0,0.418138933547068,57.48,61.03,0.0
6771,0.0,0.383958631163024,54.32,61.03,0.0
6772,0.0,0.48235323343442,57.32,61.03,0.0
6773,0.0,0.499166889306567,63.87,61.03,0.0
6774,0.0001121356267527,0.661414146148642,86.7,61.03,0.0
6775,0.0620863906789613,0.682692911614303,111.19,61.03,0.0
6776,0.224987657503377,0.693849904772618,110.98,61.03,0.0
6777,0.359446346850677,0.688321357650298,87.0,61.03,0.0
6778,0.376015772251243,0.814366132487145,72.09,61.03,0.0
6779,0.419060428091915,0.793389641698188,59.9,61.03,0.0
6780,0.349935432477911,0.82780411438535,59.8,61.03,0.0
6781,0.493597037643608,0.747515901176007,59.85,61.03,0.0
6782,0.415612704112984,0.783769301316935,67.63,61.03,0.0
6783,0.195757018563662,0.701077405253052,77.17,61.03,0.0
6784,0.0401450566478172,0.583067243499305,95.0,61.03,0.0
6785,0.0011890737320185,0.47235323343442,117.45,61.03,0.0
6786,0.0,0.20673958318686,122.53,61.03,0.0
6787,0.0,0.103535771591774,127.12,61.03,0.0
6788,0.0,0.0569300067026328,111.05,61.03,0.0
6789,0.0,0.150465778294407,95.8,61.03,0.0
6790,0.0,0.224303824562884,95.1,61.03,0.0
6791,0.0,0.122213259338767,82.34,61.03,0.0
6792,0.0,0.0480329569547236,61.19,61.03,0.0
6793,0.0,0.0382525189556392,46.89,61.03,0.0
6794,0.0,0.105965186931585,37.75,61.03,0.0
6795,0.0,0.252870289213136,32.0,61.03,0.0
6796,0.0,0.418452879241681,29.64,61.03,0.0
6797,0.0,0.142458553824953,39.6,61.03,0.0
6798,0.0,0.430294743979739,62.1,61.03,0.0
6799,0.0268296338233657,0.400269011494468,84.9,61.03,0.0
6800,0.166919633771308,0.304366960551335,80.46,61.03,0.0
6801,0.269447128906978,0.202273645529156,67.5,61.03,0.0
6802,0.281226360440308,0.129846151923218,52.01,61.03,0.0
6803,0.286744846584028,0.362399089441869,38.93,61.03,0.0
6804,0.360401534843569,0.376211403225076,21.89,61.03,0.0
6805,0.349287140667745,0.307741806461088,15.94,61.03,0.0
6806,0.344866860590725,0.225363028027629,20.01,61.03,0.0
6807,0.273191728538941,0.310859499380514,38.37,61.03,0.0
6808,0.0743390443939349,0.32292433211936,58.5,61.03,50000.0
6809,0.0019394755283864,0.350957289074084,85.82,61.03,175000.0
6810,0.0,0.284015611353541,96.07,61.03,0.0
6811,0.0,0.196051305607244,119.32,61.03,0.0
6812,0.0,0.105651241236972,101.19,61.03,0.0
6813,0.0,0.0838380462684771,90.41,61.03,0.0
6814,0.0,0.0587212345343389,83.16,61.03,0.0
6815,0.0,0.0341262594778196,69.93,61.03,0.0
6816,0.0,0.0345949750565193,79.96,61.03,0.0
6817,0.0,0.0275642413760239,73.21,61.03,0.0
6818,0.0,0.022435758623976,71.7,61.03,0.0
6819,0.0,0.02,67.91,61.03,0.0
6820,0.0,0.0480329569547236,69.56,61.03,0.0
6821,0.0,0.03,73.39,61.03,0.0
6822,0.0,0.0,99.95,61.03,0.0
6823,0.0366359396964785,0.0,140.41,61.03,0.0
6824,0.182476092120509,0.0,155.49,61.03,0.0
6825,0.223052526560608,0.0,110.01,61.03,0.0
6826,0.284116500513343,0.0,90.0,61.03,0.0
6827,0.263925080646985,0.0,72.35,63.04,0.0
6828,0.21158371409366,0.0,61.65,63.71,0.0
6829,0.433545500116059,0.01,57.17,63.71,0.0
6830,0.361847947208032,0.0,59.56,63.71,0.0
6831,0.220439947163119,0.0075642413760239,66.96,63.71,0.0
6832,0.106273721392324,0.0445949750565193,73.35,63.71,0.0
6833,0.0026757067349963,0.105965186931585,112.78,63.71,0.0
6834,0.0,0.152238991824038,167.86,63.71,0.0
6835,0.0,0.247741806461088,174.24,63.71,0.0
6836,0.0,0.353706993392673,121.31,63.71,0.0
6837,0.0,0.426111504311402,99.79,63.71,0.0
6838,0.0,0.462230539319769,98.41,63.71,0.0
6839,0.0,0.409537815191697,87.83,63.71,0.0
6840,0.0,0.435391150962351,90.09,63.71,0.0
6841,0.0,0.517852642071598,79.42,63.71,0.0
6842,0.0,0.603449840402345,75.58,63.71,0.0
6843,0.0,0.680037590989412,75.02,63.71,0.0
6844,0.0,0.73792983952741,71.92,63.71,0.0
6845,0.0,0.798232114204113,67.9,63.71,0.0
6846,3.31885667621282e-07,0.824499575812401,71.63,63.71,0.0
6847,0.0580798657079484,0.753055384995164,68.73,63.71,0.0
6848,0.238766109700055,0.766434183739632,68.91,63.71,0.0
6849,0.371926775980088,0.637213626499304,41.82,63.71,0.0
6850,0.451265024619216,0.659963330817893,35.3,63.71,0.0
6851,0.36558822347924,0.638640818564887,34.28,63.71,0.0
6852,0.175136217563426,0.697895560794754,24.79,63.71,0.0
6853,0.0900988949969236,0.683012372528893,14.33,63.71,0.0
6854,0.0642731237715647,0.685171588961436,23.34,63.71,0.0
6855,0.0356481587155589,0.655859866541051,46.35,63.71,0.0
6856,0.0104476381182999,0.658295625165027,63.18,63.71,0.0
6857,0.0,0.582053896042009,76.02,63.71,0.0
6858,0.0,0.534857643266823,80.86,63.71,142860.0
6859,0.0,0.298769762220587,77.62,63.71,142860.0
6860,0.0,0.407179628995996,60.19,63.71,142860.0
6861,0.0,0.477538696376985,45.42,63.71,142860.0
6862,0.0,0.830485167495512,34.87,63.71,142860.0
6863,0.0,0.796205059940911,25.37,63.71,142860.0
6864,0.0,0.832920926119488,0.0,63.71,142860.0
6865,0.0,0.826450354427097,-0.01,63.71,141670.0
6866,0.0,0.814759853573253,-0.07,63.71,141670.0
6867,0.0,0.787550367394894,-0.37,63.71,141670.0
6868,0.0,0.777450468481221,-0.51,63.71,141670.0
6869,0.0,0.723035995794059,-0.09,63.71,70835.0
6870,6.01408741191991e-07,0.739943207295714,-0.3,63.71,0.0
6871,0.0476225356026604,0.672404698404961,-0.04,63.71,0.0
6872,0.229800769057449,0.66200804003456,-0.07,63.71,0.0
6873,0.420499993565896,0.419617309353844,-0.86,63.71,0.0
6874,0.540482206246205,0.389249320753007,-0.64,63.71,0.0
6875,0.587358375808113,0.237410393299242,-1.97,63.71,0.0
6876,0.538137092470072,0.186433902510284,-7.49,63.71,0.0
6877,0.448647618729599,0.17252720503338,-15.16,63.71,0.0
6878,0.093645274465874,0.192206916054602,-15.69,63.71,0.0
6879,0.0395581748678845,0.188801009925834,-5.01,63.71,0.0
6880,0.0147096797105282,0.201493734053905,-1.99,63.71,0.0
6881,0.0,0.468472268442786,0.06,63.71,0.0
6882,0.0,0.148332294347134,35.83,63.71,0.0
6883,0.0,0.265987982132562,54.05,63.71,0.0
6884,0.0,0.488472268442786,39.51,63.71,0.0
6885,0.0,0.645842680303165,38.43,63.71,0.0
6886,0.0,0.528252706441871,40.13,63.71,0.0
6887,0.0,0.595203664730871,36.81,63.71,0.0
6888,0.0,0.4982269739566,37.1,63.71,0.0
6889,0.0,0.468572995420649,35.25,63.71,0.0
6890,0.0,0.367833252870492,35.17,63.71,0.0
6891,0.0,0.335086485836196,34.36,63.71,0.0
6892,0.0,0.291554120244294,39.33,63.71,0.0
6893,0.0,0.430269011494468,62.2,63.71,0.0
6894,0.0,0.502730502603715,98.74,63.71,0.0
6895,0.0082311011915668,0.464463922180715,132.89,63.71,0.0
6896,0.0448352937365173,0.434463922180715,153.61,63.71,0.0
6897,0.070202657216984,0.424834848065845,117.94,63.71,0.0
6898,0.0704799604427653,0.483743568831664,100.95,63.71,0.0
6899,0.167907158586297,0.449617309353844,95.53,63.71,0.0
6900,0.245564413710549,0.489937598332622,88.36,63.71,0.0
6901,0.10697275907681,0.553844295809526,82.6,63.71,0.0
6902,0.303868950780463,0.464766196857418,74.16,63.71,0.0
6903,0.0530216524274683,0.549229197230828,87.08,63.71,0.0
6904,0.014111500943861,0.489603529115831,105.79,63.71,0.0
6905,0.0,0.308804415925705,159.59,63.71,0.0
6906,0.0,0.231842333453637,257.1,63.71,0.0
6907,0.0,0.296463040995427,269.74,63.71,0.0
6908,0.0,0.335357512807653,158.0,63.71,0.0
6909,0.0,0.384760681637442,114.12,63.71,0.0
6910,0.0,0.364734949152172,99.66,63.71,0.0
6911,0.0,0.277767538946359,94.8,63.71,0.0
6912,0.0,0.298455816525974,91.23,63.71,0.0
6913,0.0,0.330269011494468,86.49,63.71,0.0
6914,0.0,0.210177565085064,88.35,63.71,0.0
6915,0.0,0.26608236582626,84.04,63.71,0.0
6916,0.0,0.181807679748518,80.8,63.71,0.0
6917,0.0,0.125308985121405,89.51,63.71,0.0
6918,0.0,0.109435244599225,114.53,63.71,0.0
6919,0.0136565017622424,0.1266534645112,185.39,63.71,73862.5
6920,0.147353593651368,0.23185914471906,176.61,63.71,295450.0
6921,0.199932172838744,0.0738059704990415,110.54,63.71,295450.0
6922,0.215692724536134,0.145965186931585,92.75,63.71,295450.0
6923,0.159292541923301,0.241622771452721,83.05,63.71,295450.0
6924,0.0609431367411725,0.308524467734401,78.47,63.71,295450.0
6925,0.104977020294044,0.406430965225991,71.75,63.71,295450.0
6926,0.137976676177296,0.312999326611952,75.9,63.71,295450.0
6927,0.0794839779671397,0.339518425990591,83.36,63.71,295450.0
6928,0.0470725334076651,0.721290623969802,89.03,63.71,295450.0
6929,0.0001283552728937,0.584538182352233,120.69,63.71,295450.0
6930,0.0,0.458259049726036,136.79,63.71,221587.5
6931,0.0,0.404421003457559,97.31,63.71,0.0
6932,0.0,0.486105161027237,76.26,63.71,48530.0
6933,0.0,0.735205867694091,66.65,63.71,194120.0
6934,0.0,0.750354942683897,59.65,63.71,194120.0
6935,0.0,0.777205173995035,40.78,63.71,194120.0
6936,0.0,0.795473863638139,23.35,63.71,194120.0
6937,0.0,0.757852642071598,12.8,63.71,100000.0
6938,0.0,0.721664955854804,5.3,63.71,100000.0
6939,0.0,0.723726382593778,3.61,63.71,0.0
6940,0.0,0.751690688340075,3.16,63.71,0.0
6941,0.0,0.734414660173393,8.2,63.71,0.0
6942,0.0,0.698321357650298,42.59,63.71,0.0
6943,0.0205102031535466,0.739009635229913,67.29,63.71,0.0
6944,0.134673508889195,0.717607347585412,66.52,63.71,0.0
6945,0.205355885448705,0.758518124450236,54.29,63.71,0.0
6946,0.438786091407275,0.744077919277803,26.68,63.71,0.0
6947,0.455901561898667,0.774045843508367,14.16,64.0325,0.0
6948,0.286525966440406,0.856433902510284,4.09,64.14,0.0
6949,0.09756055029815,0.833709930676966,2.04,64.14,0.0
6950,0.0536772243208514,0.75033131941873,4.0,64.14,0.0
6951,0.0344412540121078,0.783769301316935,14.18,64.14,0.0
6952,0.0095105393262581,0.711733607063231,54.92,64.14,0.0
6953,0.0,0.76380137708637,72.95,64.14,0.0
6954,0.0,0.799206402029851,84.47,64.14,0.0
6955,0.0,0.799920412094737,88.38,64.14,0.0
6956,0.0,0.806450354427097,65.31,64.14,0.0
6957,0.0,0.816450354427097,61.86,64.14,0.0
6958,0.0,0.832324094949277,35.14,64.14,0.0
6959,0.0,0.817164364491983,26.54,64.14,0.0
6960,0.0,0.806187873703025,17.04,64.14,0.0
6961,0.0,0.784120103679886,12.15,64.14,0.0
6962,0.0,0.772096080444092,10.48,64.14,0.0
6963,0.0,0.790020404751526,5.61,64.14,0.0
6964,0.0,0.759718130074823,10.01,64.14,0.0
6965,0.0,0.696942693270963,29.8,64.14,0.0
6966,0.0,0.714860674294232,70.51,64.14,0.0
6967,0.0254030898184553,0.698683831031159,101.39,64.14,0.0
6968,0.162334682142119,0.718607461639536,92.53,64.14,0.0
6969,0.342094801913441,0.648188664269968,73.76,64.14,0.0
6970,0.474946230814778,0.616237135710346,62.22,64.14,0.0
6971,0.44225021752775,0.68033131941873,52.02,64.14,0.0
6972,0.187149679621037,0.610294743979739,46.54,64.14,0.0
6973,0.110615844867616,0.635571653331708,47.52,64.14,0.0
6974,0.0665988606088897,0.602421884642847,60.04,64.14,0.0
6975,0.0432008893914109,0.733424107917075,63.55,64.14,0.0
6976,0.0089474557007256,0.753463901869706,92.68,64.14,0.0
6977,0.0,0.751053875731001,123.6,64.14,0.0
6978,0.0,0.634095199258804,186.21,64.14,0.0
6979,0.0,0.6306572173606,172.19,64.14,0.0
6980,0.0,0.563381189193918,117.5,64.14,0.0
6981,0.0,0.538504344212222,97.81,64.14,0.0
6982,0.0,0.530631484875329,89.05,64.14,0.0
6983,0.0,0.560689293130036,82.21,64.14,0.0
6984,0.0,0.617558913642279,80.95,64.14,0.0
6985,0.0,0.588001896735709,81.16,64.14,0.0
6986,0.0,0.692373450699714,82.73,64.14,0.0
6987,0.0,0.731364884141321,78.84,64.14,0.0
6988,0.0,0.80319507786147,81.19,64.14,0.0
6989,0.0,0.790785051722764,84.34,64.14,0.0
6990,0.0,0.74928286516459,98.89,64.14,0.0
6991,0.0049735891934597,0.771421864331838,149.78,64.14,0.0
6992,0.0352095980411737,0.76562532126547,156.24,64.14,0.0
6993,0.14520828797678,0.739939895038958,111.0,64.14,0.0
6994,0.0794597137545063,0.651743356347268,95.76,64.14,0.0
6995,0.108886781898957,0.461765682832667,85.3,62.46,0.0
6996,0.108716519430986,0.37158518046331,82.96,61.9,0.0
6997,0.0947538865605623,0.569329924208691,80.2,61.9,0.0
6998,0.0938946081658062,0.509575218694877,81.19,61.9,0.0
6999,0.110685283706652,0.520605752390059,84.34,61.9,0.0
7000,0.0170783510883233,0.49582329110206,103.29,61.9,0.0
7001,0.0,0.40167129913897,133.67,61.9,0.0
7002,0.0,0.262236054539745,181.28,61.9,0.0
7003,0.0,0.305706112207385,142.58,61.9,0.0
7004,0.0,0.391985244833583,103.25,61.9,0.0
7005,0.0,0.601371227425486,96.83,61.9,0.0
7006,0.0,0.700702339046976,93.26,61.9,0.0
7007,0.0,0.595842680303165,85.54,61.9,0.0
7008,0.0,0.585842680303165,87.06,61.9,0.0
7009,0.0,0.650405579590249,83.03,61.9,0.0
7010,0.0,0.703112365185682,79.91,61.9,0.0
7011,0.0,0.581371227425486,75.26,61.9,0.0
7012,0.0,0.403038933078352,75.87,61.9,0.0
7013,0.0,0.552375559919818,76.77,61.9,0.0
7014,0.0,0.54758464612755,80.0,61.9,0.0
7015,0.0114992721800584,0.511222800825564,91.91,61.9,0.0
7016,0.102280862670841,0.533092975984576,89.66,61.9,0.0
7017,0.183396204049368,0.542059223775754,84.6,61.9,0.0
7018,0.267343954449524,0.519095472676225,78.8,61.9,0.0
7019,0.411288080272471,0.600177471341948,73.32,61.9,0.0
7020,0.476939959778141,0.519575874896687,66.16,61.9,0.0
7021,0.447160339176494,0.265994325416727,60.96,61.9,0.0
7022,0.325150811436032,0.237427860766475,63.89,61.9,0.0
7023,0.11064738740166,0.145683317006407,79.07,61.9,0.0
7024,0.0126085965047073,0.0828474940121585,98.09,61.9,0.0
7025,0.0,0.0752832526361345,109.14,61.9,0.0
7026,0.0,0.0849629636573564,135.82,61.9,0.0
7027,0.0,0.0779322299768611,118.93,61.9,0.0
7028,0.0,0.217053528881473,96.8,61.9,0.0
7029,0.0,0.341893798424178,90.18,61.9,0.0
7030,0.0,0.0904000643702728,83.83,61.9,0.0
7031,0.0,0.384734949152172,73.33,61.9,0.0
7032,0.0,0.26918066954458,55.57,61.9,0.0
7033,0.0,0.200465778294406,54.9,61.9,0.0
7034,0.0,0.179777500714791,57.23,61.9,0.0
7035,0.0,0.317079261366743,59.82,61.9,0.0
7036,0.0,0.477164364491983,62.92,61.9,0.0
7037,0.0,0.579009635229913,66.91,61.9,0.0
7038,0.0,0.448861208629991,64.23,61.9,0.0
7039,0.0042064727473151,0.476111504311402,75.32,61.9,0.0
7040,0.0596204798014325,0.611690688340075,68.28,61.9,0.0
7041,0.30066218940237,0.619620340381253,45.75,61.9,0.0
7042,0.409833790804791,0.525337201799243,6.37,61.9,0.0
7043,0.409694254344055,0.302714706888713,0.08,61.9,25000.0
7044,0.452952689790056,0.17365212242226,0.0,61.9,100000.0
7045,0.203573955695969,0.586237135710346,-0.98,61.9,100000.0
7046,0.172430812461108,0.315060753350926,-2.01,61.9,100000.0
7047,0.0329770409676132,0.116941677720542,0.0,61.9,100000.0
7048,0.0062598044001023,0.223964146383,5.1,61.9,100000.0
7049,0.0,0.159026915210914,57.69,61.9,100000.0
7050,0.0,0.12012352217884,60.7,61.9,100000.0
7051,0.0,0.0587212345343389,45.08,61.9,0.0
7052,0.0,0.0265620181017956,34.35,61.9,0.0
7053,0.0,0.01,20.95,61.9,0.0
7054,0.0,0.0,12.15,61.9,0.0
7055,0.0,0.0,1.93,61.9,0.0
7056,0.0,0.0075642413760239,-0.1,61.9,0.0
7057,0.0,0.0080329569547236,-0.1,61.9,0.0
7058,0.0,0.0175642413760239,-0.14,61.9,0.0
7059,0.0,0.0859651869315847,-0.08,61.9,0.0
7060,0.0,0.105990919416855,-0.04,61.9,0.0
7061,0.0,0.123561504077044,3.45,61.9,0.0
7062,0.0,0.210517243264948,66.6,61.9,0.0
7063,0.0034605884407622,0.105528547122321,104.98,61.9,0.0
7064,0.0292782171242541,0.0497117867906576,120.39,61.9,0.0
7065,0.0484463293685631,0.0548081937732698,103.9,61.9,0.0
7066,0.0739055232825298,0.0934983680885935,89.04,61.9,0.0
7067,0.0943585779537731,0.135251176866699,81.03,61.9,0.0
7068,0.0733733096957091,0.247090104320464,73.19,61.9,263420.0
7069,0.0629280068394901,0.371396866167641,81.36,61.9,263420.0
7070,0.0711537890506196,0.478860380565802,81.65,61.9,263420.0
7071,0.0399872534461909,0.52033131941873,98.59,61.9,263420.0
7072,0.0080554766358257,0.606893337520526,123.5,61.9,263420.0
7073,0.0,0.605145856476165,131.54,61.9,263420.0
7074,0.0,0.602421884642847,222.11,61.9,263420.0
7075,0.0,0.483113099506755,190.87,61.9,263420.0
7076,0.0,0.571419661368618,128.44,61.9,131710.0
7077,0.0,0.555545920846438,102.0,61.9,0.0
7078,0.0,0.363332661507671,97.8,61.9,0.0
7079,0.0,0.350582957189081,92.97,61.9,0.0
7080,0.0,0.426168484501919,91.67,61.9,0.0
7081,0.0,0.46476960285729,89.43,61.9,0.0
7082,0.0,0.609946613295586,85.69,61.9,0.0
7083,0.0,0.668513077945838,83.6,61.9,0.0
7084,0.0,0.601369680664076,83.19,61.9,0.0
7085,0.0,0.460705651303732,89.95,61.9,0.0
7086,0.0,0.151838927453765,100.58,61.9,0.0
7087,0.0024249975661629,0.200560161988104,156.09,61.9,0.0
7088,0.0249418440071802,0.291216363798284,170.12,61.9,0.0
7089,0.0410816969964285,0.319249320753007,113.44,61.9,0.0
7090,0.0664287248485917,0.267778381900079,99.22,61.9,0.0
7091,0.0740533489833843,0.195965186931585,87.75,61.9,0.0
7092,0.0681196786942199,0.217410393299242,77.11,61.9,0.0
7093,0.0647786373791704,0.175965186931585,70.88,61.9,0.0
7094,0.0481044473476454,0.161838927453765,73.53,61.9,0.0
7095,0.024201292732022,0.114494248078657,87.08,61.9,0.0
7096,0.003664773058626,0.201936717147335,107.45,61.9,0.0
7097,0.0,0.189489287505449,109.97,61.9,0.0
7098,0.0,0.165369371311794,140.36,61.9,0.0
7099,0.0,0.128646240041747,157.75,61.9,0.0
7100,0.0,0.0787212345343389,114.02,61.9,0.0
7101,0.0,0.0814022876445011,99.4,61.9,0.0
7102,0.0,0.114180302384044,95.72,61.9,0.0
7103,0.0,0.111524981759152,88.35,61.9,0.0
7104,0.0,0.1571221800899,80.83,61.9,0.0
7105,0.0,0.104962963657356,83.23,61.9,0.0
7106,0.0,0.111081998665723,82.02,61.9,0.0
7107,0.0,0.120091446409404,83.21,61.9,0.0
7108,0.0,0.0728411507279934,85.8,61.9,0.0
7109,0.0,0.134557384067108,93.6,61.9,0.0
7110,0.0,0.295954156491633,108.19,61.9,0.0
7111,0.003052043958227,0.0810562661804524,172.79,61.9,0.0
7112,0.033675670298711,0.128678315811183,183.13,61.9,0.0
7113,0.0691818271004041,0.0483752130702901,128.42,61.9,0.0
7114,0.0673031596133581,0.0506882775796152,104.1,61.9,0.0
7115,0.0708082951229729,0.0365620181017956,93.86,61.9,0.0
7116,0.0716011865785176,0.0738059704990415,85.62,61.9,0.0
7117,0.0658003210529017,0.0952832526361345,80.99,61.9,0.0
7118,0.0509221322045959,0.104962963657356,78.97,61.9,0.0
7119,0.0252296005116874,0.0541262594778196,88.62,61.9,0.0
7120,0.0034571036969127,0.0613702118750654,101.9,61.9,0.0
7121,0.0,0.102873226497429,147.15,61.9,0.0
7122,0.0,0.182933612687818,218.18,61.9,0.0
7123,0.0,0.102533548317545,177.6,61.9,0.0
7124,0.0,0.0462417291230175,111.71,61.9,0.0
7125,0.0,0.0175642413760239,101.51,61.9,0.0
7126,0.0,0.0480329569547236,103.33,61.9,0.0
7127,0.0,0.0296797110212219,93.16,61.9,0.0
7128,0.0,0.0331176929194262,91.75,61.9,0.0
7129,0.0,0.0196797110212219,82.42,61.9,0.0
7130,0.0,0.02,80.67,61.9,0.0
7131,0.0,0.0380329569547236,80.29,61.9,0.0
7132,0.0,0.0275642413760239,80.45,61.9,0.0
7133,0.0,0.0175642413760239,83.82,61.9,0.0
7134,0.0,0.0075642413760239,103.21,61.9,0.0
7135,0.0029959065960814,0.0,148.29,61.9,0.0
7136,0.0330575374588966,0.0,171.27,61.9,0.0
7137,0.0553091590375801,0.0,117.3,61.9,0.0
7138,0.0596165669938536,0.0265620181017956,101.91,61.9,0.0
7139,0.0766635739828593,0.0065620181017956,93.05,61.9,0.0
7140,0.0714716429270263,0.01,83.96,61.9,0.0
7141,0.0758987387065693,0.0275642413760239,79.15,61.9,0.0
7142,0.0556165259591073,0.0465620181017956,81.51,61.9,0.0
7143,0.0286682030529759,0.0245949750565193,95.7,61.9,0.0
7144,0.003973796328443,0.0787212345343389,116.17,61.9,0.0
7145,0.0,0.0784009455555608,129.9,61.9,0.0
7146,0.0,0.0772760281666815,141.53,61.9,0.0
7147,0.0,0.0380329569547236,114.19,61.9,0.0
7148,0.0,0.0141262594778196,96.61,61.9,0.0
7149,0.0,0.0321475454146336,93.64,61.9,0.0
7150,0.0,0.0487212345343389,89.9,61.9,0.0
7151,0.0,0.0810562661804524,83.61,61.9,0.0
7152,0.0,0.0445949750565193,82.5,61.9,0.0
7153,0.0,0.0956512412369717,82.07,61.9,0.0
7154,0.0,0.175582590028545,79.69,61.9,0.0
7155,0.0,0.397143053557004,82.6,61.9,0.0
7156,0.0,0.507821394366351,84.47,61.9,0.0
7157,0.0,0.510282885475598,94.59,61.9,0.0
7158,0.0,0.663426310880295,108.94,61.9,0.0
7159,0.0020392653431965,0.496042853102975,123.75,61.9,0.0
7160,0.0245019577125376,0.40754503966115,150.59,61.9,0.0
7161,0.0636042383027323,0.348524467734401,122.43,61.9,0.0
7162,0.0987899452844112,0.498204178755623,108.15,61.9,0.0
7163,0.134676426898367,0.5337756446011,93.9,65.215,0.0
7164,0.237085819219477,0.696525348919689,81.08,66.32,0.0
7165,0.241463955594873,0.655448131152868,78.18,66.32,0.0
7166,0.115553298489482,0.682021820272574,82.47,66.32,0.0
7167,0.0796594001086032,0.578295625165027,99.33,66.32,0.0
7168,0.0083861453741311,0.493700650108508,118.03,66.32,0.0
7169,0.0,0.475509345407447,158.73,66.32,0.0
7170,0.0,0.414326619763861,227.32,66.32,0.0
7171,0.0,0.517167770491855,184.85,66.32,0.0
7172,0.0,0.558983902744642,123.86,66.32,0.0
7173,0.0,0.545503002123282,116.29,66.32,0.0
7174,0.0,0.779600123115958,113.96,66.32,0.0
7175,0.0,0.676253587627159,107.4,66.32,0.0
7176,0.0,0.635816947817895,115.29,66.32,0.0
7177,0.0,0.528252706441871,109.64,66.32,0.0
7178,0.0,0.360294743979739,106.95,66.32,0.0
7179,0.0,0.227741806461088,107.79,66.32,0.0
7180,0.0,0.244617770257497,105.7,66.32,0.0
7181,0.0,0.243609203699103,106.82,66.32,0.0
7182,0.0,0.0914022876445011,113.93,66.32,0.0
7183,0.0240377348323104,0.025585527312838,125.71,66.32,0.0
7184,0.19178860518033,0.0162417291230175,126.0,66.32,0.0
7185,0.374283203545695,0.0165620181017956,117.57,66.32,0.0
7186,0.242775263944311,0.04,101.39,66.32,0.0
7187,0.289484187178354,0.0682782514409098,81.48,66.32,0.0
7188,0.329300879178688,0.0562480724071826,68.35,66.32,0.0
7189,0.456883852977391,0.0552511768666989,63.3,66.32,0.0
7190,0.288465888410558,0.0662738048924532,64.55,66.32,0.0
7191,0.187436068083436,0.0438059704990415,81.44,66.32,0.0
7192,0.0248869592948231,0.0345949750565193,100.6,66.32,0.0
7193,0.0,0.0506882775796152,125.73,66.32,0.0
7194,0.0,0.0431497686888619,150.9,66.32,0.0
7195,0.0,0.0141262594778196,118.74,66.32,0.0
7196,0.0,0.0065620181017956,96.48,66.32,0.0
7197,0.0,0.0387212345343389,88.76,66.32,0.0
7198,0.0,0.0397117867906576,87.5,66.32,0.0
7199,0.0,0.0086891587649032,76.63,66.32,0.0
7200,0.0,0.0065620181017956,92.22,66.32,0.0
7201,0.0,0.0,84.0,66.32,0.0
7202,0.0,0.0075642413760239,82.23,66.32,0.0
7203,0.0,0.0241262594778196,80.43,66.32,0.0
7204,0.0,0.0503679886008371,79.41,66.32,0.0
7205,0.0,0.149089223135176,78.79,66.32,0.0
7206,0.0,0.216213887417643,85.14,66.32,0.0
7207,0.0133749986666487,0.187685013756802,89.21,66.32,0.0
7208,0.158659979334554,0.244307418048987,88.05,66.32,0.0
7209,0.360121837601649,0.24571245549155,84.34,66.32,0.0
7210,0.483259498421935,0.307767538946359,66.48,66.32,0.0
7211,0.383319536557696,0.295054410066761,54.72,66.32,0.0
7212,0.214253664949848,0.2771221800899,42.5,66.32,0.0
7213,0.24000407773725,0.291173445075127,39.99,66.32,0.0
7214,0.296611950098921,0.411339885977123,40.0,66.32,0.0
7215,0.154143118068384,0.273332661507671,64.33,66.32,0.0
7216,0.0153320467323634,0.390540038465925,111.53,66.32,0.0
7217,0.0,0.418233317240765,123.67,66.32,0.0
7218,0.0,0.456799781891017,148.3,66.32,0.0
7219,0.0,0.536750519883696,145.71,66.32,0.0
7220,0.0,0.620708682331141,130.47,66.32,0.0
7221,0.0,0.61411458845991,118.15,66.32,0.0
7222,0.0,0.481690688340075,112.01,66.32,0.0
7223,0.0,0.285987982132562,113.68,66.32,0.0
7224,0.0,0.1366534645112,102.99,66.32,0.0
7225,0.0,0.0879322299768611,95.6,66.32,0.0
7226,0.0,0.0272439523972458,94.37,66.32,0.0
7227,0.0,0.01,88.74,66.32,0.0
7228,0.0,0.0096797110212218,84.09,66.32,0.0
7229,0.0,0.0,86.26,66.32,0.0
7230,0.0,0.0,99.93,66.32,0.0
7231,0.0107898308016288,0.0365620181017956,109.92,66.32,0.0
7232,0.132957789735401,0.0506882775796152,130.01,66.32,0.0
7233,0.347102523157961,0.0621592164325432,127.38,66.32,0.0
7234,0.497445264862556,0.0803679886008371,116.18,66.32,0.0
7235,0.553273679807905,0.101838927453765,97.61,66.32,0.0
7236,0.430318208057003,0.0694031688297891,98.31,66.32,0.0
7237,0.295832389365895,0.0452511768666988,94.93,66.32,0.0
7238,0.187611345871484,0.0441262594778196,101.33,66.32,0.0
7239,0.0633447391559657,0.107644016767519,113.93,66.32,0.0
7240,0.0057112142087617,0.248744029735316,121.36,66.32,0.0
7241,0.0,0.324053014856722,124.2,66.32,0.0
7242,0.0,0.28089157514995,141.11,66.32,0.0
7243,0.0,0.351271234768697,148.8,66.32,0.0
7244,0.0,0.397858985355763,146.12,66.32,0.0
7245,0.0,0.56650522539751,124.19,66.32,0.0
7246,0.0,0.687270700432937,115.59,66.32,0.0
7247,0.0,0.753877840221109,109.96,66.32,0.0
7248,0.0,0.823523085023443,102.41,66.32,0.0
7249,0.0,0.799339845355107,101.34,66.32,0.0
7250,0.0,0.814911311200584,100.04,66.32,0.0
7251,0.0,0.827635283033902,98.83,66.32,0.0
7252,0.0,0.811869253351707,98.17,66.32,0.0
7253,0.0,0.841204505294142,100.02,66.32,0.0
7254,0.0,0.826827623596392,113.1,66.32,0.0
7255,0.0007205973920263,0.820953883074212,127.38,66.32,0.0
7256,0.0177471863075225,0.820953883074212,157.73,66.32,0.0
7257,0.0765614621411311,0.831930373863169,151.32,66.32,0.0
7258,0.106329163500983,0.826358908017693,129.69,66.32,0.0
7259,0.0995002453475685,0.830239873009326,120.7,66.32,0.0
7260,0.0971922880242122,0.789206402029851,112.97,66.32,0.0
7261,0.0868254295532047,0.724486717381692,105.45,66.32,0.0
7262,0.0537741818747387,0.671045329483616,117.73,66.32,25000.0
7263,0.0219709138934938,0.788518124450235,135.94,66.32,100000.0
7264,0.0014707964588308,0.778886113051073,172.26,66.32,100000.0
7265,0.0,0.799920412094737,212.72,66.32,50000.0
7266,0.0,0.789600123115959,285.8,66.32,0.0
7267,0.0,0.815794152616917,257.44,66.32,0.0
7268,0.0,0.795794152616917,203.82,66.32,0.0
7269,0.0,0.765171588961435,140.6,66.32,0.0
7270,0.0,0.766450354427097,124.05,66.32,0.0
7271,0.0,0.717170707776148,118.08,66.32,0.0
7272,0.0,0.63445757889655,103.09,66.32,0.0
7273,0.0,0.307735463176923,100.71,66.32,0.0
7274,0.0,0.0,100.52,66.32,0.0
7275,0.0,0.0,98.16,66.32,0.0
7276,0.0,0.0,98.05,66.32,0.0
7277,0.0,0.0275642413760239,100.56,66.32,0.0
7278,0.0,0.0521592164325432,106.32,66.32,0.0
7279,0.005417771542517,0.0687212345343389,123.54,66.32,60910.0
7280,0.120130151298017,0.0613702118750654,139.68,66.32,243640.0
7281,0.31407314039499,0.021470938852928,138.91,66.32,243640.0
7282,0.457998695222734,0.0552832526361345,124.34,66.32,243640.0
7283,0.520672258279618,0.120774396255275,115.0,66.32,243640.0
7284,0.456626193154709,0.0887212345343389,109.68,66.32,243640.0
7285,0.217122166593789,0.0477190112601106,102.53,66.32,243640.0
7286,0.194212553977795,0.101402287644501,106.95,66.32,243640.0
7287,0.0278542493050424,0.128646240041747,111.31,66.32,243640.0
7288,0.0018676751293762,0.145896535723158,126.16,66.32,243640.0
7289,0.0,0.0772760281666815,160.0,66.32,243640.0
7290,0.0,0.29265072721222,193.88,66.32,243640.0
7291,0.0,0.36745892098549,192.89,66.32,243640.0
7292,0.0,0.335011491343605,159.44,66.32,243640.0
7293,0.0,0.31745892098549,133.56,66.32,121820.0
7294,0.0,0.42985176088631,122.67,66.32,0.0
7295,0.0,0.488540919651213,115.34,66.32,0.0
7296,0.0,0.62860957085964,112.37,66.32,0.0
7297,0.0,0.650431312075519,105.16,66.32,0.0
7298,0.0,0.667554773321334,98.51,66.32,0.0
7299,0.0,0.596869089301254,96.58,66.32,0.0
7300,0.0,0.38552312564546,94.81,66.32,0.0
7301,0.0,0.403055291252049,98.03,66.32,0.0
7302,0.0,0.559643041839115,102.34,66.32,0.0
7303,0.0022986004951876,0.609723645294799,121.15,66.32,0.0
7304,0.0701247649255581,0.677976164250438,135.53,66.32,0.0
7305,0.110707817101236,0.659383967114915,133.47,66.32,0.0
7306,0.244483524850114,0.649963330817893,123.28,66.32,52082.5
7307,0.234494296172813,0.560651608397508,105.14,66.32,208330.0
7308,0.385159691763229,0.487213626499304,98.05,66.32,208330.0
7309,0.427811222602516,0.547858985355763,88.91,66.32,208330.0
7310,0.293075958570807,0.64998612601887,92.55,66.32,208330.0
7311,0.107424466166307,0.653135894707733,99.38,66.32,208330.0
7312,0.0063881117579521,0.706253587627159,111.5,66.32,156247.5
7313,0.0,0.692102423728257,123.17,66.32,0.0
7314,0.0,0.633406921679189,129.0,66.32,0.0
7315,0.0,0.723112365185682,128.41,66.32,0.0
7316,0.0,0.73654262890069,117.84,66.32,0.0
7317,0.0,0.734095199258804,105.8,66.32,0.0
7318,0.0,0.770431312075519,85.34,66.32,0.0
7319,0.0,0.770702339046976,80.44,66.32,0.0
7320,0.0,0.790530289181888,64.56,66.32,50000.0
7321,0.0,0.789514004440299,63.34,66.32,150000.0
7322,0.0,0.825827603285384,62.95,66.32,50000.0
7323,0.0,0.860404564039828,57.1,66.32,50000.0
7324,0.0,0.805886786439121,54.54,66.32,12500.0
7325,0.0,0.800038778402211,56.99,66.32,0.0
7326,0.0,0.763945569622231,63.21,66.32,0.0
7327,0.0004017336250697,0.68131341917078,69.68,66.32,0.0
7328,0.0175998350282486,0.685869615825088,70.35,66.32,0.0
7329,0.0658571182475368,0.660250091008941,64.18,66.32,0.0
7330,0.0872014792432799,0.558650567848924,61.2,66.32,0.0
7331,0.122371205403003,0.280620548178493,55.01,66.32,0.0
7332,0.12734292856491,0.530960695073956,32.04,64.925,0.0
7333,0.0941870111266159,0.576275195415336,29.49,64.46,0.0
7334,0.0644537849725695,0.693116505506627,34.9,64.46,0.0
7335,0.0246043186346521,0.757293401890798,63.83,64.46,0.0
7336,0.0011460943993753,0.627607347585412,89.33,64.46,0.0
7337,0.0,0.768978387524666,115.98,64.46,0.0
7338,0.0,0.806450354427097,119.87,64.46,0.0
7339,0.0,0.719009635229913,117.97,64.46,0.0
7340,0.0,0.765203664730871,117.59,64.46,0.0
7341,0.0,0.736951145775232,113.2,64.46,0.0
7342,0.0,0.737607347585412,104.64,64.46,0.0
7343,0.0,0.726162141217754,98.41,64.46,0.0
7344,0.0,0.76448331138182,85.64,64.46,0.0
7345,0.0,0.804759853573253,95.75,64.46,0.0
7346,0.0,0.817195612197229,91.31,64.46,0.0
7347,0.0,0.846358908017692,88.76,64.46,0.0
7348,0.0,0.803113099506755,86.0,64.46,0.0
7349,0.0,0.787164364491983,86.85,64.46,0.0
7350,0.0,0.771290623969802,92.13,64.46,0.0
7351,0.0017705648556408,0.776450354427097,96.97,64.46,0.0
7352,0.0816795847319608,0.785736344362211,100.11,64.46,0.0
7353,0.173609706056503,0.74620505994091,101.16,64.46,0.0
7354,0.0794038489598457,0.815368355761374,109.64,64.46,0.0
7355,0.116469119596134,0.83780411438535,91.19,64.46,0.0
7356,0.0954618748428152,0.825368355761374,94.44,64.46,0.0
7357,0.0489125362354934,0.841930373863169,88.68,64.46,0.0
7358,0.0384401149460031,0.76380137708637,91.51,64.46,0.0
7359,0.0169109446910398,0.704414660173394,103.42,64.46,0.0
7360,0.0005776046236066,0.722447617128117,122.3,64.46,0.0
7361,0.0,0.705128670238279,137.61,64.46,0.0
7362,0.0,0.597976164250438,158.56,64.46,0.0
7363,0.0,0.722424087606066,149.92,64.46,0.0
7364,0.0,0.73930639468664,134.96,64.46,0.0
7365,0.0,0.702027429235665,122.79,64.46,0.0
7366,0.0,0.652447617128117,111.26,64.46,0.0
7367,0.0,0.480983021559354,106.28,64.46,0.0
7368,0.0,0.432730502603715,100.61,64.46,0.0
7369,0.0,0.491671299138969,101.19,64.46,0.0
7370,0.0,0.502359576718585,96.63,64.46,0.0
7371,0.0,0.563135894707732,89.05,64.46,0.0
7372,0.0,0.618295625165027,85.09,64.46,0.0
7373,0.0,0.545516782361295,87.43,64.46,0.0
7374,0.0,0.693824172287348,88.5,64.46,0.0
7375,0.0001900809091269,0.705842680303165,95.56,64.46,0.0
7376,0.0190549899323611,0.693806986049462,98.11,64.46,0.0
7377,0.0545907862177081,0.72780411438535,88.47,64.46,0.0
7378,0.0822638853855118,0.59445757889655,83.97,64.46,0.0
7379,0.121435043091402,0.276801891111122,70.71,64.46,0.0
7380,0.147147863541734,0.42552312564546,60.78,64.46,0.0
7381,0.108816841965921,0.408204178755623,52.63,64.46,0.0
7382,0.218583000333979,0.348423740756538,61.08,64.46,0.0
7383,0.048244332239161,0.383706993392673,84.37,64.46,0.0
7384,0.0016174165187512,0.46792763656419,100.95,64.46,0.0
7385,0.0,0.351616428168556,115.16,64.46,0.0
7386,0.0,0.274680078181758,127.91,64.46,0.0
7387,0.0,0.679009635229913,126.09,64.46,0.0
7388,0.0,0.776450354427097,120.72,64.46,0.0
7389,0.0,0.687607347585412,110.8,64.46,0.0
7390,0.0,0.718321357650298,102.0,64.46,0.0
7391,0.0,0.793012372528892,100.69,64.46,0.0
7392,0.0,0.761365618462394,94.53,64.46,0.0
7393,0.0,0.803012372528893,92.04,64.46,0.0
7394,0.0,0.808204178755622,89.96,64.46,0.0
7395,0.0,0.828172931050376,90.07,64.46,0.0
7396,0.0,0.788290109945051,89.86,64.46,0.0
7397,0.0,0.784229376905133,90.8,64.46,0.0
7398,0.0,0.843071555682629,98.52,64.46,0.0
7399,0.0018624731471208,0.698643849592296,124.89,64.46,0.0
7400,0.126289636697827,0.70343485712768,144.91,64.46,0.0
7401,0.321867713260321,0.697638314061311,139.18,64.46,0.0
7402,0.450977774159011,0.661238877769914,120.63,64.46,0.0
7403,0.525246280969287,0.25983788690518,100.0,64.46,0.0
7404,0.521616330219436,0.0611569931583149,97.12,64.46,0.0
7405,0.455233144898245,0.0869300067026328,95.16,64.46,0.0
7406,0.257461286133166,0.0652832526361345,98.47,64.46,0.0
7407,0.0921345226820245,0.16077972398902,103.17,64.46,0.0
7408,0.0025336925882776,0.248744029735316,130.4,64.46,0.0
7409,0.0,0.401296967253967,181.47,64.46,0.0
7410,0.0,0.422010977318853,290.21,64.46,0.0
7411,0.0,0.361579852729565,241.04,64.46,0.0
7412,0.0,0.313706993392673,162.09,64.46,0.0
7413,0.0,0.308430084040703,123.0,64.46,0.0
7414,0.0,0.366394389787,112.27,64.46,0.0
7415,0.0,0.325331780322383,107.98,64.46,0.0
7416,0.0,0.459606466400124,97.6,64.46,0.0
7417,0.0,0.42339304769806,101.77,64.46,0.0
7418,0.0,0.463706993392673,94.0,64.46,0.0
7419,0.0,0.494046671572556,91.2,64.46,0.0
7420,0.0,0.380269011494468,93.0,64.46,0.0
7421,0.0,0.220177565085064,95.39,64.46,0.0
7422,0.0,0.386768721672002,104.88,64.46,0.0
7423,0.000159790616763,0.376762378387837,127.95,64.46,0.0
7424,0.0200459625339761,0.350860327444703,149.32,64.46,0.0
7425,0.0528436725256488,0.40996140908402,139.15,64.46,0.0
7426,0.0452133666199775,0.240560161988104,118.23,64.46,0.0
7427,0.0674348297383605,0.257090104320464,105.87,64.46,0.0
7428,0.0546417511831188,0.313363909212917,95.28,64.46,0.0
7429,0.0520117680433517,0.293363909212917,94.92,64.46,0.0
7430,0.0525051601377381,0.3533069290224,99.25,64.46,0.0
7431,0.0201795771803265,0.346744910920604,110.35,64.46,0.0
7432,0.0005374878283863,0.379894679609466,155.99,64.46,0.0
7433,0.0,0.383706993392673,331.83,64.46,0.0
7434,0.0,0.381922108845132,505.31,64.46,0.0
7435,0.0,0.441916593625156,468.74,64.46,0.0
7436,0.0,0.247987100947274,341.7,64.46,0.0
7437,0.0,0.132559280802816,172.14,64.46,0.0
7438,0.0,0.0748145370574348,130.77,64.46,0.0
7439,0.0,0.0506882775796152,117.77,64.46,0.0
7440,0.0,0.0828474940121585,110.03,64.46,0.0
7441,0.0,0.1266534645112,106.39,64.46,0.0
7442,0.0,0.224617770257497,99.05,64.46,0.0
7443,0.0,0.275331780322383,95.47,64.46,0.0
7444,0.0,0.147341742090815,97.04,64.46,0.0
7445,0.0,0.0603679886008371,100.51,64.46,0.0
7446,0.0,0.10252720503338,110.25,64.46,0.0
7447,0.0042579560989478,0.172238991824038,163.4,64.46,0.0
7448,0.119633069109672,0.357144975290877,299.99,64.46,0.0
7449,0.308929103523386,0.496536473102756,240.54,64.46,0.0
7450,0.425093145969543,0.451664955854804,144.94,64.46,0.0
7451,0.448176551645579,0.683769301316935,133.46,64.46,0.0
7452,0.310513121093709,0.687239358984574,123.2,64.46,0.0
7453,0.14859013577421,0.818518124450236,123.2,64.46,0.0
7454,0.102776763670495,0.707607347585412,125.55,64.46,0.0
7455,0.0372601101795294,0.747239358984575,141.76,64.46,0.0
7456,0.0009099219049398,0.772356170718713,270.09,64.46,0.0
7457,0.0,0.879403168829789,524.25,64.46,0.0
7458,0.0,0.864988696142627,820.11,64.46,0.0
7459,0.0,0.859114955620446,805.08,64.46,0.0
7460,0.0,0.879403168829789,450.0,64.46,0.0
7461,0.0,0.879403168829789,207.35,64.46,0.0
7462,0.0,0.840239873009326,133.48,64.46,0.0
7463,0.0,0.604495263629077,119.35,64.46,0.0
7464,0.0,0.70273583033746,111.73,64.46,0.0
7465,0.0,0.743438169384436,109.54,64.46,0.0
7466,0.0,0.745171588961436,102.98,64.46,0.0
7467,0.0,0.766450354427097,99.74,64.46,0.0
7468,0.0,0.802644383928055,99.85,64.46,0.0
7469,0.0,0.698540919651213,102.73,64.46,0.0
7470,0.0,0.687976164250438,116.89,64.46,0.0
7471,4.61705034227508e-06,0.725128670238279,157.41,64.46,0.0
7472,0.0165097107383615,0.617219235462396,219.56,64.46,0.0
7473,0.0769937446065545,0.602753297804692,191.99,64.46,0.0
7474,0.160792434657922,0.569258335715971,152.92,64.46,0.0
7475,0.130871823452523,0.697138632006712,148.9,64.46,0.0
7476,0.135214014763891,0.785080142552031,134.81,64.46,0.0
7477,0.0861792627745503,0.861550714244423,135.06,64.46,0.0
7478,0.0371031300122258,0.849114955620447,132.91,64.46,0.0
7479,0.0140387668420321,0.825368355761374,139.94,64.46,0.0
7480,9.92865860927068e-05,0.742356170718713,189.42,64.46,0.0
7481,0.0,0.785794152616917,261.16,64.46,0.0
7482,0.0,0.745171588961436,408.26,64.46,0.0
7483,0.0,0.799206402029851,296.78,64.46,0.0
7484,0.0,0.830953883074212,175.11,64.46,0.0
7485,0.0,0.804759853573253,129.41,64.46,0.0
7486,0.0,0.810953883074212,113.92,64.46,0.0
7487,0.0,0.846358908017692,111.77,64.46,0.0
7488,0.0,0.815736344362211,99.87,64.46,0.0
7489,0.0,0.836358908017692,99.57,64.46,0.0
7490,0.0,0.798518124450236,99.73,64.46,0.0
7491,0.0,0.775080142552031,97.97,64.46,0.0
7492,0.0,0.850239873009326,97.69,64.46,0.0
7493,0.0,0.809494615239193,97.45,64.46,0.0
7494,0.0,0.796205059940911,98.21,64.46,0.0
7495,0.0,0.849114955620447,107.19,64.46,0.0
7496,0.0083362420944198,0.860239873009326,127.55,64.46,0.0
7497,0.0318819897634339,0.88068193429545,132.91,64.46,0.0
7498,0.039669481049756,0.881838927453765,126.52,64.46,0.0
7499,0.0548071549682712,0.826358908017693,117.34,64.46,0.0
7500,0.0535241712532483,0.813389641698188,110.94,65.765,0.0
7501,0.0472099380621329,0.849114955620447,105.59,66.2,0.0
7502,0.0287223957578978,0.876433902510284,106.81,66.2,0.0
7503,0.0084655905095641,0.863209139328831,112.25,66.2,0.0
7504,0.0,0.779675117608551,123.59,66.2,0.0
7505,0.0,0.717607347585412,129.1,66.2,0.0
7506,0.0,0.645102937753009,128.56,66.2,0.0
7507,0.0,0.753012372528892,132.9,66.2,0.0
7508,0.0,0.64410071447878,127.19,66.2,0.0
7509,0.0,0.538669957050029,115.74,66.2,0.0
7510,0.0,0.520018201788306,109.48,66.2,0.0
7511,0.0,0.400301087263904,113.0,66.2,0.0
7512,0.0,0.565843508367354,104.06,66.2,0.0
7513,0.0,0.493361799992813,105.1,66.2,0.0
7514,0.0,0.425100359817326,99.96,66.2,0.0
7515,0.0,0.466214809224948,98.0,66.2,0.0
7516,0.0,0.325054410066761,96.68,66.2,0.0
7517,0.0,0.288492391964965,98.41,66.2,0.0
7518,0.0,0.405828806322036,100.69,66.2,0.0
7519,0.0,0.363053369518176,104.31,66.2,0.0
7520,0.0152729747922922,0.349247399019135,109.87,66.2,0.0
7521,0.064396680690081,0.411642816855637,114.1,66.2,0.0
7522,0.0714851186412826,0.250459435010241,114.6,66.2,0.0
7523,0.0857467905695104,0.1966534645112,109.97,66.2,0.0
7524,0.0631124621843519,0.315054410066761,106.4,66.2,0.0
7525,0.0536092976823094,0.398484126946927,106.88,66.2,0.0
7526,0.0394954143495112,0.332330438233442,108.0,66.2,0.0
7527,0.0130219763141399,0.561664955854804,110.18,66.2,0.0
7528,0.0,0.529254929716099,121.46,66.2,0.0
7529,0.0,0.573092975984576,137.23,66.2,0.0
7530,0.0,0.560631484875329,146.93,66.2,0.0
7531,0.0,0.64478347683842,147.8,66.2,0.0
7532,0.0,0.557982507534603,139.9,66.2,0.0
7533,0.0,0.482604871204771,128.32,66.2,0.0
7534,0.0,0.568966716506757,117.96,66.2,0.0
7535,0.0,0.573736131877815,114.53,66.2,0.0
7536,0.0,0.658267783459652,110.1,66.2,0.0
7537,0.0,0.62549114361914,104.99,66.2,0.0
7538,0.0,0.703144440955117,102.28,66.2,0.0
7539,0.0,0.66896120128678,102.01,66.2,0.0
7540,0.0,0.734856533973286,100.86,66.2,0.0
7541,0.0,0.716612561265032,100.88,66.2,0.0
7542,0.0,0.662006836997908,101.98,66.2,0.0
7543,0.0,0.534441220722853,100.32,66.2,0.0
7544,0.0135244384266738,0.735862069504271,102.45,66.2,0.0
7545,0.0734601000384422,0.66367463639389,105.38,66.2,0.0
7546,0.239808128202927,0.611127854673172,110.99,66.2,0.0
7547,0.261555077241304,0.495559263616578,112.62,66.2,0.0
7548,0.146659948502902,0.400653280149739,110.13,66.2,0.0
7549,0.0796594663832993,0.146365251301857,110.92,66.2,0.0
7550,0.0370098313344617,0.349446181296061,108.6,66.2,0.0
7551,0.0109976112399827,0.473720867373802,112.36,66.2,0.0
7552,0.0,0.517174113776019,126.22,66.2,0.0
7553,0.0,0.413022121812929,134.02,66.2,0.0
7554,0.0,0.407450655967452,148.72,66.2,0.0
7555,0.0,0.323577955993857,146.01,66.2,0.0
7556,0.0,0.460282885475598,138.61,66.2,0.0
7557,0.0,0.506427652969235,125.31,66.2,0.0
7558,0.0,0.530606580454248,115.28,66.2,0.0
7559,0.0,0.558918657536087,111.1,66.2,0.0
7560,0.0,0.567177519775892,108.02,66.2,0.0
7561,0.0,0.253615546983268,109.65,66.2,0.0
7562,0.0,0.325054410066761,103.68,66.2,0.0
7563,0.0,0.40102594028251,100.0,66.2,0.0
7564,0.0,0.636925413289961,97.86,66.2,0.0
7565,0.0,0.786450354427097,97.5,66.2,0.0
7566,0.0,0.794759853573253,103.89,66.2,0.0
7567,0.0,0.632110876232527,115.69,66.2,0.0
7568,0.0072869060304086,0.615859866541051,128.35,66.2,0.0
7569,0.0398617083688363,0.372236054539745,135.06,66.2,0.0
7570,0.149504894825631,0.763113099506755,132.94,66.2,0.0
7571,0.206786866917604,0.567213626499304,128.5,66.2,0.0
7572,0.169511666636237,0.48964938512328,124.21,66.2,0.0
7573,0.155574803703477,0.469260444936075,119.84,66.2,0.0
7574,0.073910869464286,0.393706993392673,129.02,66.2,0.0
7575,0.0188277468252225,0.444326619763861,130.44,66.2,0.0
7576,3.31415646438734e-05,0.408233317240765,139.05,66.2,0.0
7577,0.0,0.347177051060313,140.94,66.2,0.0
7578,0.0,0.507096541347745,153.18,66.2,0.0
7579,0.0,0.554095199258804,147.09,66.2,0.0
7580,0.0,0.617907513042011,133.7,66.2,0.0
7581,0.0,0.719372108610774,121.94,66.2,0.0
7582,0.0,0.671100200454029,112.88,66.2,0.0
7583,0.0,0.575103765817198,111.56,66.2,0.0
7584,0.0,0.532374841222598,105.4,66.2,0.0
7585,0.0,0.547096541347745,110.31,66.2,0.0
7586,0.0,0.539186278507672,104.64,66.2,0.0
7587,0.0,0.638904221096263,102.69,66.2,0.0
7588,0.0,0.688326591640926,103.99,66.2,0.0
7589,0.0,0.672375653662934,107.5,66.2,0.0
7590,0.0,0.554836332331844,118.01,66.2,0.0
7591,0.0,0.58717411377602,147.67,66.2,0.0
7592,0.010735609488873,0.51380137708637,185.52,66.2,0.0
7593,0.0554111399736985,0.501707874577961,201.64,66.2,0.0
7594,0.0550597673393288,0.487267669405528,223.33,66.2,0.0
7595,0.0535138343531994,0.627613690869577,190.24,66.2,0.0
7596,0.0571093280034998,0.402085143747256,171.08,66.2,0.0
7597,0.060000429845027,0.559009635229913,161.59,66.2,0.0
7598,0.044876038180628,0.507824987852454,156.47,66.2,0.0
7599,0.0137056520985437,0.268430084040703,174.37,66.2,0.0
7600,0.0,0.401576915445272,218.78,66.2,0.0
7601,0.0,0.486442917473248,272.73,66.2,0.0
7602,0.0,0.468259049726036,317.89,66.2,0.0
7603,0.0,0.477887295776716,225.33,66.2,0.0
7604,0.0,0.380243279009198,171.35,66.2,0.0
7605,0.0,0.304366132487145,149.12,66.2,0.0
7606,0.0,0.312719378420647,131.9,66.2,0.0
7607,0.0,0.169020571926749,125.21,66.2,0.0
7608,0.0,0.319273131504405,115.59,66.2,0.0
7609,0.0,0.407488059470633,117.15,66.2,0.0
7610,0.0,0.590411922874414,111.71,66.2,0.0
7611,0.0,0.718272095642976,107.85,66.2,0.0
7612,0.0,0.698049221385304,107.45,66.2,0.0
7613,0.0,0.678594587584974,110.63,66.2,0.0
7614,0.0,0.717292292597262,119.0,66.2,0.0
7615,0.0,0.479338845428539,131.1,66.2,0.0
7616,0.0145645855871186,0.564459063162549,164.78,66.2,0.0
7617,0.0878135413774788,0.572680521899173,225.45,66.2,0.0
7618,0.158565126532981,0.383332661507671,227.43,66.2,0.0
7619,0.177411515095025,0.433018715813057,200.8,66.2,0.0
7620,0.0948302331729685,0.406482430196532,177.7,66.2,0.0
7621,0.0875830744561583,0.430983021559354,160.99,66.2,0.0
7622,0.0666070454801935,0.443631998900081,162.07,66.2,0.0
7623,0.0161673710440951,0.478607649125767,159.9,66.2,0.0
7624,0.0,0.482359576718585,165.6,66.2,0.0
7625,0.0,0.553761864363086,178.28,66.2,0.0
7626,0.0,0.567565256926444,178.43,66.2,0.0
7627,0.0,0.514409144953418,173.9,66.2,0.0
7628,0.0,0.559243071211958,161.79,66.2,0.0
7629,0.0,0.585419914475031,125.22,66.2,0.0
7630,0.0,0.502496051071249,114.86,66.2,0.0
7631,0.0,0.438761309716318,113.51,66.2,0.0
7632,0.0,0.414666297943745,106.62,66.2,0.0
7633,0.0,0.261861722654743,101.7,66.2,0.0
7634,0.0,0.229152359123627,99.83,66.2,0.0
7635,0.0,0.298383571831444,96.01,66.2,0.0
7636,0.0,0.204828411038564,92.25,66.2,0.0
7637,0.0,0.181902063442216,91.41,66.2,0.0
7638,0.0,0.178426678040831,92.24,66.2,0.0
7639,0.0,0.262276395327218,103.44,66.2,0.0
7640,0.0073434845578643,0.310208625304079,115.61,66.2,0.0
7641,0.0414721197209564,0.275394088246644,127.14,66.2,0.0
7642,0.0579010580318942,0.200799113190125,123.92,66.2,0.0
7643,0.0768395868853894,0.104563727351273,125.65,66.2,0.0
7644,0.0735572117683767,0.0714022876445011,124.84,66.2,0.0
7645,0.0599415117653668,0.0441262594778196,121.68,66.2,0.0
7646,0.0342004311239306,0.0380329569547236,127.4,66.2,0.0
7647,0.0085772182337321,0.0304687155786997,134.01,66.2,0.0
7648,0.0,0.03,142.18,66.2,0.0
7649,0.0,0.0396797110212219,147.41,66.2,0.0
7650,0.0,0.0572439523972458,155.91,66.2,0.0
7651,0.0,0.0472439523972458,154.09,66.2,0.0
7652,0.0,0.0272439523972458,148.29,66.2,0.0
7653,0.0,0.0180329569547236,138.58,66.2,0.0
7654,0.0,0.0134379818982043,129.44,66.2,0.0
7655,0.0,0.0410022232742283,122.89,66.2,0.0
7656,0.0,0.03,112.48,66.2,0.0
7657,0.0,0.04,110.44,66.2,0.0
7658,0.0,0.0755971983307476,106.71,66.2,0.0
7659,0.0,0.0286891587649032,107.01,66.2,0.0
7660,0.0,0.021470938852928,103.62,66.2,0.0
7661,0.0,0.0196797110212219,104.42,66.2,0.0
7662,0.0,0.0090235092110423,108.6,66.2,0.0
7663,0.0,0.0,129.26,66.2,12500.0
7664,0.006086023467629,0.0,144.16,66.2,50000.0
7665,0.0340029697374697,0.0,157.77,66.2,50000.0
7666,0.057575534993033,0.002435758623976,150.86,66.2,50000.0
7667,0.0709138762860246,0.0058737405221804,138.84,66.2,50000.0
7668,0.0610823035237211,0.0130919604341556,135.08,66.635,50000.0
7669,0.0527928812903749,0.01,121.74,66.78,50000.0
7670,0.0299479581285903,0.0,121.8,66.78,50000.0
7671,0.0069969698470189,0.0034379818982043,131.89,66.78,50000.0
7672,0.0,0.0034379818982043,141.75,66.78,50000.0
7673,0.0,0.0,133.95,66.78,0.0
7674,0.0,0.0104687155786997,136.26,66.78,0.0
7675,0.0,0.0134379818982043,134.77,66.78,0.0
7676,0.0,0.0245628992870836,128.39,66.78,0.0
7677,0.0,0.0276869354906749,115.73,66.78,0.0
7678,0.0,0.0504687155786997,110.74,66.78,0.0
7679,0.0,0.0828154182427228,108.19,66.78,0.0
7680,0.0,0.0914022876445011,98.1,66.78,0.0
7681,0.0,0.0552511768666989,101.92,66.78,0.0
7682,0.0,0.0542810293619062,95.43,66.78,0.0
7683,0.0,0.0665620181017956,89.87,66.78,0.0
7684,0.0,0.0465620181017956,86.57,66.78,0.0
7685,0.0,0.0370307336804953,88.81,66.78,0.0
7686,0.0,0.0386891587649032,86.95,66.78,0.0
7687,0.0,0.0586891587649032,73.82,66.78,0.0
7688,0.004239033515227,0.0780329569547236,90.1,66.78,0.0
7689,0.0266209525308136,0.0486891587649032,104.75,66.78,0.0
7690,0.0478602114216983,0.0580329569547236,109.77,66.78,0.0
7691,0.0526501509256105,0.0562417291230175,107.6,66.78,0.0
7692,0.0531965844813494,0.0680329569547236,99.03,66.78,0.0
7693,0.0479950737958701,0.0952511768666989,96.98,66.78,0.0
7694,0.0275973612584087,0.0852511768666988,96.97,66.78,0.0
7695,0.0065062174459359,0.0480329569547236,93.72,66.78,0.0
7696,0.0,0.0565620181017957,100.22,66.78,0.0
7697,0.0,0.0762417291230175,108.99,66.78,0.0
7698,0.0,0.0786891587649032,118.93,66.78,0.0
7699,0.0,0.102815418242723,114.95,66.78,0.0
7700,0.0,0.114274686077741,104.18,66.78,0.0
7701,0.0,0.123284133821422,82.67,66.78,0.0
7702,0.0,0.122159216432543,72.82,66.78,0.0
7703,0.0,0.124274686077741,73.83,66.78,0.0
7704,0.0,0.104594975056519,65.67,66.78,0.0
7705,0.0,0.159846151923218,80.1,66.78,0.0
7706,0.0,0.114594975056519,69.28,66.78,0.0
7707,0.0,0.141838927453765,72.48,66.78,0.0
7708,0.0,0.150836704179537,58.72,66.78,0.0
7709,0.0,0.132815418242723,42.0,66.78,0.0
7710,0.0,0.179846151923218,34.81,66.78,0.0
7711,0.0,0.220560161988104,42.36,66.78,0.0
7712,0.0037062465529185,0.252895193634218,60.69,66.78,0.0
7713,0.0260460137141286,0.21886966113426,64.8,66.78,0.0
7714,0.0546635338578415,0.303684198191695,65.4,66.78,0.0
7715,0.0866509808672682,0.171838927453765,68.3,66.78,0.0
7716,0.126594959695178,0.20846133174595,64.79,66.78,0.0
7717,0.24187442964713,0.32989827309557,54.9,66.78,0.0
7718,0.170189079884679,0.445555857616706,46.86,66.78,0.0
7719,0.0302242331953359,0.583713805392416,61.25,66.78,0.0
7720,0.0,0.671493546567674,64.8,66.78,0.0
7721,0.0,0.606531785946969,70.1,66.78,0.0
7722,0.0,0.551294858033863,102.84,66.78,0.0
7723,0.0,0.471904735121015,80.7,66.78,0.0
7724,0.0,0.499594607895983,65.4,66.78,0.0
7725,0.0,0.40754503966115,57.41,66.78,0.0
7726,0.0,0.414421003457559,64.79,66.78,0.0
7727,0.0,0.467853470135787,68.76,66.78,0.0
7728,0.0,0.429200886809875,62.02,66.78,0.0
7729,0.0,0.377484653470761,65.42,66.78,0.0
7730,0.0,0.327142397355194,64.39,66.78,0.0
7731,0.0,0.332670116413326,59.86,66.78,0.0
7732,0.0,0.413327146287694,42.39,66.78,0.0
7733,0.0,0.422249928520874,58.17,66.78,0.0
7734,0.0,0.390108726390406,74.23,66.78,0.0
7735,0.0,0.251554120244295,95.55,66.78,0.0
7736,0.0034567269143025,0.113215482612996,121.66,66.78,0.0
7737,0.0266336510678558,0.0879643057462968,121.91,66.78,0.0
7738,0.0723007157075245,0.102746767034296,119.56,66.78,0.0
7739,0.0801323651630808,0.108966529020525,111.51,66.78,0.0
7740,0.077647630150279,0.0316905008538435,92.98,66.78,0.0
7741,0.0509060192143587,0.0,79.5,66.78,0.0
7742,0.050757630163346,0.01,94.13,66.78,0.0
7743,0.0103110879437763,0.0587212345343389,109.52,66.78,0.0
7744,0.0,0.0506882775796152,119.98,66.78,0.0
7745,0.0,0.0421592164325432,132.48,66.78,0.0
7746,0.0,0.0241262594778196,159.9,66.78,0.0
7747,0.0,0.015585527312838,161.82,66.78,0.0
7748,0.0,0.0065620181017956,152.96,66.78,0.0
7749,0.0,0.01,128.94,66.78,0.0
7750,0.0,0.0270307336804953,117.62,66.78,0.0
7751,0.0,0.0265620181017956,116.99,66.78,0.0
7752,0.0,0.0280329569547236,108.7,66.78,0.0
7753,0.0,0.0365620181017956,107.06,66.78,0.0
7754,0.0,0.0431240362035913,101.4,66.78,0.0
7755,0.0,0.0406882775796153,95.58,66.78,0.0
7756,0.0,0.0472502956814109,91.73,66.78,0.0
7757,0.0,0.0472502956814109,95.28,66.78,0.0
7758,0.0,0.0772502956814109,98.73,66.78,0.0
7759,0.0,0.0877126679759455,116.27,66.78,0.0
7760,0.0075919033908014,0.131813194968494,131.59,66.78,0.0
7761,0.0632278054374744,0.0696797110212219,155.06,66.78,0.0
7762,0.168019436903475,0.106710444701717,157.57,66.78,0.0
7763,0.378684476301943,0.440767709246352,156.26,66.78,0.0
7764,0.444146929738368,0.486265821103763,152.81,66.78,0.0
7765,0.366225830480624,0.351265907034952,148.19,66.78,0.0
7766,0.230053935749366,0.323706993392673,144.14,66.78,0.0
7767,0.0584135420303247,0.520732211853192,140.15,66.78,0.0
7768,0.0,0.528940984021486,128.78,66.78,0.0
7769,0.0,0.604414660173393,132.89,66.78,0.0
7770,0.0,0.680631484875329,140.19,66.78,0.0
7771,0.0,0.644538182352233,134.65,66.78,0.0
7772,0.0,0.68419850417235,125.93,66.78,0.0
7773,0.0,0.619697912809528,117.1,66.78,0.0
7774,0.0,0.646165547217626,109.37,66.78,0.0
7775,0.0,0.645914737511464,105.25,66.78,0.0
7776,0.0,0.633855419992594,89.84,66.78,0.0
7777,0.0,0.529609872399996,100.14,66.78,0.0
7778,0.0,0.690999098503703,92.0,66.78,0.0
7779,0.0,0.656229683132645,86.6,66.78,0.0
7780,0.0,0.63917524806772,81.52,66.78,0.0
7781,0.0,0.563009888336325,81.96,66.78,0.0
7782,0.0,0.545413571190866,93.29,66.78,0.0
7783,0.0,0.5320818314905,107.55,66.78,0.0
7784,0.0111632114041075,0.663855045020131,135.62,66.78,0.0
7785,0.0878608856939585,0.677221063453153,142.87,66.78,0.0
7786,0.226280910437747,0.668911564306996,140.09,66.78,0.0
7787,0.395057707521592,0.563437450687215,120.35,66.78,0.0
7788,0.378344169408685,0.541433004138759,107.77,66.78,0.0
7789,0.334483973683908,0.34705059159718,97.26,66.78,0.0
7790,0.193740843040996,0.549661337370537,97.36,66.78,0.0
7791,0.0403443115309815,0.686551175148075,106.64,66.78,0.0
7792,0.0,0.765953328427444,130.84,66.78,0.0
7793,0.0,0.781295764217315,135.09,66.78,0.0
7794,0.0,0.809521722623495,142.0,66.78,0.0
7795,0.0,0.738643849592296,142.58,66.78,0.0
7796,0.0,0.671388413663371,140.26,66.78,0.0
7797,0.0,0.651000301540356,135.98,66.78,0.0
7798,0.0,0.67375634914311,123.05,66.78,0.0
7799,0.0,0.371685079376983,116.42,66.78,0.0
7800,0.0,0.280239873009326,103.5,66.78,0.0
7801,0.0,0.283998143886308,93.96,66.78,0.0
7802,0.0,0.325054410066761,90.4,66.78,0.0
7803,0.0,0.401930373863169,86.8,66.78,0.0
7804,0.0,0.20299592061208,84.15,66.78,0.0
7805,0.0,0.251216363798284,84.23,66.78,0.0
7806,0.0,0.270239873009326,92.48,66.78,0.0
7807,0.0,0.290560161988104,107.17,66.78,0.0
7808,0.0023423883520503,0.300928150588941,121.44,66.78,0.0
7809,0.0198737232272917,0.381616428168556,132.99,66.78,0.0
7810,0.0397687053908721,0.398492391964965,134.98,66.78,0.0
7811,0.0522435729284426,0.418961107543665,127.33,66.78,0.0
7812,0.0520294580386162,0.361616428168556,115.47,66.78,0.0
7813,0.0519066303838717,0.428929031774229,113.57,66.78,0.0
7814,0.0358187880882638,0.532078800463091,120.83,66.78,0.0
7815,0.0069067724440023,0.562767078042706,141.62,66.78,0.0
7816,0.0,0.568640818564887,154.85,66.78,0.0
7817,0.0,0.602110876232527,174.97,66.78,0.0
7818,0.0,0.58237896591969,182.26,66.78,0.0
7819,0.0,0.628221458736624,161.34,66.78,0.0
7820,0.0,0.738004099698928,154.05,66.78,0.0
7821,0.0,0.77562311830225,131.33,66.78,0.0
7822,0.0,0.757658812555953,123.05,66.78,0.0
7823,0.0,0.731710077541181,122.9,66.78,0.0
7824,0.0,0.780019576687337,107.46,66.78,0.0
7825,0.0,0.789311909906616,116.12,66.78,0.0
7826,0.0,0.785473863638139,106.21,66.78,0.0
7827,0.0,0.812644383928055,97.85,66.78,0.0
7828,0.0,0.812644383928055,91.37,66.78,0.0
7829,0.0,0.808886113051073,88.65,66.78,0.0
7830,0.0,0.788886113051073,92.16,66.78,0.0
7831,0.0,0.715171588961435,117.06,66.78,0.0
7832,0.0053413776208675,0.717852642071598,135.3,66.78,0.0
7833,0.0576740093373033,0.624169365687207,144.08,66.78,0.0
7834,0.127562873221642,0.405736344362211,141.58,66.78,0.0
7835,0.228035916324525,0.423018715813057,135.75,66.78,0.0
7836,0.396267082773015,0.381339885977124,116.84,68.9775,0.0
7837,0.330373025836637,0.542039287739807,105.14,69.71,0.0
7838,0.198004850852701,0.455483612922176,95.23,69.71,0.0
7839,0.0404993826776939,0.435423226731787,96.18,69.71,0.0
7840,0.0,0.495102937753009,106.24,69.71,0.0
7841,0.0,0.601690688340075,111.21,69.71,0.0
7842,0.0,0.555816947817895,128.44,69.71,0.0
7843,0.0,0.624852128046847,134.28,69.71,0.0
7844,0.0,0.638992448992027,128.8,69.71,0.0
7845,0.0,0.757878374556868,106.21,69.71,0.0
7846,0.0,0.742718644099574,106.35,69.71,0.0
7847,0.0,0.787190096977253,93.25,69.71,0.0
7848,0.0,0.786607327274403,77.0,69.71,0.0
7849,0.0,0.820045309172608,80.0,69.71,0.0
7850,0.0,0.842809074958558,76.87,69.71,0.0
7851,0.0,0.823928477127461,77.88,69.71,0.0
7852,0.0,0.843005013694307,79.04,69.71,0.0
7853,0.0,0.854844769212261,79.35,69.71,0.0
7854,0.0,0.81275209476804,82.54,69.71,0.0
7855,0.0,0.756524614598615,82.05,69.71,0.0
7856,0.0084959222687293,0.8196515880865,89.27,69.71,0.0
7857,0.0761591726272523,0.749009635229913,97.48,69.71,0.0
7858,0.148207766851511,0.716479492912239,85.62,69.71,0.0
7859,0.117929882931761,0.753012372528892,78.54,69.71,0.0
7860,0.0825191094322398,0.747607347585412,73.5,69.71,0.0
7861,0.065320478476559,0.668940984021486,71.2,69.71,0.0
7862,0.0263219177850756,0.595571653331709,75.85,69.71,0.0
7863,0.0040149824441053,0.645171588961435,85.68,69.71,0.0
7864,0.0,0.445109281037174,104.55,69.71,0.0
7865,0.0,0.358207584755494,87.31,69.71,0.0
7866,0.0,0.258430084040703,95.56,69.71,0.0
7867,0.0,0.231179788359292,86.08,69.71,0.0
7868,0.0,0.237741806461088,71.0,69.71,0.0
7869,0.0,0.249875290408361,59.55,69.71,0.0
7870,0.0,0.251554120244295,48.03,69.71,0.0
7871,0.0,0.227741806461088,39.1,69.71,0.0
7872,0.0,0.153903760192611,18.46,69.71,0.0
7873,0.0,0.166685540280636,1.01,69.71,0.0
7874,0.0,0.0828474940121585,0.0,69.71,0.0
7875,0.0,0.111402287644501,0.0,69.71,0.0
7876,0.0,0.0959651869315847,-0.01,69.71,0.0
7877,0.0,0.0738059704990415,-0.02,69.71,50757.5
7878,0.0,0.0984009455555608,-0.03,69.71,203030.0
7879,0.0,0.0896484633159752,-0.05,69.71,203030.0
7880,0.0020661587408756,0.0800603861903891,-0.03,69.71,203030.0
7881,0.0223019059947002,0.0603743318850022,1.37,69.71,203030.0
7882,0.0479077856687467,0.0604000643702728,3.75,69.71,203030.0
7883,0.0668228086163396,0.0379322299768611,2.07,69.71,203030.0
7884,0.0672491014112018,0.0311569931583149,2.53,69.71,203030.0
7885,0.0554887138411514,0.0,1.01,69.71,203030.0
7886,0.031190327382907,0.01,1.01,69.71,0.0
7887,0.0057024569759544,0.0345949750565193,3.11,69.71,0.0
7888,0.0,0.0486891587649032,6.61,69.71,0.0
7889,0.0,0.0496797110212219,13.99,69.71,0.0
7890,0.0,0.108689158764903,15.52,69.71,0.0
7891,0.0,0.159871884408489,16.18,69.71,0.0
7892,0.0,0.203972411401038,12.02,69.71,0.0
7893,0.0,0.368245175744906,7.4,69.71,75000.0
7894,0.0,0.389655728407445,4.5,69.71,100000.0
7895,0.0,0.702317673545849,3.27,69.71,100000.0
7896,0.0,0.750503463026934,0.01,69.71,100000.0
7897,0.0,0.714486717381692,-1.25,69.71,98840.0
7898,0.0,0.677293401890799,-1.59,69.71,98840.0
7899,0.0,0.691019596998345,-1.42,69.71,98840.0
7900,0.0,0.804020939087286,-1.86,69.71,98840.0
7901,0.0,0.797515901176007,-1.42,69.71,98840.0
7902,0.0,0.810239873009326,-0.28,69.71,98840.0
7903,0.0,0.778886113051073,0.09,69.71,98840.0
7904,0.0007084906467499,0.780677340882779,54.38,69.71,98840.0
7905,0.0130031373709681,0.798886113051073,77.01,69.71,98840.0
7906,0.0319444360060538,0.826450354427097,66.57,69.71,98840.0
7907,0.093649833231544,0.816213606188296,42.55,69.71,74130.0
7908,0.127102451911314,0.799600123115959,41.37,69.71,0.0
7909,0.0566497578653213,0.874988696142627,40.0,69.71,0.0
7910,0.0450502807232966,0.840953883074212,57.16,69.71,0.0
7911,0.0062772677208919,0.844391864972416,67.97,69.71,0.0
7912,0.0,0.879403168829789,94.99,69.71,0.0
7913,0.0,0.874588631772354,92.58,69.71,0.0
7914,0.0,0.868026613670558,116.08,69.71,0.0
7915,0.0,0.872152873148378,128.0,69.71,0.0
7916,0.0,0.84862344484077,118.0,69.71,0.0
7917,0.0,0.84862344484077,94.73,69.71,0.0
7918,0.0,0.868346902649337,81.26,69.71,0.0
7919,0.0,0.88415199196309,86.26,69.71,0.0
7920,0.0,0.88415199196309,69.17,69.71,0.0
7921,0.0,0.873209139328831,89.53,69.71,0.0
7922,0.0,0.834391864972416,77.99,69.71,0.0
7923,0.0,0.830953883074212,77.66,69.71,0.0
7924,0.0,0.798229911240893,70.55,69.71,0.0
7925,0.0,0.74380137708637,72.72,69.71,0.0
7926,0.0,0.716919070005796,82.26,69.71,0.0
7927,0.0,0.662821949013119,101.45,69.71,0.0
7928,0.0034554882802507,0.680386190389143,130.9,69.71,0.0
7929,0.0506623998885084,0.649675586324129,137.84,69.71,0.0
7930,0.154154781974072,0.49333414577367,127.09,69.71,0.0
7931,0.354923577244588,0.448611242611871,112.09,69.71,0.0
7932,0.262191017706394,0.384773196343393,100.0,69.71,0.0
7933,0.211567358920986,0.190022795200977,90.9,69.71,0.0
7934,0.0895279407536823,0.17214460813034,102.07,69.71,0.0
7935,0.0120154394643328,0.133215482612996,116.1,69.71,0.0
7936,0.0,0.353332661507671,123.95,69.71,0.0
7937,0.0,0.435314406598265,143.1,69.71,0.0
7938,0.0,0.354332963048026,155.52,69.71,0.0
7939,0.0,0.248109795061925,160.91,69.71,0.0
7940,0.0,0.226020057901998,153.28,69.71,0.0
7941,0.0,0.134900655733095,126.38,69.71,0.0
7942,0.0,0.1066534645112,118.23,69.71,0.0
7943,0.0,0.116967410205813,122.13,69.71,0.0
7944,0.0,0.112152873148378,113.34,69.71,0.0
7945,0.0,0.0579322299768611,104.74,69.71,0.0
7946,0.0,0.0828474940121585,106.28,69.71,0.0
7947,0.0,0.0894095121139541,110.0,69.71,0.0
7948,0.0,0.15489431244893,111.46,69.71,0.0
7949,0.0,0.341542261740153,114.66,69.71,0.0
7950,0.0,0.331073546161454,123.92,69.71,64425.0
7951,0.0,0.395674864502138,140.5,69.71,128850.0
7952,0.0036721537240014,0.424352352249132,160.0,69.71,128850.0
7953,0.0538283949556995,0.336142752016649,184.84,69.71,128850.0
7954,0.145045106519414,0.315294189332971,164.45,69.71,128850.0
7955,0.13088808649451,0.135999840636703,153.1,69.71,128850.0
7956,0.138165251348732,0.135343638826524,150.0,69.71,128850.0
7957,0.061231119862454,0.10252720503338,145.66,69.71,0.0
7958,0.0270549220301906,0.132090565224116,140.49,69.71,0.0
7959,0.0038086147988187,0.157341742090815,130.09,69.71,0.0
7960,0.0,0.151776619529503,131.7,69.71,0.0
7961,0.0,0.157341742090815,117.56,69.71,0.0
7962,0.0,0.138332294347134,110.24,69.71,0.0
7963,0.0,0.0879643057462968,112.29,69.71,0.0
7964,0.0,0.0744942480786567,101.84,69.71,0.0
7965,0.0,0.0862854759103628,78.14,69.71,0.0
7966,0.0,0.0506882775796152,71.86,69.71,0.0
7967,0.0,0.0341262594778196,67.05,69.71,0.0
7968,0.0,0.0180329569547236,48.78,69.71,0.0
7969,0.0,0.0275642413760239,49.21,69.71,0.0
7970,0.0,0.0165620181017956,41.21,69.71,0.0
7971,0.0,0.0,32.95,69.71,0.0
7972,0.0,0.0,32.08,69.71,0.0
7973,0.0,0.0,31.69,69.71,0.0
7974,0.0,0.0134379818982043,52.29,69.71,0.0
7975,0.0,0.0,64.98,69.71,0.0
7976,0.0006654719552781,0.0065620181017956,88.13,69.71,0.0
7977,0.0143865228762376,0.0,107.41,69.71,0.0
7978,0.0327840576360043,0.0275642413760239,107.41,69.71,0.0
7979,0.0422030979634887,0.0272439523972458,92.1,69.71,0.0
7980,0.0574232747798644,0.0165620181017956,98.7,69.71,0.0
7981,0.0632374518694685,0.0265620181017956,96.16,69.71,0.0
7982,0.0272865028138918,0.0096797110212218,96.68,69.71,0.0
7983,0.0041275449808692,0.0345949750565193,97.86,69.71,0.0
7984,0.0,0.134962963657356,111.59,69.71,0.0
7985,0.0,0.144649017962743,132.62,69.71,0.0
7986,0.0,0.297704215471676,149.33,69.71,0.0
7987,0.0,0.208744029735316,158.23,69.71,0.0
7988,0.0,0.370172049865088,153.91,69.71,0.0
7989,0.0,0.5416131159118,143.97,69.71,0.0
7990,0.0,0.359492693505321,132.49,69.71,0.0
7991,0.0,0.287770116882041,122.16,69.71,0.0
7992,0.0,0.353305007288527,112.6,69.71,0.0
7993,0.0,0.313952287878859,110.3,69.71,0.0
7994,0.0,0.564026548050378,107.01,69.71,0.0
7995,0.0,0.486146158016521,103.47,69.71,0.0
7996,0.0,0.443386704413895,102.8,69.71,0.0
7997,0.0,0.387213626499304,105.3,69.71,0.0
7998,0.0,0.310239873009326,115.28,69.71,0.0
7999,0.0,0.466237135710346,145.1,69.71,0.0
8000,0.000858845534817,0.459675117608551,169.28,69.71,0.0
8001,0.0170989147639587,0.556893337520526,181.35,69.71,0.0
8002,0.0388134694564087,0.579329096144502,162.49,69.71,0.0
8003,0.0514581128135616,0.626525348919689,143.01,69.71,0.0
8004,0.0622270799806634,0.526525348919689,136.4,67.9025,0.0
8005,0.0395747075337396,0.695491049876025,126.59,67.3,0.0
8006,0.0228937236113652,0.637607347585412,119.5,67.3,0.0
8007,0.0033900685397672,0.589229197230828,129.58,67.3,0.0
8008,0.0,0.525859866541051,141.02,67.3,0.0
8009,0.0,0.56410071447878,152.01,67.3,0.0
8010,0.0,0.492799153812142,150.44,67.3,0.0
8011,0.0,0.55545153715274,142.03,67.3,0.0
8012,0.0,0.595555670130475,130.81,67.3,0.0
8013,0.0,0.488918188820509,119.9,67.3,0.0
8014,0.0,0.538669957050029,115.1,67.3,0.0
8015,0.0,0.467485309672571,113.73,67.3,0.0
8016,0.0,0.371268484970635,103.45,67.3,0.0
8017,0.0,0.312582076003793,98.83,67.3,0.0
8018,0.0,0.295360090743336,92.0,67.3,0.0
8019,0.0,0.402333844233314,89.69,67.3,0.0
8020,0.0,0.422337437719417,86.9,67.3,0.0
8021,0.0,0.312930675403525,88.18,67.3,0.0
8022,0.0,0.304169271944092,90.18,67.3,0.0
8023,0.0,0.193172563889839,88.9,67.3,0.0
8024,0.0178539056030675,0.27265072721222,103.06,67.3,0.0
8025,0.159450528399688,0.335325437038217,107.39,67.3,0.0
8026,0.320057171364451,0.43161091294858,91.17,67.3,0.0
8027,0.410934189425786,0.268737686451151,85.2,67.3,0.0
8028,0.423076889510528,0.167687763554864,86.12,67.3,0.0
8029,0.359456301231492,0.13077972398902,87.7,67.3,0.0
8030,0.217438013536037,0.0828474940121585,90.03,67.3,0.0
8031,0.0436145621475433,0.0634920248044284,93.35,67.3,0.0
8032,0.0,0.0141262594778196,124.34,67.3,0.0
8033,0.0,0.0,132.89,67.3,0.0
8034,0.0,0.0,136.94,67.3,0.0
8035,0.0,0.0034379818982043,135.9,67.3,0.0
8036,0.0,0.0275642413760239,131.96,67.3,0.0
8037,0.0,0.0365620181017956,124.51,67.3,0.0
8038,0.0,0.047564241376024,115.08,67.3,0.0
8039,0.0,0.0945949750565193,114.78,67.3,0.0
8040,0.0,0.153215482612996,106.67,67.3,0.0
8041,0.0,0.0687212345343389,99.66,67.3,0.0
8042,0.0,0.0331497686888619,90.01,67.3,0.0
8043,0.0,0.025571465845477,88.14,67.3,0.0
8044,0.0,0.0096797110212218,85.7,67.3,0.0
8045,0.0,0.0365877505870663,84.8,67.3,0.0
8046,0.0,0.0772760281666815,85.31,67.3,0.0
8047,0.0,0.0914022876445011,84.43,67.3,0.0
8048,0.0006010528055685,0.0769620824720685,89.97,67.3,0.0
8049,0.0169576801945495,0.143247558382431,99.64,67.3,0.0
8050,0.0397428777808968,0.327767538946359,94.6,67.3,0.0
8051,0.041117462699794,0.153998143886308,89.3,67.3,0.0
8052,0.046222514345814,0.246365251301857,82.38,67.3,0.0
8053,0.0579921548915647,0.304678156447886,85.25,67.3,0.0
8054,0.0329386158694574,0.432230539319769,83.08,67.3,0.0
8055,0.0046094526669961,0.459261273000264,90.61,67.3,0.0
8056,0.0,0.431008754044625,108.62,67.3,0.0
8057,0.0,0.536776252368967,121.53,67.3,0.0
8058,0.0,0.513830515571513,117.77,67.3,0.0
8059,0.0,0.536259930911324,121.51,67.3,0.0
8060,0.0,0.557512963891714,110.23,67.3,0.0
8061,0.0,0.441642160653827,91.35,67.3,0.0
8062,0.0,0.453773722867227,84.36,67.3,0.0
8063,0.0,0.528233317240765,96.98,67.3,0.0
8064,0.0,0.474395270972288,85.0,67.3,0.0
8065,0.0,0.406542816386922,74.77,67.3,0.0
8066,0.0,0.341990760053559,65.78,67.3,0.0
8067,0.0,0.315777341351495,61.17,67.3,0.0
8068,0.0,0.117624627566413,46.44,67.3,0.0
8069,0.0,0.0966224042921848,50.21,67.3,0.0
8070,0.0,0.0241262594778196,69.53,67.3,0.0
8071,0.0,0.0065620181017956,92.08,67.3,0.0
8072,0.0002887144643136,0.012435758623976,125.25,67.3,0.0
8073,0.0137581889008184,0.0245628992870836,125.2,67.3,0.0
8074,0.0341784037359032,0.0504687155786997,123.63,67.3,0.0
8075,0.0482697171224187,0.0935294283076086,121.27,67.3,0.0
8076,0.0507519379374724,0.225897363787347,115.8,67.3,0.0
8077,0.0589064323583988,0.359937598332622,115.09,67.3,0.0
8078,0.035427597242707,0.314686421465924,127.6,67.3,0.0
8079,0.0047337419003964,0.385054410066761,136.74,67.3,0.0
8080,0.0,0.192213259338767,144.04,67.3,0.0
8081,0.0,0.155965186931585,144.75,67.3,0.0
8082,0.0,0.123284133821422,147.68,67.3,0.0
8083,0.0,0.0665620181017956,147.9,67.3,0.0
8084,0.0,0.0655971983307476,138.0,67.3,0.0
8085,0.0,0.0652769093519695,120.01,67.3,0.0
8086,0.0,0.01,112.68,67.3,0.0
8087,0.0,0.0,111.72,67.3,0.0
8088,0.0,0.0,102.21,67.3,0.0
8089,0.0,0.0065620181017956,110.73,67.3,0.0
8090,0.0,0.0375642413760239,103.05,67.3,0.0
8091,0.0,0.0787212345343389,96.28,67.3,0.0
8092,0.0,0.348524467734401,93.22,67.3,0.0
8093,0.0,0.444734949152172,100.48,67.3,0.0
8094,0.0,0.495171588961436,108.09,67.3,0.0
8095,0.0,0.495135013522444,121.76,67.3,0.0
8096,0.0015177566383209,0.66374366257478,142.39,67.3,0.0
8097,0.0387268677959063,0.701951059844043,154.62,67.3,0.0
8098,0.104447512567856,0.651721029861869,150.09,67.3,0.0
8099,0.104990437312664,0.488640818564887,141.37,67.3,0.0
8100,0.060540710799496,0.491019596998345,139.23,67.3,0.0
8101,0.0388184437482756,0.548915251536215,135.62,67.3,0.0
8102,0.0224838434912015,0.549261273000264,142.41,67.3,0.0
8103,0.0025875976000752,0.487570772146421,150.02,67.3,0.0
8104,0.0,0.554170193751396,168.94,67.3,0.0
8105,0.0,0.639943207295714,205.18,67.3,0.0
8106,0.0,0.558301968449192,210.0,67.3,0.0
8107,0.0,0.568983902744642,197.88,67.3,0.0
8108,0.0,0.588583838374369,189.83,67.3,0.0
8109,0.0,0.578295625165027,170.04,67.3,0.0
8110,0.0,0.575545920846438,153.61,67.3,0.0
8111,0.0,0.632107938948233,142.08,67.3,0.0
8112,0.0,0.820307789896679,130.81,67.3,0.0
8113,0.0,0.754909108237364,120.99,67.3,0.0
8114,0.0,0.805794152616917,116.66,67.3,0.0
8115,0.0,0.748566652136484,112.79,67.3,0.0
8116,0.0,0.771439050569724,110.19,67.3,0.0
8117,0.0,0.801045329483616,112.26,67.3,0.0
8118,0.0,0.762356170718713,120.91,67.3,0.0
8119,0.0,0.842920926119488,145.2,67.3,0.0
8120,4.06661651052764e-05,0.396831029596264,209.76,67.3,0.0
8121,0.0097967499962104,0.03,276.66,67.3,0.0
8122,0.0281718124429509,0.0,250.76,67.3,0.0
8123,0.0437214878090193,0.03,212.21,67.3,0.0
8124,0.0376901792024476,0.0565620181017957,198.95,67.3,0.0
8125,0.0574761888889169,0.1366534645112,192.25,67.3,0.0
8126,0.0345207256406995,0.200491510779677,199.82,67.3,0.0
8127,0.0039507951807103,0.172238991824038,218.44,67.3,0.0
8128,0.0,0.333375580230827,242.87,67.3,0.0
8129,0.0,0.482330438233442,267.35,67.3,0.0
8130,0.0,0.521019596998345,287.76,67.3,0.0
8131,0.0,0.424734121087983,230.22,67.3,93335.0
8132,0.0,0.317490168690737,197.59,67.3,186670.0
8133,0.0,0.272005368355761,165.68,67.3,186670.0
8134,0.0,0.324120838000959,148.34,67.3,186670.0
8135,0.0,0.339249320753007,128.33,67.3,46667.5
8136,0.0,0.371364790398205,113.27,67.3,0.0
8137,0.0,0.353093710305649,114.77,67.3,0.0
8138,0.0,0.192901536918383,105.74,67.3,0.0
8139,0.0,0.220151832599793,103.27,67.3,0.0
8140,0.0,0.231936717147334,104.5,67.3,0.0
8141,0.0,0.294671813163721,103.27,67.3,0.0
8142,0.0,0.364260718353496,104.12,67.3,0.0
8143,0.0,0.161154055874022,135.88,67.3,0.0
8144,0.0003783078659845,0.0941803023840437,143.54,67.3,0.0
8145,0.0185775592151308,0.0441262594778196,141.29,67.3,0.0
8146,0.0452454241079056,0.0744942480786567,131.78,67.3,0.0
8147,0.0921038617986885,0.0141262594778196,124.92,67.3,0.0
8148,0.0958147612722988,0.0,107.31,67.3,0.0
8149,0.0855865090709194,0.01,102.67,67.3,0.0
8150,0.0435800380577585,0.031470938852928,102.93,67.3,0.0
8151,0.0053099147334104,0.198395430335585,102.89,67.3,0.0
8152,0.0,0.390948367854236,100.87,67.3,0.0
8153,0.0,0.597161052235226,101.5,67.3,0.0
8154,0.0,0.683163830156223,118.31,67.3,0.0
8155,0.0,0.411365618462394,112.16,67.3,0.0
8156,0.0,0.406388046502835,105.36,67.3,0.0
8157,0.0,0.399606466400124,87.13,67.3,0.0
8158,0.0,0.337798599165374,77.3,67.3,0.0
8159,0.0,0.577926808500001,74.17,67.3,0.0
8160,0.0,0.804366132487146,43.14,67.3,0.0
8161,0.0,0.818124403364128,10.64,67.3,0.0
8162,0.0,0.740651608397508,4.6,67.3,0.0
8163,0.0,0.630337662702895,3.87,67.3,0.0
8164,0.0,0.687485122186339,2.31,67.3,0.0
8165,0.0,0.799790546631732,2.99,67.3,0.0
8166,0.0,0.792038084703154,10.35,67.3,0.0
8167,0.0,0.595816947817895,63.49,67.3,0.0
8168,0.0006074206213368,0.590974569055085,92.71,67.3,0.0
8169,0.0262938894798526,0.473286805500221,110.17,67.3,0.0
8170,0.0737723695916527,0.288830148410976,110.16,67.3,0.0
8171,0.101205415521171,0.132245335108203,104.08,67.3,0.0
8172,0.0875847793824186,0.0572502956814109,98.37,67.2625,0.0
8173,0.0774533680928097,0.0687212345343389,91.9,67.25,0.0
8174,0.0378024002308914,0.0920584894546807,100.7,67.25,0.0
8175,0.0052301842443643,0.0762738048924532,109.0,67.25,0.0
8176,0.0,0.0587212345343389,116.92,67.25,0.0
8177,0.0,0.133215482612996,131.55,67.25,0.0
8178,0.0,0.292336781517607,142.99,67.25,0.0
8179,0.0,0.485135013522444,151.07,67.25,0.0
8180,0.0,0.5906572173606,142.48,67.25,0.0
8181,0.0,0.695542608589682,130.0,67.25,0.0
8182,0.0,0.796364235751437,119.42,67.25,0.0
8183,0.0,0.780071041657878,121.08,67.25,0.0
8184,0.0,0.729274318917204,102.14,67.25,0.0
8185,0.0,0.604828598524796,86.65,67.25,0.0
8186,0.0,0.634531839068068,74.32,67.25,0.0
8187,0.0,0.691119589655135,68.0,67.25,0.0
8188,0.0,0.73998832898209,63.87,67.25,0.0
8189,0.0,0.756550347083886,58.09,67.25,0.0
8190,0.0,0.765819150781114,50.16,67.25,0.0
8191,0.0,0.681396959910756,39.46,67.25,0.0
8192,0.0016881451621155,0.783171548339419,43.28,67.25,0.0
8193,0.0613582359364788,0.790759319237493,58.06,67.25,0.0
8194,0.175219823704387,0.687824800366223,62.86,67.25,0.0
8195,0.219201363214216,0.642388715203727,64.92,67.25,0.0
8196,0.127067510539424,0.501705952844088,64.92,67.25,0.0
8197,0.114274391204604,0.281893798424178,68.0,67.25,0.0
8198,0.0567256427969345,0.350294743979739,72.84,67.25,0.0
8199,0.0068394031564158,0.357170707776148,74.24,67.25,0.0
8200,0.0,0.354020939087286,82.5,67.25,0.0
8201,0.0,0.333332661507671,96.45,67.25,0.0
8202,0.0,0.309894679609466,96.0,67.25,0.0
8203,0.0,0.350922635368965,87.92,67.25,0.0
8204,0.0,0.455080142552031,82.41,67.25,0.0
8205,0.0,0.18214460813034,78.92,67.25,0.0
8206,0.0,0.0628358229942489,85.03,67.25,0.0
8207,0.0,0.0141262594778196,82.5,67.25,0.0
8208,0.0,0.0065620181017956,74.8,67.25,0.0
8209,0.0,0.0,93.91,67.25,0.0
8210,0.0,0.0,86.83,67.25,0.0
8211,0.0,0.0,86.73,67.25,0.0
8212,0.0,0.0,83.95,67.25,0.0
8213,0.0,0.0,84.44,67.25,0.0
8214,0.0,0.0075642413760239,91.13,67.25,0.0
8215,0.0,0.0506882775796152,91.25,67.25,72655.0
8216,0.0025619967370206,0.0438059704990415,91.29,67.25,145310.0
8217,0.0900907904014184,0.0421592164325432,100.84,67.25,145310.0
8218,0.220903460490369,0.0679322299768611,109.4,67.25,145310.0
8219,0.146219500420484,0.0638380462684772,110.84,67.25,145310.0
8220,0.115724099196505,0.0241262594778196,117.39,67.25,145310.0
8221,0.0458809437199128,0.0265877505870663,118.36,67.25,145310.0
8222,0.0249556834637956,0.0241262594778196,116.74,67.25,145310.0
8223,0.0030051769274932,0.0141262594778196,111.91,67.25,145310.0
8224,0.0,0.0,121.38,67.25,145310.0
8225,0.0,0.0,105.94,67.25,145310.0
8226,0.0,0.0,113.61,67.25,145310.0
8227,0.0,0.0011249173888792,98.55,67.25,145310.0
8228,0.0,0.0545949750565193,97.69,67.25,145310.0
8229,0.0,0.220560161988104,91.29,67.25,145310.0
8230,0.0,0.405837071340073,90.56,67.25,145310.0
8231,0.0,0.697635283033902,88.6,67.25,145310.0
8232,0.0,0.635174994961308,75.01,67.25,0.0
8233,0.0,0.645859866541051,71.36,67.25,0.0
8234,0.0,0.656925413289961,55.83,67.25,0.0
8235,0.0,0.737242764984447,35.13,67.25,0.0
8236,0.0,0.777230906480305,34.4,67.25,0.0
8237,0.0,0.779574390630688,40.01,67.25,0.0
8238,0.0,0.790608689674352,72.24,67.25,0.0
8239,0.0,0.806482430196532,79.4,67.25,0.0
8240,0.0,0.753481088107592,113.34,67.25,0.0
8241,0.0055996372660473,0.828546059898726,122.54,67.25,0.0
8242,0.0189448804813057,0.821644363617047,123.12,67.25,0.0
8243,0.03316518251701,0.772532532767125,129.81,67.25,0.0
8244,0.0858605740414357,0.75830076541254,128.7,67.25,0.0
8245,0.0309649367221829,0.669643041839115,128.32,67.25,0.0
8246,0.0142631430811442,0.585762076847481,124.51,67.25,0.0
8247,0.0010714558333879,0.631045329483616,121.35,67.25,0.0
8248,0.0,0.499920412094737,116.83,67.25,0.0
8249,0.0,0.679625855601229,116.08,67.25,0.0
8250,0.0,0.737583818063361,120.57,67.25,0.0
8251,0.0,0.693400578395024,123.69,67.25,0.0
8252,0.0,0.438547262935378,125.76,67.25,0.0
8253,0.0,0.1466534645112,114.97,67.25,0.0
8254,0.0,0.0452511768666988,100.98,67.25,0.0
8255,0.0,0.0211249173888793,98.48,67.25,0.0
8256,0.0,0.0045628992870836,92.77,67.25,0.0
8257,0.0,0.0434379818982043,92.85,67.25,0.0
8258,0.0,0.104494248078657,89.33,67.25,0.0
8259,0.0,0.379137750821424,86.5,67.25,0.0
8260,0.0,0.561685173120099,83.7,67.25,0.0
8261,0.0,0.579603529115831,87.21,67.25,0.0
8262,0.0,0.793113099506755,89.07,67.25,0.0
8263,0.0,0.820953883074212,112.06,67.25,0.0
8264,0.0,0.832920926119488,135.18,67.25,0.0
8265,0.0090687648140722,0.747895560794754,169.76,67.25,0.0
8266,0.0299208284258674,0.707607347585412,182.14,67.25,0.0
8267,0.0506252957611957,0.75033131941873,184.75,67.25,0.0
8268,0.0552441560730645,0.647607347585412,186.5,67.25,0.0
8269,0.0299182927126534,0.736893337520526,180.62,67.25,0.0
8270,0.0155264255414983,0.723012372528892,190.78,67.25,0.0
8271,0.0014838837124169,0.703012372528892,189.41,67.25,0.0
8272,0.0,0.726237135710346,197.64,67.25,0.0
8273,0.0,0.70242482192714,200.18,67.25,0.0
8274,0.0,0.748886113051073,202.38,67.25,0.0
8275,0.0,0.71380137708637,181.0,67.25,0.0
8276,0.0,0.624489654665986,180.17,67.25,0.0
8277,0.0,0.654169365687207,166.6,67.25,0.0
8278,0.0,0.709574390630688,151.15,67.25,0.0
8279,0.0,0.681733607063231,137.94,67.25,0.0
8280,0.0,0.657950431765167,121.37,67.25,0.0
8281,0.0,0.58063148487533,115.94,67.25,0.0
8282,0.0,0.570386190389143,108.22,67.25,0.0
8283,0.0,0.62650522539751,107.31,67.25,0.0
8284,0.0,0.596217012188167,106.17,67.25,0.0
8285,0.0,0.697558913642279,108.69,67.25,0.0
8286,0.0,0.753187359678274,125.31,67.25,0.0
8287,0.0,0.695597385816979,163.42,67.25,0.0
8288,0.0,0.656530957882781,295.5,67.25,0.0
8289,0.0130223392104963,0.698715906800594,368.97,67.25,0.0
8290,0.0377461050767875,0.685837165083189,377.12,67.25,0.0
8291,0.0533396483380323,0.755887801989541,348.64,67.25,0.0
8292,0.0517174493291666,0.674140320945181,379.99,67.25,0.0
8293,0.0460390636151761,0.646262133874544,385.87,67.25,0.0
8294,0.0254396591034872,0.616819171092123,404.91,67.25,0.0
8295,0.003092111312676,0.354709216666901,371.96,67.25,0.0
8296,0.0,0.34569976892322,380.94,67.25,0.0
8297,0.0,0.231179788359292,437.87,67.25,0.0
8298,0.0,0.104526323848092,445.08,67.25,0.0
8299,0.0,0.0569300067026328,359.92,67.25,0.0
8300,0.0,0.0241262594778196,341.25,67.25,0.0
8301,0.0,0.0065620181017956,206.82,67.25,0.0
8302,0.0,0.0,171.2,67.25,0.0
8303,0.0,0.0,150.0,67.25,0.0
8304,0.0,0.0065620181017956,135.96,67.25,0.0
8305,0.0,0.0141262594778196,122.24,67.25,0.0
8306,0.0,0.0131240362035913,115.3,67.25,0.0
8307,0.0,0.0,109.96,67.25,0.0
8308,0.0,0.0,107.35,67.25,0.0
8309,0.0,0.0,112.51,67.25,0.0
8310,0.0,0.0,123.67,67.25,0.0
8311,0.0,0.0,176.18,67.25,0.0
8312,0.0,0.0175642413760239,599.99,67.25,0.0
8313,0.013085577454521,0.0175642413760239,655.6,67.25,0.0
8314,0.0382428307329002,0.0165620181017956,646.76,67.25,0.0
8315,0.11825113903506,0.0375642413760239,543.83,67.25,0.0
8316,0.115332458226707,0.0638059704990415,465.36,67.25,0.0
8317,0.052875472701412,0.0538059704990415,404.99,67.25,0.0
8318,0.0276962306885018,0.0613702118750654,415.3,67.25,0.0
8319,0.0032112332811551,0.107276028166682,490.34,67.25,0.0
8320,0.0,0.160091446409404,668.49,67.25,0.0
8321,0.0,0.21080545647429,818.98,67.25,0.0
8322,0.0,0.199803233200062,936.28,67.25,0.0
8323,0.0,0.178124403364128,674.18,67.25,0.0
8324,0.0,0.216401826740849,551.01,67.25,0.0
8325,0.0,0.338492391964965,295.66,67.25,0.0
8326,0.0,0.5113850076635,169.4,67.25,0.0
8327,0.0,0.579665462067629,150.0,67.25,0.0
8328,0.0,0.570913807892233,134.75,67.25,0.0
8329,0.0,0.376014542682022,130.07,67.25,0.0
8330,0.0,0.486047805864257,122.9,67.25,0.0
8331,0.0,0.493341020268824,118.97,67.25,0.0
8332,0.0,0.43185069221479,114.95,67.25,0.0
8333,0.0,0.37266460119335,115.64,67.25,0.0
8334,0.0,0.439251523716227,125.83,67.25,0.0
8335,0.0,0.309046116925788,156.53,67.25,0.0
8336,0.0,0.285953328427444,187.71,67.25,0.0
8337,0.0086543196035374,0.215714377225422,253.0,67.25,0.0
8338,0.0285122033940623,0.113529428307609,245.74,67.25,0.0
8339,0.0411110426770172,0.0862854759103628,208.42,67.25,0.0
8340,0.047451061845215,0.0928474940121585,174.4,66.365,0.0
8341,0.0403537092989224,0.0986205075564763,166.06,66.07,0.0
8342,0.0207016333189031,0.205619993531725,165.0,66.07,0.0
8343,0.0021510313580556,0.330269011494468,184.5,66.07,0.0
8344,0.0,0.443664074669516,220.77,66.07,0.0
8345,0.0,0.565448959217058,250.06,66.07,0.0
8346,0.0,0.706287866359814,284.21,66.07,0.0
8347,0.0,0.612771312106767,260.0,66.07,0.0
8348,0.0,0.568983902744642,225.6,66.07,0.0
8349,0.0,0.433012372528892,175.0,66.07,0.0
8350,0.0,0.310239873009326,146.22,66.07,0.0
8351,0.0,0.391645566653699,135.09,66.07,0.0
8352,0.0,0.542630603690041,116.52,66.07,0.0
8353,0.0,0.591659440634828,116.94,66.07,0.0
8354,0.0,0.68610267683467,111.36,66.07,0.0
8355,0.0,0.277558819899164,108.04,66.07,0.0
8356,0.0,0.203284133821423,99.02,66.07,0.0
8357,0.0,0.26952586294444,93.44,66.07,0.0
8358,0.0,0.396430965225991,91.55,66.07,0.0
8359,0.0,0.518221458736624,92.35,66.07,0.0
8360,0.0,0.658903393032074,101.67,66.07,0.0
8361,0.0069883973242781,0.686629747502918,113.75,66.07,0.0
8362,0.0254294404768301,0.711561275968796,124.98,66.07,0.0
8363,0.0459711355869884,0.645409821466236,120.93,66.07,0.0
8364,0.0519170972319994,0.573779706802782,107.48,66.07,0.0
8365,0.0307841683559682,0.551366274664204,104.71,66.07,174420.0
8366,0.0155977609004744,0.737844189567328,102.96,66.07,174420.0
8367,0.0014010712876575,0.778269892679756,96.63,66.07,174420.0
8368,0.0,0.693087367021484,98.24,66.07,174420.0
8369,0.0,0.78918066954458,105.67,66.07,174420.0
8370,0.0,0.773389641698188,121.12,66.07,174420.0
8371,0.0,0.843998143886308,93.15,66.07,174420.0
8372,0.0,0.865965186931585,95.6,66.07,174420.0
8373,0.0,0.867557898091859,86.01,66.07,174420.0
8374,0.0,0.877436125784513,82.78,66.07,174420.0
8375,0.0,0.849114955620447,87.25,66.07,130815.0
8376,0.0,0.832644383928055,73.81,66.07,0.0
8377,0.0,0.811290623969802,73.58,66.07,0.0
8378,0.0,0.805130873201499,68.48,66.07,0.0
8379,0.0,0.80411458845991,67.61,66.07,0.0
8380,0.0,0.806601812054427,59.39,66.07,0.0
8381,0.0,0.877155630758366,55.33,66.07,207690.0
8382,0.0,0.851661549854932,52.74,66.07,415380.0
8383,0.0,0.680725868569027,45.62,66.07,415380.0
8384,0.0,0.477858985355763,53.92,66.07,415380.0
8385,0.0131804189196552,0.471008754044625,65.3,66.07,415380.0
8386,0.0602962354104223,0.462421884642846,70.65,66.07,415380.0
8387,0.114953503695306,0.518572995420649,65.26,66.07,415380.0
8388,0.0387567338539969,0.438547262935378,60.9,66.07,415380.0
8389,0.0289982275058376,0.30742151748231,61.5,66.07,415380.0
8390,0.0134013502716408,0.289212745314016,47.51,66.07,415380.0
8391,0.0010103100079434,0.324985758858334,49.47,66.07,415380.0
8392,0.0,0.353018715813058,47.92,66.07,415380.0
8393,0.0,0.357144975290877,38.0,66.07,415380.0
8394,0.0,0.389292520705511,43.42,66.07,415380.0
8395,0.0,0.267741806461088,28.33,66.07,415380.0
8396,0.0,0.253615546983268,24.55,66.07,415380.0
8397,0.0,0.389292520705511,18.55,66.07,415380.0
8398,0.0,0.387170707776148,13.96,66.07,415380.0
8399,0.0,0.451296967253967,10.08,66.07,415380.0
8400,0.0,0.37569976892322,2.29,66.07,415380.0
8401,0.0,0.340582957189081,0.09,66.07,425230.0
8402,0.0,0.309212745314016,0.1,66.07,425230.0
8403,0.0,0.382356170718713,0.05,66.07,425230.0
8404,0.0,0.483726382593778,0.07,66.07,425230.0
8405,0.0,0.428861208629991,-0.01,66.07,425230.0
8406,0.0,0.373732725877943,1.75,66.07,425230.0
8407,0.0,0.231616428168556,7.73,66.07,425230.0
8408,0.0,0.248055752155701,59.3,66.07,425230.0
8409,0.0051579726957563,0.291893798424178,71.79,66.07,425230.0
8410,0.0219550209995555,0.305331780322383,75.91,66.07,425230.0
8411,0.0356949815280285,0.359832371685204,75.46,66.07,425230.0
8412,0.0328595838620964,0.399581561979042,80.13,66.07,425230.0
8413,0.0232492719639591,0.329926755378902,85.22,66.07,425230.0
8414,0.011482788863215,0.332575732719628,81.7,66.07,425230.0
8415,0.0007344564974223,0.374421003457559,81.7,66.07,425230.0
8416,0.0,0.356074100808222,81.7,66.07,425230.0
8417,0.0,0.403984363648295,74.0,66.07,425230.0
8418,0.0,0.423978020364129,81.56,66.07,0.0
8419,0.0,0.410294743979739,72.01,66.07,0.0
8420,0.0,0.404734949152172,70.94,66.07,0.0
8421,0.0,0.391296967253967,61.5,66.07,0.0
8422,0.0,0.347144975290877,44.41,66.07,0.0
8423,0.0,0.265306047837112,44.4,66.07,0.0
8424,0.0,0.182458553824953,16.59,66.07,0.0
8425,0.0,0.155676973722242,37.45,66.07,0.0
8426,0.0,0.221493734053905,21.57,66.07,0.0
8427,0.0,0.145208258143543,20.94,66.07,0.0
8428,0.0,0.130091446409404,25.01,66.07,0.0
8429,0.0,0.203897416908446,28.98,66.07,0.0
8430,0.0,0.180560161988104,57.27,66.07,72975.0
8431,0.0,0.199803233200062,67.77,66.07,145950.0
8432,0.0,0.17077972398902,104.94,66.07,145950.0
8433,0.0055860525819157,0.261173445075127,115.92,66.07,145950.0
8434,0.0238741987556489,0.170091446409404,114.04,66.07,145950.0
8435,0.0435996124095557,0.132841150727993,108.4,66.07,145950.0
8436,0.0564874037083179,0.151145134654174,102.38,66.07,145950.0
8437,0.048231173584872,0.121402287644501,102.72,66.07,145950.0
8438,0.0200283684192962,0.126999485975249,106.2,66.07,145950.0
8439,0.0018520712258221,0.162866883213264,109.63,66.07,145950.0
8440,0.0,0.314700295447053,116.42,66.07,145950.0
8441,0.0,0.284678156447886,117.1,66.07,145950.0
8442,0.0,0.358305561935295,127.33,66.07,145950.0
8443,0.0,0.336497694700545,121.6,66.07,145950.0
8444,0.0,0.3412748282548,108.1,66.07,145950.0
8445,0.0,0.435046973112912,98.51,66.07,145950.0
8446,0.0,0.507398628538217,95.84,66.07,145950.0
8447,0.0,0.46703063993738,92.44,66.07,145950.0
8448,0.0,0.302915410899512,70.66,66.07,145950.0
8449,0.0,0.268795494705858,69.18,66.07,0.0
8450,0.0,0.328757903716446,52.31,66.07,0.0
8451,0.0,0.271802164528542,48.41,66.07,0.0
8452,0.0,0.221145134654174,45.0,66.07,0.0
8453,0.0,0.106279132626198,30.25,66.07,0.0
8454,0.0,0.0645886317723542,38.0,66.07,0.0
8455,0.0,0.0741456486789252,49.91,66.07,184000.0
8456,0.0,0.107307088385697,57.9,66.07,184000.0
8457,0.0050625357044251,0.0807514135680661,77.58,66.07,184000.0
8458,0.0216693169113022,0.0834920248044284,72.82,66.07,184000.0
8459,0.0344769852440667,0.0562417291230175,65.99,66.07,184000.0
8460,0.0394161911509077,0.0296797110212219,63.08,66.07,184000.0
8461,0.038953580218235,0.0365620181017956,63.07,66.07,46000.0
8462,0.0183131081362791,0.0445949750565193,63.08,66.07,0.0
8463,0.0017831574621793,0.0944942480786567,63.08,66.07,0.0
8464,0.0,0.151088341949888,55.63,66.07,0.0
8465,0.0,0.173215482612996,46.81,66.07,0.0
8466,0.0,0.237490168690737,57.9,66.07,0.0
8467,0.0,0.285749030930541,63.08,66.07,0.0
8468,0.0,0.225060753350926,63.08,66.07,0.0
8469,0.0,0.104274686077741,57.9,66.07,0.0
8470,0.0,0.220560161988104,50.69,66.07,0.0
8471,0.0,0.181536652777062,43.14,66.07,150000.0
8472,0.0,0.216339518816587,21.44,66.07,150000.0
8473,0.0,0.279555001429583,11.28,66.07,166670.0
8474,0.0,0.199771157430626,13.23,66.07,166670.0
8475,0.0,0.180560161988104,5.45,66.07,166670.0
8476,0.0,0.1866534645112,1.25,66.07,166670.0
8477,0.0,0.236051305607244,0.31,66.07,166670.0
8478,0.0,0.227810457669515,2.0,66.07,166670.0
8479,0.0,0.241179788359292,8.57,66.07,166670.0
8480,0.0,0.182587591223769,53.95,66.07,166670.0
8481,0.0065470884678736,0.212279988813321,67.44,66.07,166670.0
8482,0.0267246298337194,0.12252720503338,68.42,66.07,166670.0
8483,0.0403885258718833,0.0638059704990415,65.84,66.07,166670.0
8484,0.0405443031500542,0.144962963657356,67.7,66.07,166670.0
8485,0.0314213490673424,0.126941677720542,69.72,66.07,166670.0
8486,0.0164115302881827,0.0621592164325432,70.4,66.07,166670.0
8487,0.0016116863865366,0.0703679886008371,69.72,66.07,166670.0
8488,0.0,0.247053528881473,70.47,66.07,0.0
8489,0.0,0.099089223135176,71.46,66.07,0.0
8490,0.0,0.251179788359292,81.52,66.07,0.0
8491,0.0,0.263989878868271,92.58,66.07,0.0
8492,0.0,0.35052064926482,87.36,66.07,0.0
8493,0.0,0.406585735110078,75.37,66.07,0.0
8494,0.0,0.207090104320464,70.0,66.07,0.0
8495,0.0,0.193215482612996,69.72,66.07,0.0
8496,0.0,0.424369538487017,55.01,66.07,0.0
8497,0.0,0.403298664004362,47.72,66.07,0.0
8498,0.0,0.467850720337725,31.48,66.07,0.0
8499,0.0,0.511297623455778,16.31,66.07,0.0
8500,0.0,0.554439673961444,17.43,66.07,0.0
8501,0.0,0.605809885836509,22.82,66.07,0.0
8502,0.0,0.497145631492687,48.49,66.07,0.0
8503,0.0,0.50169703162424,66.15,66.07,0.0
8504,0.0,0.603415842899037,102.4,66.07,0.0
8505,0.0165282367227123,0.584489654665986,109.72,66.07,0.0
8506,0.0659834659116625,0.56445757889655,106.65,66.07,0.0
8507,0.107010715224993,0.47964938512328,103.14,66.07,0.0
8508,0.0482629390289687,0.492110876232527,97.44,66.07,0.0
8509,0.034718976343067,0.653769301316934,87.56,66.07,0.0
8510,0.0193428565641619,0.69620505994091,83.84,66.07,0.0
8511,0.0022410321625417,0.687883889776845,88.03,66.07,0.0
8512,0.0,0.74620505994091,98.67,66.07,0.0
8513,0.0,0.719675117608551,105.24,66.07,0.0
8514,0.0,0.752399089441869,109.89,66.07,0.0
8515,0.0,0.769643041839115,101.18,66.07,0.0
8516,0.0,0.751045329483616,98.65,66.07,0.0
8517,0.0,0.793389641698188,89.73,66.07,0.0
8518,0.0,0.747515901176007,71.82,66.07,0.0
8519,0.0,0.800953883074212,70.34,66.07,0.0
8520,0.0,0.70380137708637,58.26,66.07,0.0
8521,0.0,0.726919070005797,27.75,66.07,0.0
8522,0.0,0.70033131941873,22.75,66.07,0.0
8523,0.0,0.695080142552031,21.56,66.07,0.0
8524,0.0,0.610363395188166,19.41,66.07,0.0
8525,0.0,0.650043106209388,18.11,66.07,0.0
8526,0.0,0.683481088107592,20.04,66.07,0.0
8527,0.0,0.64380137708637,20.0,66.07,0.0
8528,0.0,0.625171588961436,21.21,66.07,0.0
8529,0.0099310951316722,0.604169365687207,22.87,66.07,0.0
8530,0.0383336622889186,0.427213626499304,29.33,66.07,0.0
8531,0.0621151563962085,0.413455355622321,31.43,66.07,0.0
8532,0.0865309762778232,0.416456697711262,31.01,66.07,0.0
8533,0.0645975723318777,0.411339885977123,31.23,66.07,0.0
8534,0.0313138577518727,0.458892456335238,29.9,66.07,0.0
8535,0.0037692006343335,0.436925413289962,25.92,66.07,0.0
8536,0.0,0.404834848065845,27.28,66.07,0.0
8537,0.0,0.38780411438535,29.31,66.07,0.0
8538,0.0,0.372399089441869,29.27,66.07,0.0
8539,0.0,0.395811338854803,27.95,66.07,0.0
8540,0.0,0.391396866167641,20.73,66.07,0.0
8541,0.0,0.343375580230827,15.3,66.07,0.0
8542,0.0,0.392373356956599,4.9,66.07,0.0
8543,0.0,0.42552312564546,3.0,66.07,0.0
8544,0.0,0.467181550729868,1.0,66.07,0.0
8545,0.0,0.284686421465924,0.0,66.07,0.0
8546,0.0,0.325811338854803,-0.03,66.07,0.0
8547,0.0,0.367176222996124,-0.46,66.07,197320.0
8548,0.0,0.375811338854803,-1.04,66.07,197320.0
8549,0.0,0.298247097478779,-2.06,66.07,197320.0
8550,0.0,0.30367785490753,-0.47,66.07,197320.0
8551,0.0,0.381302482473943,-0.68,66.07,197320.0
8552,0.0,0.447274012689693,-0.12,66.07,197320.0
8553,0.005837021498322,0.438961107543665,3.46,66.07,197320.0
8554,0.0235230992495516,0.424740464372148,20.6,66.07,197320.0
8555,0.0355585417540714,0.218400945555561,20.17,66.07,197320.0
8556,0.0397298069009281,0.239557938713876,23.0,66.07,197320.0
8557,0.0361563545735636,0.448624835363653,21.19,66.07,197320.0
8558,0.018402729724862,0.466805297110993,21.39,66.07,197320.0
8559,0.0019825152698449,0.391328214959214,28.02,66.07,197320.0
8560,0.0,0.334366132487145,41.77,66.07,197320.0
8561,0.0,0.452767078042706,46.93,66.07,0.0
8562,0.0,0.526205059940911,65.47,66.07,0.0
8563,0.0,0.675548858130731,60.79,66.07,0.0
8564,0.0,0.580651608397508,58.21,66.07,0.0
8565,0.0,0.599963330817893,46.93,66.07,0.0
8566,0.0,0.573055291252049,36.66,66.07,0.0
8567,0.0,0.668644224564759,36.2,66.07,0.0
8568,0.0,0.641707874577961,24.5,66.07,0.0
8569,0.0,0.718269892679756,29.19,66.07,0.0
8570,0.0,0.677581615100141,20.13,66.07,0.0
8571,0.0,0.591339885977124,14.31,66.07,0.0
8572,0.0,0.498961107543665,9.12,66.07,0.0
8573,0.0,0.681707874577961,9.78,66.07,0.0
8574,0.0,0.73030982099752,14.8,66.07,0.0
8575,0.0,0.814400598706032,17.39,66.07,0.0
8576,0.0,0.832920926119488,52.01,66.07,0.0
8577,0.0046527315808192,0.771610084884391,59.34,66.07,0.0
8578,0.0194300704555941,0.761642160653827,59.62,66.07,0.0
8579,0.0294587757774787,0.756525348919689,52.73,66.07,0.0
8580,0.0325306080856582,0.726205059940911,52.0,66.07,0.0
8581,0.0279798983163031,0.73306090021514,54.17,66.07,0.0
8582,0.0145180599656125,0.717007016672213,54.81,66.07,0.0
8583,0.0014586609123776,0.614411254173522,61.56,66.07,0.0
8584,0.0,0.535494455875897,73.69,66.07,0.0
8585,0.0,0.688540919651213,82.56,66.07,0.0
8586,0.0,0.71100241076046,98.25,66.07,0.0
8587,0.0,0.767878374556869,101.75,66.07,0.0
8588,0.0,0.720725868569027,97.47,66.07,0.0
8589,0.0,0.733161627193003,92.59,66.07,0.0
8590,0.0,0.752473349613388,108.29,66.07,0.0
8591,0.0,0.783752115079049,105.82,66.07,0.0
8592,0.0,0.730682121781682,96.99,66.07,0.0
8593,0.0,0.705842680303165,86.03,66.07,0.0
8594,0.0,0.689346376125503,82.84,66.07,0.0
8595,0.0,0.76930639468664,81.89,66.07,0.0
8596,0.0,0.761421864331838,78.0,66.07,0.0
8597,0.0,0.773489634354977,78.78,66.07,0.0
8598,0.0,0.76998832898209,80.6,66.07,0.0
8599,0.0,0.743138097670952,85.07,66.07,0.0
8600,0.0,0.677907513042011,100.83,66.07,0.0
8601,0.00991858540249,0.656482898912111,115.09,66.07,0.0
8602,0.0450864868402097,0.563082508003318,120.95,66.07,0.0
8603,0.0794290170062531,0.398490470231092,120.0,66.07,0.0
8604,0.0631758904546314,0.470043106209388,118.16,66.07,0.0
8605,0.0366441496853125,0.209489287505449,117.49,66.07,0.0
8606,0.0184343442562568,0.298081484640972,115.38,66.07,0.0
8607,0.0019872237061625,0.464760681637442,117.98,66.07,0.0
8608,0.0,0.597610753585284,119.5,66.07,0.0
8609,0.0,0.737236421700281,120.21,66.07,0.0
8610,0.0,0.742076691242987,118.0,66.07,0.0
8611,0.0,0.818854865345826,110.98,66.07,0.0
8612,0.0,0.838204178755623,105.66,66.07,0.0
8613,0.0,0.878426678040831,102.56,66.07,0.0
8614,0.0,0.862429415339811,94.63,66.07,0.0
8615,0.0,0.833506633106631,99.04,66.07,0.0
8616,0.0,0.868991433441607,90.0,66.07,0.0
8617,0.0,0.868991433441607,91.37,66.07,0.0
8618,0.0,0.875965186931585,86.44,66.07,0.0
8619,0.0,0.778886113051073,85.07,66.07,0.0
8620,0.0,0.66998612601887,80.81,66.07,0.0
8621,0.0,0.581294029969674,75.99,66.07,0.0
8622,0.0,0.323270353583409,80.81,66.07,0.0
8623,0.0,0.133247558382431,83.01,66.07,0.0
8624,0.0,0.0503679886008371,84.94,66.07,0.0
8625,0.0076891213269493,0.0280329569547236,90.21,66.07,0.0
8626,0.0304973842008051,0.0304687155786997,99.24,66.07,0.0
8627,0.0455227014550482,0.0745949750565193,93.56,66.07,0.0
8628,0.0412271264479557,0.169334517621362,92.55,66.07,0.0
8629,0.0387692239859786,0.169777500714791,94.41,66.07,0.0
8630,0.0192039486571001,0.367865328639928,91.03,66.07,0.0
8631,0.0020931459477199,0.520715400587769,99.17,66.07,0.0
8632,0.0,0.578993652028679,112.69,66.07,0.0
8633,0.0,0.697142038006584,118.01,66.07,0.0
8634,0.0,0.613438169384436,120.53,66.07,0.0
8635,0.0,0.629697912809528,119.11,66.07,0.0
8636,0.0,0.615816947817895,118.01,66.07,0.0
8637,0.0,0.678295625165027,118.33,66.07,0.0
8638,0.0,0.842920926119488,113.01,66.07,0.0
8639,0.0,0.830953883074212,114.07,66.07,0.0
8640,0.0,0.831930373863169,104.63,66.07,0.0
8641,0.0,0.846358908017692,102.17,66.07,0.0
8642,0.0,0.848794666641668,95.06,66.07,0.0
8643,0.0,0.88068193429545,94.61,66.07,0.0
8644,0.0,0.851562385262332,89.64,66.07,0.0
8645,0.0,0.859771157430626,90.87,66.07,0.0
8646,0.0,0.815736344362211,95.1,66.07,0.0
8647,0.0,0.775736344362211,99.0,66.07,0.0
8648,0.0,0.747607347585412,112.61,66.07,0.0
8649,0.0041215001964022,0.730389127673436,119.1,66.07,0.0
8650,0.0190744079229475,0.751642160653827,118.23,66.07,0.0
8651,0.0324191470179172,0.700043106209388,113.25,66.07,0.0
8652,0.0364068258002177,0.731642160653827,106.01,66.07,0.0
8653,0.0285436852841983,0.810953883074212,107.71,66.07,0.0
8654,0.0153351621381402,0.705171588961436,103.9,66.07,0.0
8655,0.0017334492754861,0.684414660173393,109.64,66.07,0.0
8656,0.0,0.763726382593778,120.75,66.07,0.0
8657,0.0,0.735171588961436,129.64,66.07,0.0
8658,0.0,0.838518124450236,137.9,66.07,0.0
8659,0.0,0.753481088107592,138.05,66.07,0.0
8660,0.0,0.751690688340075,135.71,66.07,0.0
8661,0.0,0.683135894707732,129.13,66.07,0.0
8662,0.0,0.657262154185552,120.85,66.07,0.0
8663,0.0,0.664800663076305,123.5,66.07,0.0
8664,0.0,0.743824172287348,116.98,66.07,0.0
8665,0.0,0.795080142552031,106.79,66.07,0.0
8666,0.0,0.836358908017692,101.52,66.07,0.0
8667,0.0,0.842920926119488,101.03,66.07,0.0
8668,0.0,0.85667919699647,99.74,66.07,0.0
8669,0.0,0.872552937518651,99.58,66.07,0.0
8670,0.0,0.878714891250174,106.2,66.07,0.0
8671,0.0,0.874908920751132,115.7,66.07,0.0
8672,0.0,0.885276909351969,124.29,66.07,0.0
8673,0.0035586654335668,0.756539222900818,131.85,66.07,0.0
8674,0.0175315542691875,0.874988696142627,130.15,66.07,0.0
8675,0.0290120383092198,0.836358908017692,120.1,66.07,0.0
8676,0.0328583596614689,0.851242096283554,107.94,66.07,0.0
8677,0.0248752440381941,0.474063857810442,107.81,66.07,0.0
8678,0.0134187078138022,0.181216363798284,107.94,66.07,0.0
8679,0.0015333135687796,0.169846151923218,121.65,66.07,0.0
8680,0.0,0.111156993158315,136.46,66.07,0.0
8681,0.0,0.168775277440563,146.25,66.07,0.0
8682,0.0,0.426136408732484,151.8,66.07,0.0
8683,0.0,0.360957289074084,158.4,66.07,0.0
8684,0.0,0.428207584755495,146.43,66.07,0.0
8685,0.0,0.352330438233442,133.14,66.07,0.0
8686,0.0,0.31879807264154,125.42,66.07,0.0
8687,0.0,0.209489287505449,126.76,66.07,0.0
8688,0.0,0.275994325416727,114.0,66.07,0.0
8689,0.0,0.173929492677881,126.4,66.07,0.0
8690,0.0,0.166365251301857,116.63,66.07,0.0
8691,0.0,0.0894095121139541,110.15,66.07,0.0
8692,0.0,0.0175642413760239,105.92,66.07,0.0
8693,0.0,0.0034379818982043,102.93,66.07,0.0
8694,0.0,0.002435758623976,105.58,66.07,0.0
8695,0.0,0.0311249173888792,109.71,66.07,0.0
8696,6.02601140997185e-05,0.0386891587649032,124.24,66.07,0.0
8697,0.074192767576337,0.166433902510284,128.0,66.07,0.0
8698,0.206159826744797,0.275368355761374,128.3,66.07,0.0
8699,0.315326576781311,0.416002684177881,122.83,66.07,0.0
8700,0.372688782554368,0.560018857990116,113.4,66.07,0.0
8701,0.266002003063312,0.489678523608422,108.97,66.07,0.0
8702,0.153739936131508,0.492394230423703,110.01,66.07,0.0
8703,0.0345407042986696,0.694115791496562,117.83,66.07,0.0
8704,0.0,0.707236421700281,137.84,66.07,0.0
8705,0.0,0.780619626371188,143.25,66.07,0.0
8706,0.0,0.778540919651213,152.0,66.07,0.0
8707,0.0,0.812030366519959,147.51,66.07,0.0
8708,0.0,0.830602346390187,140.48,66.07,25000.0
8709,0.0,0.822955392338375,129.26,66.07,100000.0
8710,0.0,0.830473308991371,125.9,66.07,100000.0
8711,0.0,0.860510899980783,121.25,66.07,100000.0
8712,0.0,0.863628592900209,114.93,66.07,100000.0
8713,0.0,0.821342088940343,127.39,66.07,392710.0
8714,0.0,0.826953348738452,114.09,66.07,392710.0
8715,0.0,0.843089569984704,107.71,66.07,392710.0
8716,0.0,0.837466639168686,101.7,66.07,392710.0
8717,0.0,0.82481766182796,97.73,66.07,392710.0
8718,0.0,0.800314133180844,98.61,66.07,392710.0
8719,0.0,0.809600123115959,98.16,66.07,392710.0
8720,0.0,0.789600123115959,102.09,66.07,392710.0
8721,0.0065657225531991,0.777852642071598,110.71,66.07,392710.0
8722,0.0274675846513675,0.790576613904916,114.65,66.07,392710.0
8723,0.0412110581339133,0.812644383928055,104.07,66.07,392710.0
8724,0.0455878714132065,0.798886113051073,100.19,66.07,392710.0
8725,0.0891880236742928,0.818229911240893,100.72,66.07,392710.0
8726,0.0385567038145002,0.789920412094737,99.73,66.07,392710.0
8727,0.0046989210694856,0.84714791257517,98.44,66.07,392710.0
8728,0.0,0.838518124450236,104.01,66.07,392710.0
8729,0.0,0.848518124450236,121.73,66.07,392710.0
8730,0.0,0.86148739076974,122.0,66.07,392710.0
8731,0.0,0.846082365826259,126.11,66.07,392710.0
8732,0.0,0.846770643405875,121.34,66.07,392710.0
8733,0.0,0.83608236582626,109.92,66.07,392710.0
8734,0.0,0.850485167495512,90.21,66.07,392710.0
8735,0.0,0.835080142552031,83.79,66.07,392710.0
8736,0.0,0.806450354427097,71.63,66.07,392710.0
8737,0.0,0.808229911240893,71.73,66.07,505210.0
8738,0.0,0.763726382593778,68.6,66.07,505210.0
8739,0.0,0.753012372528892,68.6,66.07,505210.0
8740,0.0,0.776450354427097,64.65,66.07,505210.0
8741,0.0,0.696573876605937,66.89,66.07,126302.5
8742,0.0,0.741045329483616,69.17,66.07,0.0
8743,0.0,0.745171588961436,71.14,66.07,0.0
8744,3.11156257935071e-06,0.793113099506755,80.2,66.07,0.0
8745,0.0159211346902084,0.826358908017693,86.3,66.07,0.0
8746,0.0820519224941176,0.852552937518651,87.06,66.07,0.0
8747,0.13436183897999,0.864988696142627,83.71,66.07,0.0
8748,0.048795338172841,0.874908920751132,78.88,66.07,0.0
8749,0.0670940368517694,0.825368355761374,82.86,66.07,0.0
8750,0.028830412137723,0.830953883074212,80.5,66.07,0.0
8751,0.0036581627060736,0.837515901176007,83.7,66.07,0.0
8752,0.0,0.850510899980782,92.42,66.07,0.0
8753,0.0,0.81608236582626,96.97,66.07,0.0
8754,0.0,0.85780411438535,109.97,66.07,0.0
8755,0.0,0.829174326260415,100.0,66.07,0.0
8756,0.0,0.814759853573253,86.62,66.07,0.0
8757,0.0,0.830485167495512,74.83,66.07,0.0
8758,0.0,0.856358908017692,68.02,66.07,0.0
8759,0.0,0.856358908017692,67.26,66.07,0.0
8760,0.0,0.85780411438535,35.66,66.07,0.0
